anchor_text,n_destinations,total_links,destination,links_with_this_anchor,example_source
español,1080,1080,https://www.gjel.com/es/5-pasos-esenciales-despues-de-un-accidente-de-auto-en-california,1,https://www.gjel.com/5-essential-steps-after-car-accident-california
español,1080,1080,https://www.gjel.com/es/abogado-de-lesiones-por-amputacion-california,1,https://www.gjel.com/amputation-injury-lawyer-california
español,1080,1080,https://www.gjel.com/es/estadisticas-de-accidentes-de-motocicleta-2023,1,https://www.gjel.com/2023-motorcycle-crash-statistics
español,1080,1080,https://www.gjel.com/es/abogado-de-lesiones-por-quemaduras-con-acido,1,https://www.gjel.com/acid-burn-injury-lawyer
español,1080,1080,https://www.gjel.com/es,1,https://www.gjel.com/
español,1080,1080,https://www.gjel.com/es/abogado-de-lesiones-por-amputacion-california/calculadora-de-compensacion,1,https://www.gjel.com/amputation-injury-lawyer-california/settlement-calculator
español,1080,1080,https://www.gjel.com/es/abogados-de-lesiones-por-amputacion/puedo-recibir-asistencia-financiera,1,https://www.gjel.com/amputation-injury-lawyers/can-recover-financial-assistance
español,1080,1080,https://www.gjel.com/es/abogados-de-lesiones-por-amputacion/papel-del-abogado-en-la-recuperacion,1,https://www.gjel.com/amputation-injury-lawyers/role-attorney-recovery
español,1080,1080,https://www.gjel.com/es/abogados-de-lesiones-por-amputacion/entendiendo-los-diferentes-tipos,1,https://www.gjel.com/amputation-injury-lawyers/understanding-different-types
español,1080,1080,https://www.gjel.com/es/acerca-de/viaje-gratis-en-taxi-para-las-fiestas,1,https://www.gjel.com/about/free-holiday-cab-ride
español,1080,1080,https://www.gjel.com/es/acerca-de/firma,1,https://www.gjel.com/about/firm
español,1080,1080,https://www.gjel.com/es/acerca-de/resultados,1,https://www.gjel.com/about/results
español,1080,1080,https://www.gjel.com/es/abogado-de-lesiones-por-quemaduras-con-acido/calculadora-de-acuerdos,1,https://www.gjel.com/acid-burn-injury-lawyer/settlement-calculator
español,1080,1080,https://www.gjel.com/es/abogados-de-lesiones-por-amputacion/entendiendo-los-gastos-medicos,1,https://www.gjel.com/amputation-injury-lawyers/understanding-medical-expenses
español,1080,1080,https://www.gjel.com/es/acerca-de/nuestro-historial-de-resultados,1,https://www.gjel.com/about/our-track-record
español,1080,1080,https://www.gjel.com/es/abogados-de-lesiones-por-amputacion/calculadora-de-compensacion,1,https://www.gjel.com/amputation-injury-lawyers/settlement-calculator
español,1080,1080,https://www.gjel.com/es/acerca-de/participacion-comunitaria,1,https://www.gjel.com/about/community-involvement
español,1080,1080,https://www.gjel.com/es/abogados-de-lesiones-por-amputacion/que-tipo-de-compensacion-puedo-recibir-por-mi-amputacion,1,https://www.gjel.com/amputation-injury-lawyers/what-kind-of-compensation-can-i-receive-for-my-amputation
español,1080,1080,https://www.gjel.com/es/abogados-de-lesiones-por-amputacion,1,https://www.gjel.com/amputation-injury-lawyers
español,1080,1080,https://www.gjel.com/es/andrew-gillin,1,https://www.gjel.com/andrew-gillin
español,1080,1080,https://www.gjel.com/es/andrew-gillin/andy-gillin-reconocido-como-el-1-por-ciento-de-los-mejores-abogados-del-pais-por-la-national-association-of-distinguished-counsel,1,https://www.gjel.com/andrew-gillin/andy-gillin-awarded-nations-top-one-attorney-percent-by-the-national-association-of-distinguished-counsel
español,1080,1080,https://www.gjel.com/es/antioch,1,https://www.gjel.com/antioch
español,1080,1080,https://www.gjel.com/es/antioch/abogado-de-accidentes-de-bicicleta,1,https://www.gjel.com/antioch/bicycle-accident-lawyer
español,1080,1080,https://www.gjel.com/es/antioch/abogados-de-amputaciones,1,https://www.gjel.com/antioch/amputation-injury-lawyers
español,1080,1080,https://www.gjel.com/es/antioch/abogados-de-accidentes-de-auto/carreteras-e-intersecciones-mas-peligrosas-en-antioch,1,https://www.gjel.com/antioch/car-accident-attorneys/most-dangerous-roads-intersections-in-antioch
español,1080,1080,https://www.gjel.com/es/antioch/abogados-de-lesiones-cerebrales,1,https://www.gjel.com/antioch/brain-injury-lawyers
español,1080,1080,https://www.gjel.com/es/antioch/abogados-de-accidentes-de-motocicleta,1,https://www.gjel.com/antioch/motorcycle-accident-lawyers
español,1080,1080,https://www.gjel.com/es/antioch/accidentes-de-scooter,1,https://www.gjel.com/antioch/scooter-accidents
español,1080,1080,https://www.gjel.com/es/antioch/accidentes-de-camion,1,https://www.gjel.com/antioch/truck-accidents
español,1080,1080,https://www.gjel.com/es/antioch/abogados-de-muerte-por-negligencia-antioch,1,https://www.gjel.com/antioch/wrongful-death-lawyers-antioch
español,1080,1080,https://www.gjel.com/es/archives/acuerdo-de-100k-para-peaton-en-san-diego,1,https://www.gjel.com/archives/100k-pedestrian-settlement-in-san-diego
español,1080,1080,https://www.gjel.com/es/archives/acuerdo-de-737k-por-accidente-de-bicicleta-en-contra-costa,1,https://www.gjel.com/archives/737k-bike-accident-settlement-in-contra-costa
español,1080,1080,https://www.gjel.com/es/archives/acuerdo-de-420k-por-accidente-de-auto-en-monterey,1,https://www.gjel.com/archives/420k-car-crash-settlement-in-monterey
español,1080,1080,https://www.gjel.com/es/archives/15-consejos-de-seguridad-para-el-regreso-a-clases-para-ninos-y-conductores,1,https://www.gjel.com/archives/15-back-to-school-safety-tips-for-kids-and-drivers
español,1080,1080,https://www.gjel.com/es/archives/acuerdo-de-100k-por-accidente-de-bicicleta-en-union-city,1,https://www.gjel.com/archives/100k-bike-accident-settlement-in-union-city
español,1080,1080,https://www.gjel.com/es/archives/acuerdo-de-400k-por-lesion-de-rodilla-en-motocicleta,1,https://www.gjel.com/archives/400k-motorcycle-knee-injury-settlement
español,1080,1080,https://www.gjel.com/es/archives/acuerdo-de-1m-por-colision-con-camion-semi,1,https://www.gjel.com/archives/1m-semi-truck-collision-settlement
español,1080,1080,https://www.gjel.com/es/archives/abogado-y-profesor-estadounidense-peter-erlinder-arrestado-en-ruanda-por-cargos-de-negacion-de-genocidio,1,https://www.gjel.com/archives/american-lawyer-and-professor-peter-erlinder-arrested-in-rwanda-on-genocide-denial-charges
español,1080,1080,https://www.gjel.com/es/archives/bart-de-berkeley-reabre-tras-colision-en-las-vias,1,https://www.gjel.com/archives/berkeley-bart-reopens-after-track-collision
español,1080,1080,https://www.gjel.com/es/archives/accidente-de-bicicleta-en-north-highlands,1,https://www.gjel.com/archives/bicycle-accident-in-north-highlands
español,1080,1080,https://www.gjel.com/es/archives/acuerdo-de-212k-por-accidente-de-bicicleta-en-napa,1,https://www.gjel.com/archives/212k-bicycle-accident-settlement-in-napa
español,1080,1080,https://www.gjel.com/es/archives/accidente-de-bicicleta-en-santa-clara-acuerdo-de-100k,1,https://www.gjel.com/archives/bike-accident-in-santa-clara-100k-settlement
español,1080,1080,https://www.gjel.com/es/archives/compra-una-bicicleta-y-recibe-un-casco-desde-ahora-hasta-el-31-de-agosto-en-tiendas-de-bicicletas-locales-seleccionadas,1,https://www.gjel.com/archives/buy-a-bike-get-a-helmet-now-through-august-31st-at-select-local-bike-shops
español,1080,1080,https://www.gjel.com/es/archives/resultados-de-encuesta-sobre-seguridad-de-cascos-de-bicicleta-las-leyes-de-cascos-deben-cubrir-a-los-ninos,1,https://www.gjel.com/archives/bike-helmet-safety-survey-results-helmet-laws-should-cover-children
español,1080,1080,https://www.gjel.com/es/archives/acuerdo-por-accidente-de-bicicleta-en-el-condado-de-santa-clara,1,https://www.gjel.com/archives/bicycle-accident-settlement-in-santa-clara-county
español,1080,1080,https://www.gjel.com/es/archives/los-carriles-para-bicicletas-verde-brillante-ayudan-a-aumentar-la-conciencia-de-los-conductores-sobre-los-ciclistas-y-mejoran-la-seguridad-de-los-ciclistas,1,https://www.gjel.com/archives/bright-green-bike-lanes-help-increase-driver-awareness-of-cyclists-boost-biker-safety
español,1080,1080,https://www.gjel.com/es/archives/demandas-por-el-derrame-de-petroleo-de-bp-enviadas-a-nueva-orleans,1,https://www.gjel.com/archives/bp-oil-spill-lawsuits-sent-to-new-orleans
español,1080,1080,https://www.gjel.com/es/archives/legisladores-de-california-se-toman-en-serio-la-seguridad-en-bicicleta,1,https://www.gjel.com/archives/california-lawmakers-get-serious-about-bike-safety
español,1080,1080,https://www.gjel.com/es/archives/acuerdo-de-195k-por-accidente-de-auto-en-pleasanton,1,https://www.gjel.com/archives/car-accident-195k-settlement-in-pleasanton
español,1080,1080,https://www.gjel.com/es/archives/acuerdo-de-275k-por-accidente-de-auto-en-fremont,1,https://www.gjel.com/archives/car-accident-settlement-275k-in-fremont
español,1080,1080,https://www.gjel.com/es/archives/acuerdo-de-100k-por-accidente-de-auto-en-contra-costa,1,https://www.gjel.com/archives/contra-costa-car-accident-100k-settlement
español,1080,1080,https://www.gjel.com/es/archives/implantes-de-cadera-depuy-culpados-por-cirugias-de-cadera-defectuosas-en-california,1,https://www.gjel.com/archives/depuy-hip-implants-blamed-for-faulty-california-hip-surgeries
español,1080,1080,https://www.gjel.com/es/archives/tribunal-protege-a-google-maps-de-demandas-por-lesiones-a-peatones,1,https://www.gjel.com/archives/court-shields-google-maps-pedestrian-injury-lawsuits
español,1080,1080,https://www.gjel.com/es/archives/chp-multa-a-168-conductores-de-alameda-en-menos-de-4-horas-por-no-ceder-el-paso-a-peatones,1,https://www.gjel.com/archives/chp-tickets-168-alameda-drivers-in-less-than-4-hours-for-not-yielding-to-pedestrians
español,1080,1080,https://www.gjel.com/es/archives/accidente-de-bicicleta-electrica-y-fuga,1,https://www.gjel.com/archives/electric-bike-hit-and-run-accident
español,1080,1080,https://www.gjel.com/es/archives/los-informes-de-lesiones-por-accidentes-de-bicicleta-mejoran-la-seguridad-o-asustan-a-los-posibles-ciclistas,1,https://www.gjel.com/archives/do-bicycle-accident-injury-reports-improve-safety-or-scare-potential-cyclists
español,1080,1080,https://www.gjel.com/es/archives/acuerdo-por-accidente-de-colision-en-walnut-creek,1,https://www.gjel.com/archives/collision-accident-settlement-in-walnut-creek
español,1080,1080,https://www.gjel.com/es/archives/ocho-heridos-en-volcadura-de-suv-en-el-condado-de-fresno,1,https://www.gjel.com/archives/eight-injured-in-fresno-county-suv-rollover-crash
español,1080,1080,https://www.gjel.com/es/archives/lesiones-de-conductor-de-camion-volquete-en-choque,1,https://www.gjel.com/archives/dump-truck-driver-crash-injuries
español,1080,1080,https://www.gjel.com/es/archives/accidente-fatal-de-atropello-y-fuga-en-atwater,1,https://www.gjel.com/archives/fata-hit-and-run-accident-in-atwater
español,1080,1080,https://www.gjel.com/es/archives/proponen-ley-de-caminar-distraido-para-frenar-el-aumento-de-accidentes-de-peatones,1,https://www.gjel.com/archives/distracted-walking-law-proposed-to-ease-uptick-in-pedestrian-accidents
español,1080,1080,https://www.gjel.com/es/archives/invasiones-en-oleoducto-de-combustible-de-alta-presion-a-lo-largo-del-sendero-iron-horse-generan-gran-preocupacion-de-seguridad,1,https://www.gjel.com/archives/encroachments-on-high-pressure-jet-fuel-pipeline-along-iron-horse-trail-create-major-safety-concern
español,1080,1080,https://www.gjel.com/es/archives/auto-de-conductor-anciano-sale-volando-en-choque-en-dublin,1,https://www.gjel.com/archives/elderly-drivers-car-goes-airborne-in-dublin-crash
español,1080,1080,https://www.gjel.com/es/archives/accidente-fatal-de-bicicleta-en-el-condado-de-merced,1,https://www.gjel.com/archives/fata-bicycle-accident-in-merced-county
español,1080,1080,https://www.gjel.com/es/archives/accidente-fatal-de-bicicleta-en-petaluma,1,https://www.gjel.com/archives/fatal-bicycle-accident-in-petaluma
español,1080,1080,https://www.gjel.com/es/archives/accidente-fatal-por-dui-en-el-condado-de-fresno-un-muerto,1,https://www.gjel.com/archives/fatal-dui-crash-in-fresno-county-one-dead
español,1080,1080,https://www.gjel.com/es/archives/accidente-fatal-en-canal-en-el-condado-de-sutter-resalta-preocupaciones-de-seguridad-en-carreteras-rurales,1,https://www.gjel.com/archives/fatal-canal-accident-in-sutter-county-highlights-rural-road-safety-concerns
español,1080,1080,https://www.gjel.com/es/archives/tragica-colision-frontal-en-gilroy-cobra-la-vida-de-conductor-anciano-de-san-mateo,1,https://www.gjel.com/archives/fatal-head-on-collision-in-gilroy-claims-life-of-elderly-san-mateo-driver
español,1080,1080,https://www.gjel.com/es/archives/colision-frontal-fatal-en-fairfield-cobra-la-vida-de-un-conductor-joven,1,https://www.gjel.com/archives/fatal-head-on-collision-in-fairfield-claims-life-of-young-driver
español,1080,1080,https://www.gjel.com/es/archives/accidente-mortal-de-bicicleta-preocupaciones-de-seguridad-para-ciclistas-en-elk-grove,1,https://www.gjel.com/archives/fatal-bicycle-accident-safety-concerns-for-cyclists-in-elk-grove
español,1080,1080,https://www.gjel.com/es/archives/colision-fatal-de-camion-en-la-carretera-20-cerca-de-williams-resalta-riesgos-en-carreteras-rurales,1,https://www.gjel.com/archives/fatal-big-rig-collision-on-highway-20-near-williams-highlights-rural-road-risks
español,1080,1080,https://www.gjel.com/es/archives/choque-en-cadena-fatal-en-fresno,1,https://www.gjel.com/archives/fatal-chain-reaction-crash-in-fresno
español,1080,1080,https://www.gjel.com/es/archives/accidente-fatal-de-dui-cobra-la-vida-de-hombre-de-67-anos,1,https://www.gjel.com/archives/fatal-dui-crash-claims-life-of-67-year-old-man
español,1080,1080,https://www.gjel.com/es/archives/accidente-fatal-de-motocicleta-cobra-la-vida-de-motociclista,1,https://www.gjel.com/archives/fatal-motorcycle-accident-claims-life-of-motorcyclist
español,1080,1080,https://www.gjel.com/es/archives/choque-frontal-fatal-en-monterey,1,https://www.gjel.com/archives/fatal-head-on-collision-in-monterey
español,1080,1080,https://www.gjel.com/es/archives/atropello-y-fuga-fatal-en-el-condado-de-san-bernardino,1,https://www.gjel.com/archives/fatal-hit-and-run-in-san-bernardino-county
español,1080,1080,https://www.gjel.com/es/archives/colision-frontal-fatal-en-la-carretera-132-cobra-una-vida-hiere-a-dos-en-el-condado-de-stanislaus,1,https://www.gjel.com/archives/fatal-head-on-collision-on-highway-132-claims-one-life-injures-two-in-stanislaus-county
español,1080,1080,https://www.gjel.com/es/archives/accidente-mortal-de-scooter-de-movilidad-cobra-una-vida,1,https://www.gjel.com/archives/fatal-mobility-scooter-accident-claims-life
español,1080,1080,https://www.gjel.com/es/archives/accidente-fatal-de-motocicleta-carretera-99-sacramento,1,https://www.gjel.com/archives/fatal-motorcycle-accident-highway-99-sacramento
español,1080,1080,https://www.gjel.com/es/archives/accidente-fatal-de-motocicleta-en-oakland-peligros-de-infracciones-de-transito,1,https://www.gjel.com/archives/fatal-motorcycle-accident-in-oakland-dangers-of-traffic-violations
español,1080,1080,https://www.gjel.com/es/archives/accidente-fatal-de-motocicleta-en-sacramento,1,https://www.gjel.com/archives/fatal-motorcycle-accident-in-sacramento
español,1080,1080,https://www.gjel.com/es/archives/accidente-fatal-de-motocicleta-derechos-legales,1,https://www.gjel.com/archives/fatal-motorcycle-accident-legal-rights
español,1080,1080,https://www.gjel.com/es/archives/accidente-mortal-de-motocicleta-en-el-puente-benicia-martinez,1,https://www.gjel.com/archives/fatal-motorcycle-accident-on-benicia-martinez-bridge
español,1080,1080,https://www.gjel.com/es/archives/accidente-peatonal-fatal-en-el-centro-de-fresno,1,https://www.gjel.com/archives/fatal-pedestrian-accident-central-fresno
español,1080,1080,https://www.gjel.com/es/archives/choque-fatal-de-camion-semirremolque-cobra-la-vida-de-conductor,1,https://www.gjel.com/archives/fatal-semi-truck-collision-claims-life-of-driver
español,1080,1080,https://www.gjel.com/es/archives/accidente-peatonal-fatal-en-san-jose,1,https://www.gjel.com/archives/fatal-pedestrian-accident-san-jose
español,1080,1080,https://www.gjel.com/es/archives/accidente-fatal-de-peaton-cobra-una-vida,1,https://www.gjel.com/archives/fatal-pedestrian-accident-claims-life
español,1080,1080,https://www.gjel.com/es/archives/accidente-fatal-de-motocicleta-y-camion-en-san-francisco,1,https://www.gjel.com/archives/fatal-motorcycle-and-truck-accident-in-san-francisco
español,1080,1080,https://www.gjel.com/es/archives/accidente-fatal-de-peaton-berkeley,1,https://www.gjel.com/archives/fatal-pedestrian-accident-berkeley
español,1080,1080,https://www.gjel.com/es/archives/accidente-fatal-de-autobus-muni-en-san-francisco-resalta-peligrosos-giros-a-la-izquierda,1,https://www.gjel.com/archives/fatal-san-francisco-muni-bus-accident-dangerous-left-turns
español,1080,1080,https://www.gjel.com/es/archives/volcadura-mortal-un-muerto-y-otros-heridos,1,https://www.gjel.com/archives/fatal-rollover-crash-one-dead-others-injured
español,1080,1080,https://www.gjel.com/es/archives/accidente-fatal-de-siete-vehiculos-mata-a-transeunte,1,https://www.gjel.com/archives/fatal-seven-vehicle-crash-kills-bystander
español,1080,1080,https://www.gjel.com/es/archives/accidente-mortal-de-peaton-en-fairmont,1,https://www.gjel.com/archives/fatal-pedestrian-crash-accident-on-fairmont
español,1080,1080,https://www.gjel.com/es/archives/accidente-peatonal-mortal-preocupaciones-de-seguridad,1,https://www.gjel.com/archives/fatal-pedestrian-accident-safety-concerns
español,1080,1080,https://www.gjel.com/es/archives/accidente-fatal-contra-poste-de-electricidad-en-el-condado-de-madera-entienda-sus-derechos-legales-tras-accidentes-de-un-solo-vehiculo,1,https://www.gjel.com/archives/fatal-power-pole-crash-in-madera-county-understanding-your-legal-rights-after-single-vehicle-accidents
español,1080,1080,https://www.gjel.com/es/archives/accidente-fatal-de-un-solo-vehiculo-en-calistoga,1,https://www.gjel.com/archives/fatal-single-vehicle-accident-in-calistoga
español,1080,1080,https://www.gjel.com/es/archives/accidente-fatal-de-peaton-preocupaciones-de-seguridad-vial-en-el-condado-de-alameda,1,https://www.gjel.com/archives/fatal-pedestrian-accident-highway-safety-concerns-in-alameda-county
español,1080,1080,https://www.gjel.com/es/archives/fatal-accidente-de-un-solo-vehiculo-en-el-condado-de-napa-resalta-los-peligros-de-conducir-bajo-los-efectos-y-a-alta-velocidad,1,https://www.gjel.com/archives/fatal-solo-vehicle-crash-in-napa-county-highlights-dangers-of-impaired-and-high-speed-driving
español,1080,1080,https://www.gjel.com/es/archives/accidente-fatal-de-un-solo-vehiculo-en-el-norte-de-sacramento,1,https://www.gjel.com/archives/fatal-solo-vehicle-crash-in-north-sacramento
español,1080,1080,https://www.gjel.com/es/archives/colision-mortal-de-trafico-bajo-investigacion-en-santa-clara,1,https://www.gjel.com/archives/fatal-traffic-collision-under-investigation-in-santa-clara
español,1080,1080,https://www.gjel.com/es/archives/choque-fatal-de-tres-vehiculos-entendiendo-las-consecuencias,1,https://www.gjel.com/archives/fatal-three-vehicle-crash-understanding-the-aftermath
español,1080,1080,https://www.gjel.com/es/archives/accidente-de-volcadura-de-camion-de-propano-en-el-condado-de-fresno,1,https://www.gjel.com/archives/fresno-county-propane-truck-rollover-crash
español,1080,1080,https://www.gjel.com/es/archives/colision-frontal-en-el-condado-de-stanislaus,1,https://www.gjel.com/archives/head-on-collision-in-stanislaus-county
español,1080,1080,https://www.gjel.com/es/archives/accidente-laboral-mortal-en-sitio-de-construccion,1,https://www.gjel.com/archives/fatal-workplace-accident-at-construction-site
español,1080,1080,https://www.gjel.com/es/archives/accidente-mortal-de-dos-vehiculos-cobra-la-vida-de-pasajera,1,https://www.gjel.com/archives/fatal-two-vehicle-crash-claims-life-of-passenger
español,1080,1080,https://www.gjel.com/es/archives/accidente-de-atv-en-fresno-adolescente-fallecido,1,https://www.gjel.com/archives/fresno-atv-accident-teen-fatality
español,1080,1080,https://www.gjel.com/es/archives/cinco-heridos-luego-de-que-auto-atropella-peatones-y-poste-en-stockton,1,https://www.gjel.com/archives/five-injured-after-car-strikes-pedestrians-and-pole-in-stockton
español,1080,1080,https://www.gjel.com/es/archives/buenas-noticias-para-abogados-en-redes-sociales,1,https://www.gjel.com/archives/good-news-for-lawyers-on-social-media
español,1080,1080,https://www.gjel.com/es/archives/las-muertes-de-peatones-relacionadas-con-audifonos-aumentan-un-300-por-ciento-desde-2004,1,https://www.gjel.com/archives/headphone-related-pedestrian-deaths-up-300-percent-since-2004
español,1080,1080,https://www.gjel.com/es/archives/las-gafas-de-google-podrian-ser-tanto-una-bendicion-como-una-maldicion-para-conductores-y-peatones,1,https://www.gjel.com/archives/google-glasses-could-be-both-a-blessing-and-a-curse-to-drivers-and-pedestrians-alike
español,1080,1080,https://www.gjel.com/es/archives/accidente-de-multiples-vehiculos-en-la-carretera-99-lesiones,1,https://www.gjel.com/archives/highway-99-multi-vehicle-crash-injuries
español,1080,1080,https://www.gjel.com/es/archives/cuanto-tiempo-puedo-esperar-para-presentar-una-demanda,1,https://www.gjel.com/archives/how-soon-to-file-lawsuit
español,1080,1080,https://www.gjel.com/es/archives/acuerdo-por-conmocion-cerebral-de-tecnico-de-hvac,1,https://www.gjel.com/archives/hvac-technician-concussion-settlement
español,1080,1080,https://www.gjel.com/es/archives/sospechoso-de-atropello-y-fuga-choca-contra-edificio,1,https://www.gjel.com/archives/hit-and-run-suspect-crashes-into-building
español,1080,1080,https://www.gjel.com/es/archives/acuerdo-de-100k-por-circular-entre-carriles-en-el-condado-de-alameda,1,https://www.gjel.com/archives/lane-splitting-100k-settlement-in-alameda-county
español,1080,1080,https://www.gjel.com/es/archives/un-incidente-en-littleton-recuerda-a-los-ciclistas-que-siempre-deben-tener-precaucion,1,https://www.gjel.com/archives/incident-in-littleton-reminds-cyclists-to-always-exercise-caution
español,1080,1080,https://www.gjel.com/es/archives/lesiones-en-accidente-de-volcadura-en-fresno,1,https://www.gjel.com/archives/injuries-in-a-rollover-accident-in-fresno
español,1080,1080,https://www.gjel.com/es/archives/luisiana-considera-recortar-el-financiamiento-de-la-clinica-de-derecho-ambiental-de-la-universidad-de-tulane,1,https://www.gjel.com/archives/louisiana-considers-cutting-tulane-university-environmental-law-clinic-funding
español,1080,1080,https://www.gjel.com/es/archives/estudiantes-de-derecho-sin-empleo-intenta-demandar-a-tu-escuela,1,https://www.gjel.com/archives/law-students-no-job-try-suing-your-school
español,1080,1080,https://www.gjel.com/es/archives/lista-de-accidentes-fatales-de-peatones-en-san-francisco-2011,1,https://www.gjel.com/archives/list-of-fatal-san-francisco-pedestrian-accidents-2011
español,1080,1080,https://www.gjel.com/es/archives/choque-con-lesiones-graves-en-la-i-80-en-fairfield,1,https://www.gjel.com/archives/major-injury-crash-on-i-80-in-fairfield
español,1080,1080,https://www.gjel.com/es/archives/choque-con-lesiones-graves-en-rampa-de-acceso-de-la-us-101-en-salinas,1,https://www.gjel.com/archives/major-injury-crash-on-us-101-on-ramp-in-salinas
español,1080,1080,https://www.gjel.com/es/archives/hombre-lesionado-en-accidente-de-motocicleta,1,https://www.gjel.com/archives/man-injured-in-a-motorcycle-accident
español,1080,1080,https://www.gjel.com/es/archives/hombre-hospitalizado-despues-de-un-accidente-de-motocicleta,1,https://www.gjel.com/archives/man-hospitalized-after-a-motorcycle-accident
español,1080,1080,https://www.gjel.com/es/archives/ley-de-casco-obligatorio-anulada-ahora-que,1,https://www.gjel.com/archives/mandatory-helmet-law-gutted-now-what
español,1080,1080,https://www.gjel.com/es/archives/lesiones-menores-en-choque-por-giro-en-u-en-el-condado-de-yuba,1,https://www.gjel.com/archives/minor-injuries-u-turn-crash-in-yuba-county
español,1080,1080,https://www.gjel.com/es/archives/acuerdo-de-300k-por-accidente-de-motocicleta,1,https://www.gjel.com/archives/motorcycle-accident-300k-settlement
español,1080,1080,https://www.gjel.com/es/archives/accidente-de-motocicleta-en-napa-acuerdo-de-200k,1,https://www.gjel.com/archives/motorcycle-accident-in-napa-200k-settlement
español,1080,1080,https://www.gjel.com/es/archives/mas-taxis-en-san-francisco-significa-menos-autos-y-calles-mas-seguras,1,https://www.gjel.com/archives/more-taxis-in-san-francisco-equals-fewer-cars-safer-streets
español,1080,1080,https://www.gjel.com/es/archives/acuerdo-por-accidente-de-motocicleta-en-el-condado-de-marin,1,https://www.gjel.com/archives/motorcycle-accident-settlement-in-marin-county
español,1080,1080,https://www.gjel.com/es/archives/accidente-de-motocicleta-en-fresno,1,https://www.gjel.com/archives/motorcycle-accident-in-fresno
español,1080,1080,https://www.gjel.com/es/archives/choque-de-multiples-vehiculos-deja-varios-heridos,1,https://www.gjel.com/archives/multi-vehicle-crash-leaves-several-injured
español,1080,1080,https://www.gjel.com/es/archives/choque-de-multiples-vehiculos-causa-gran-interrupcion-de-trafico,1,https://www.gjel.com/archives/multi-vehicle-crash-causes-major-traffic-disruption
español,1080,1080,https://www.gjel.com/es/archives/colision-de-multiples-vehiculos-en-oakland,1,https://www.gjel.com/archives/multi-vehicle-collision-in-oakland
español,1080,1080,https://www.gjel.com/es/archives/motociclista-muerto-en-sospechoso-choque-fatal-por-dui,1,https://www.gjel.com/archives/motorcyclist-killed-in-suspected-fatal-dui-collision
español,1080,1080,https://www.gjel.com/es/archives/choque-de-multiples-vehiculos-en-san-francisco,1,https://www.gjel.com/archives/multi-vehicle-crash-in-san-francisco
español,1080,1080,https://www.gjel.com/es/archives/conductor-atropella-a-ciclista-y-amenaza-con-demandar-por-danos-al-vehiculo,1,https://www.gjel.com/archives/motorist-strikes-cyclist-threatens-to-sue-for-damage-to-vehicle
español,1080,1080,https://www.gjel.com/es/archives/colision-de-multiples-vehiculos-causa-grandes-retrasos,1,https://www.gjel.com/archives/multi-vehicle-collision-causes-extensive-delays
español,1080,1080,https://www.gjel.com/es/archives/choque-de-multiples-vehiculos-sacramento,1,https://www.gjel.com/archives/multi-vehicle-crash-sacramento
español,1080,1080,https://www.gjel.com/es/archives/multiples-lesionados-en-choque-en-modesto,1,https://www.gjel.com/archives/multiple-injuries-in-modesto-crash
español,1080,1080,https://www.gjel.com/es/archives/accidente-de-trafico-de-multiples-vehiculos-hiere-a-personas,1,https://www.gjel.com/archives/multi-vehicle-traffic-accident-injures-people
español,1080,1080,https://www.gjel.com/es/archives/nuevo-aparato-de-conduccion-distraida-podria-facilitar-enviar-mensajes-de-texto,1,https://www.gjel.com/archives/new-distracted-driving-gizmo-could-make-it-easier-to-text
español,1080,1080,https://www.gjel.com/es/archives/choque-de-patrulla-de-policia-en-oakland,1,https://www.gjel.com/archives/oakland-police-car-crash
español,1080,1080,https://www.gjel.com/es/archives/accidente-en-zona-de-construccion-en-napa-deja-hombre-hospitalizado,1,https://www.gjel.com/archives/napa-construction-zone-accident-leaves-man-hospitalized
español,1080,1080,https://www.gjel.com/es/archives/accidente-de-peaton-cobra-una-vida-en-stockton,1,https://www.gjel.com/archives/pedestrian-accident-claims-life-in-stockton
español,1080,1080,https://www.gjel.com/es/archives/lesiones-por-accidente-de-peaton-en-sacramento,1,https://www.gjel.com/archives/pedestrian-accident-injuries-in-sacramento
español,1080,1080,https://www.gjel.com/es/archives/acuerdo-por-lesion-de-peaton-en-walnut-creek,1,https://www.gjel.com/archives/pedestrian-injury-settlement-in-walnut-creek
español,1080,1080,https://www.gjel.com/es/archives/peatones-mueren-en-tasas-desproporcionadas-en-los-barrios-mas-pobres-de-estados-unidos,1,https://www.gjel.com/archives/pedestrians-dying-at-disproportionate-rates-in-americas-poorer-neighborhoods
español,1080,1080,https://www.gjel.com/es/archives/demandante-por-lesiones-personales-ordenado-a-revelar-datos-de-facebook,1,https://www.gjel.com/archives/personal-injury-plaintiff-ordered-to-reveal-facebook-data
español,1080,1080,https://www.gjel.com/es/archives/organizacion-de-pediatria-cambia-consejos-sobre-asientos-de-auto-para-reducir-lesiones-y-muertes-por-accidentes,1,https://www.gjel.com/archives/pediatrics-organization-alters-car-seat-advice-to-reduce-accident-injuries-and-fatalities
español,1080,1080,https://www.gjel.com/es/archives/pge-evade-la-culpa-en-demandas-por-explosion-del-oleoducto-de-san-bruno,1,https://www.gjel.com/archives/pge-san-bruno-pipeline-explosion-lawsuits-blame
español,1080,1080,https://www.gjel.com/es/archives/pleasant-hill-california-lanza-un-plan-para-reducir-los-accidentes-de-peatones-y-bicicletas,1,https://www.gjel.com/archives/pleasant-hill-california-launches-plan-to-reduce-pedestrian-bicycle-accidents
español,1080,1080,https://www.gjel.com/es/archives/choque-contra-edificio-de-oficina-postal-en-san-jose,1,https://www.gjel.com/archives/post-office-building-crash-in-san-jose
español,1080,1080,https://www.gjel.com/es/archives/portland-continua-invirtiendo-en-ciclismo-a-pesar-de-las-continuas-restricciones-presupuestarias,1,https://www.gjel.com/archives/portland-continues-to-invest-in-biking-amid-ongoing-budget-constraints
español,1080,1080,https://www.gjel.com/es/archives/mujer-embarazada-muere-en-choque-fatal-en-san-jose,1,https://www.gjel.com/archives/pregnant-woman-dies-in-san-jose-fatal-collision
español,1080,1080,https://www.gjel.com/es/archives/colision-por-alcance-en-mountain-view,1,https://www.gjel.com/archives/rear-end-collision-in-mountain-view
español,1080,1080,https://www.gjel.com/es/archives/acuerdo-de-100k-por-colision-trasera-en-oakley,1,https://www.gjel.com/archives/rear-end-settlement-100k-in-oakley
español,1080,1080,https://www.gjel.com/es/archives/accidente-mortal-de-peaton-en-redwood-city,1,https://www.gjel.com/archives/redwood-city-fatal-pedestrian-accident
español,1080,1080,https://www.gjel.com/es/archives/sensores-de-trafico-en-san-jose-podrian-mejorar-la-seguridad-de-bicicletas-y-motocicletas,1,https://www.gjel.com/archives/san-jose-traffic-sensors-bike-motorcycle-safety
español,1080,1080,https://www.gjel.com/es/archives/accidente-de-bicicleta-en-sacramento-concientizacion-sobre-seguridad-de-ciclistas,1,https://www.gjel.com/archives/sacramento-bicycle-accident-cyclist-safety-awareness
español,1080,1080,https://www.gjel.com/es/archives/accidente-peatonal-fatal-en-santa-cruz,1,https://www.gjel.com/archives/santa-cruz-fatal-pedestrian-accident
español,1080,1080,https://www.gjel.com/es/archives/accidente-de-bicicleta-en-sacramento-ciclista-atropellado,1,https://www.gjel.com/archives/sacramento-bicycle-accident-cyclist-struck
español,1080,1080,https://www.gjel.com/es/archives/accidente-de-peaton-en-san-francisco-resalta-necesidad-urgente-de-seguridad-vial,1,https://www.gjel.com/archives/san-francisco-pedestrian-accident-death-highlights-urgent-street-safety-need
español,1080,1080,https://www.gjel.com/es/archives/luz-de-seguridad-ofrece-a-ciclistas-un-carril-para-bicicletas-portatil-y-casero,1,https://www.gjel.com/archives/safety-light-offers-cyclists-moving-diy-bike-lane
español,1080,1080,https://www.gjel.com/es/archives/atropello-y-fuga-de-peaton-en-sacramento,1,https://www.gjel.com/archives/sacramento-pedestrian-hit-and-run
español,1080,1080,https://www.gjel.com/es/archives/muerte-de-peaton-en-san-francisco-demuestra-la-necesidad-de-un-plan-de-seguridad-para-masonic-avenue,1,https://www.gjel.com/archives/san-francisco-pedestrian-accident-death-proves-need-for-masonic-avenue-safety-plan
español,1080,1080,https://www.gjel.com/es/archives/accidente-por-conductor-ebrio-en-santa-rosa-derechos-legales-victimas,1,https://www.gjel.com/archives/santa-rosa-dui-accident-legal-rights-victims
español,1080,1080,https://www.gjel.com/es/archives/el-muni-de-sf-cumple-100-anos-con-una-celebracion-de-una-semana,1,https://www.gjel.com/archives/sf-muni-turns-100-with-weeklong-celebration
español,1080,1080,https://www.gjel.com/es/archives/acuerdo-de-100k-por-accidente-de-scooter-en-brentwood,1,https://www.gjel.com/archives/scooter-accident-100k-settlement-in-brentwood
español,1080,1080,https://www.gjel.com/es/archives/choque-de-camion-semirremolque-deja-dos-con-lesiones-graves,1,https://www.gjel.com/archives/semi-truck-collision-leaves-two-with-major-injuries
español,1080,1080,https://www.gjel.com/es/archives/deberia-la-policia-de-sf-realizar-operativos-contra-la-conduccion-distraida,1,https://www.gjel.com/archives/should-sf-police-set-up-distracted-driving-stings
español,1080,1080,https://www.gjel.com/es/archives/deberian-los-autobuses-escolares-tener-cinturones-de-seguridad-accidente-en-indianapolis-reaviva-el-debate,1,https://www.gjel.com/archives/should-school-buses-have-seat-belts-crash-in-indianapolis-renews-debate
español,1080,1080,https://www.gjel.com/es/archives/choque-en-el-slough-en-stockton,1,https://www.gjel.com/archives/slough-crash-in-stockton
español,1080,1080,https://www.gjel.com/es/archives/tres-lesionados-en-accidente-en-llamas-de-dos-vehiculos-en-interseccion-de-oakdale,1,https://www.gjel.com/archives/three-injured-in-fiery-two-vehicle-crash-at-oakdale-intersection
español,1080,1080,https://www.gjel.com/es/archives/estudiante-de-la-universidad-de-stanford-muere-en-accidente-de-bicicleta,1,https://www.gjel.com/archives/stanford-university-student-killed-in-bicycle-accident
español,1080,1080,https://www.gjel.com/es/archives/tragica-colision-cobra-cuatro-vidas-en-la-ruta-estatal-165-en-el-condado-de-stanislaus,1,https://www.gjel.com/archives/tragic-collision-claims-four-lives-on-state-route-165-in-stanislaus-county
español,1080,1080,https://www.gjel.com/es/archives/el-largo-camino-hacia-la-recuperacion-entendiendo-el-proceso-de-rehabilitacion-despues-de-una-lesion-catastrofica,1,https://www.gjel.com/archives/the-long-road-to-recovery-understanding-the-rehabilitation-process-after-a-catastrophic-injury
español,1080,1080,https://www.gjel.com/es/archives/accidente-de-tres-vehiculos-en-la-carretera-242-cerca-de-concord-avenue-hiere-a-uno,1,https://www.gjel.com/archives/three-vehicle-accident-on-highway-242-near-concord-avenue-injures-one
español,1080,1080,https://www.gjel.com/es/archives/colision-de-trafico-en-tracy-deja-cuatro-personas-lesionadas,1,https://www.gjel.com/archives/tracy-traffic-collision-leaves-four-people-injured
español,1080,1080,https://www.gjel.com/es/archives/tragica-explosion-en-instalacion-de-fuegos-artificiales-en-esparto,1,https://www.gjel.com/archives/tragic-fireworks-facility-explosion-in-esparto
español,1080,1080,https://www.gjel.com/es/archives/tragico-choque-frontal-cobra-dos-vidas-hiere-a-cuatro,1,https://www.gjel.com/archives/tragic-head-on-crash-claims-two-lives-injures-four
español,1080,1080,https://www.gjel.com/es/archives/choque-de-dos-vehiculos-causa-interrupciones-de-trafico,1,https://www.gjel.com/archives/two-vehicle-collision-causes-traffic-disruptions
español,1080,1080,https://www.gjel.com/es/archives/seguridad-ferroviaria-e-invasion-de-vias-reciente-tragico-incidente-de-amtrak-resalta-preocupaciones-de-seguridad-continuas,1,https://www.gjel.com/archives/train-safety-and-trespassing-recent-amtrak-tragic-incident-highlights-ongoing-safety-concerns
español,1080,1080,https://www.gjel.com/es/archives/accidente-de-dos-vehiculos-deja-un-herido-en-oakland,1,https://www.gjel.com/archives/two-vehicle-crash-injures-one-in-oakland
español,1080,1080,https://www.gjel.com/es/archives/choque-de-dos-vehiculos-en-rancho-cordova,1,https://www.gjel.com/archives/two-vehicle-crash-in-rancho-cordova
español,1080,1080,https://www.gjel.com/es/archives/vidas-jovenes-en-riesgo-menores-que-beben-y-conducen-en-concord,1,https://www.gjel.com/archives/young-lives-at-risk-underage-drinking-and-driving-in-concord
español,1080,1080,https://www.gjel.com/es/archives/que-podria-significar-la-demanda-pendiente-de-strava-para-la-empresa-y-sus-usuarios,1,https://www.gjel.com/archives/what-stravas-pending-lawsuit-could-mean-for-the-company-and-its-users
español,1080,1080,https://www.gjel.com/es/archives/volvo-disena-bolsas-de-aire-externas-para-vehiculos-para-aumentar-la-seguridad-de-los-peatones,1,https://www.gjel.com/archives/volvo-designs-external-vehicle-airbags-to-help-increase-pedestrian-safety
español,1080,1080,https://www.gjel.com/es/pago-promedio-por-muerte-en-accidente-de-auto-entendiendo-la-compensacion-por-accidentes-fatales,1,https://www.gjel.com/average-payout-for-car-accident-death-understanding-compensation-for-fatal-accidents
español,1080,1080,https://www.gjel.com/es/archives/choque-de-dos-vehiculos-con-heridos-en-rancho-cordova,1,https://www.gjel.com/archives/two-vehicle-crash-injuries-in-rancho-cordova
español,1080,1080,https://www.gjel.com/es/archives/joven-ciclista-hospitalizado-en-un-accidente-de-bicicleta,1,https://www.gjel.com/archives/young-cyclist-hospitalized-in-a-bicycle-accident
español,1080,1080,https://www.gjel.com/es/los-accidentes-de-motocicleta-se-tratan-diferente-a-los-accidentes-de-auto-en-california,1,https://www.gjel.com/are-motorcycle-accidents-treated-differently-than-car-accidents-in-california
español,1080,1080,https://www.gjel.com/es/archives/accidente-de-bicicleta-en-woodland-california,1,https://www.gjel.com/archives/woodland-california-bicycle-accident
español,1080,1080,https://www.gjel.com/es/archives/aclararian-las-cajas-negras-automotrices-las-demandas-por-accidentes-de-auto,1,https://www.gjel.com/archives/would-automotive-black-boxes-clarify-car-accident-lawsuits
español,1080,1080,https://www.gjel.com/es/archives/acuerdo-por-muerte-injusta-de-2-2m-en-dublin,1,https://www.gjel.com/archives/wrongful-death-settlement-2-2m-in-dublin
español,1080,1080,https://www.gjel.com/es/acuerdo-promedio-de-demanda,1,https://www.gjel.com/average-settlement-lawsuit
español,1080,1080,https://www.gjel.com/es/archives/el-paseo-mundial-en-bicicleta-al-desnudo-busca-promover-comunidades-mas-verdes-y-calles-mas-seguras-para-ciclistas,1,https://www.gjel.com/archives/world-naked-bike-ride-aims-to-promote-greener-communities-and-safer-streets-for-cyclists
español,1080,1080,https://www.gjel.com/es/abogados-de-lesiones-de-espalda,1,https://www.gjel.com/back-injury-attorneys
español,1080,1080,https://www.gjel.com/es/berkeley,1,https://www.gjel.com/berkeley
español,1080,1080,https://www.gjel.com/es/berkeley/accidentes-de-motocicleta,1,https://www.gjel.com/berkeley/motorcycle-accidents
español,1080,1080,https://www.gjel.com/es/berkeley/accidentes-de-bicicleta,1,https://www.gjel.com/berkeley/bicycle-accidents
español,1080,1080,https://www.gjel.com/es/berkeley/lesiones-cerebrales,1,https://www.gjel.com/berkeley/brain-injuries
español,1080,1080,https://www.gjel.com/es/berkeley/accidentes-de-scooter,1,https://www.gjel.com/berkeley/scooter-accidents
español,1080,1080,https://www.gjel.com/es/berkeley/abogados-de-muerte-por-negligencia,1,https://www.gjel.com/berkeley/wrongful-death-attorneys
español,1080,1080,https://www.gjel.com/es/berkeley/accidentes-de-camion,1,https://www.gjel.com/berkeley/truck-accidents
español,1080,1080,https://www.gjel.com/es/berkeley/amputacion,1,https://www.gjel.com/berkeley/amputation
español,1080,1080,https://www.gjel.com/es/blog/los-10-acuerdos-de-lesiones-personales-mas-grandes,1,https://www.gjel.com/blog/10-biggest-personal-injury-settlements
español,1080,1080,https://www.gjel.com/es/blog,1,https://www.gjel.com/blog
español,1080,1080,https://www.gjel.com/es/blog/3-muertos-en-accidente-en-oakland-camioneta-a-exceso-de-velocidad,1,https://www.gjel.com/blog/3-killed-in-oakland-crash-speeding-pickup-truck
español,1080,1080,https://www.gjel.com/es/blog/mujer-de-19-anos-muere-en-colision-fatal-con-camion,1,https://www.gjel.com/blog/19-year-old-woman-dies-in-fatal-big-rig-collision
español,1080,1080,https://www.gjel.com/es/blog/16-year-old-girl-killed-in-dui-crash,1,https://www.gjel.com/blog/16-year-old-girl-killed-in-dui-crash
español,1080,1080,https://www.gjel.com/es/blog/nino-de-3-anos-hospitalizado-tras-accidente-con-camion-de-construccion,1,https://www.gjel.com/blog/3-year-old-child-hospitalized-after-construction-truck-accident
español,1080,1080,https://www.gjel.com/es/blog/colision-frontal-mortal-deja-un-muerto,1,https://www.gjel.com/blog/a-fatal-head-on-collision-kills-one
español,1080,1080,https://www.gjel.com/es/blog/los-nombres-mas-torpes-de-estados-unidos-de-2022,1,https://www.gjel.com/blog/accident-prone-constantly-covered-in-bruises-or-visiting-the-er-see-if-your-name-makes-it-onto-our-list-of-americas-clumsiest-names
español,1080,1080,https://www.gjel.com/es/blog/conductor-imprudente-se-paso-la-luz-roja-resultando-en-acuerdo-de-100000,1,https://www.gjel.com/blog/adverse-reckless-driver-ran-red-light-resulting-in-100000-settlement
español,1080,1080,https://www.gjel.com/es/blog/conductor-de-atv-muere-en-choque-por-alcance,1,https://www.gjel.com/blog/atv-driver-killed-in-rear-end-crash
español,1080,1080,https://www.gjel.com/es/blog/el-baloncesto-nombrado-el-deporte-mas-peligroso-de-estados-unidos,1,https://www.gjel.com/blog/basketball-named-the-most-dangerous-sport-in-america
español,1080,1080,https://www.gjel.com/es/blog/mujer-de-antioch-muere-eyectada-en-accidente-de-un-solo-vehiculo,1,https://www.gjel.com/blog/antioch-woman-killed-ejected-single-vehicle-crash
español,1080,1080,https://www.gjel.com/es/blog/accidente-de-motocicleta-en-arden-arcade-lesiones-graves,1,https://www.gjel.com/blog/arden-arcade-motorcycle-accident-major-injuries
español,1080,1080,https://www.gjel.com/es/blog/conductor-de-atv-muere-en-choque-por-alcance-2,1,https://www.gjel.com/blog/atv-rider-killed-in-rear-end-collision
español,1080,1080,https://www.gjel.com/es/blog/accidente-de-bicicleta-ciclista-gravemente-herido,1,https://www.gjel.com/blog/bicycle-accident-bicyclist-seriously-injured
español,1080,1080,https://www.gjel.com/es/blog/accidente-de-bicicleta-en-camino-rural-del-condado-de-marin,1,https://www.gjel.com/blog/bicycle-accident-on-rural-marin-county-road
español,1080,1080,https://www.gjel.com/es/blog/bicycle-crash-bicyclist-suffers-major-injuries,1,https://www.gjel.com/blog/bicycle-crash-bicyclist-suffers-major-injuries
español,1080,1080,https://www.gjel.com/es/blog/bicyclist-killed-industrial-harbor-boulevard,1,https://www.gjel.com/blog/bicyclist-killed-industrial-harbor-boulevard
español,1080,1080,https://www.gjel.com/es/blog/accidente-de-bote-hiere-a-seis-durante-competencia-de-pesca,1,https://www.gjel.com/blog/boat-crash-injures-six-during-fishing-competition
español,1080,1080,https://www.gjel.com/es/blog/accidente-de-camion-de-carga-hiere-a-varias-personas,1,https://www.gjel.com/blog/box-truck-accident-injures-multiple-parties
español,1080,1080,https://www.gjel.com/es/blog/accidente-en-cadena-colision-de-multiples-vehiculos,1,https://www.gjel.com/blog/chain-reaction-crash-multi-vehicle-collision
español,1080,1080,https://www.gjel.com/es/blog/nino-en-condicion-critica-tras-accidente-de-bicicleta,1,https://www.gjel.com/blog/child-critical-condition-after-bicycle-accident
español,1080,1080,https://www.gjel.com/es/blog/nino-muere-en-programa-extraescolar-tragedia,1,https://www.gjel.com/blog/child-dies-at-after-school-program-tragedy
español,1080,1080,https://www.gjel.com/es/blog/accidente-de-colision-de-bicicleta-electrica-y-bicicleta-en-davis,1,https://www.gjel.com/blog/davis-e-bike-and-bicycle-collision-accident
español,1080,1080,https://www.gjel.com/es/blog/ciclista-lesionado-en-accidente-de-bicicleta-matutino,1,https://www.gjel.com/blog/cyclist-injured-in-morning-bicycle-accident
español,1080,1080,https://www.gjel.com/es/blog/deadly-accident-after-car-plunges-off-dock,1,https://www.gjel.com/blog/deadly-accident-after-car-plunges-off-dock
español,1080,1080,https://www.gjel.com/es/blog/choque-frontal-mortal-deja-un-muerto-y-cinco-heridos,1,https://www.gjel.com/blog/deadly-head-on-collision-kills-one-injures-five
español,1080,1080,https://www.gjel.com/es/blog/mortal-accidente-de-bote-en-lake-tahoe-6-muertos-2-desaparecidos,1,https://www.gjel.com/blog/deadly-lake-tahoe-boat-accident-6-dead-2-missing
español,1080,1080,https://www.gjel.com/es/blog/conductor-muere-en-choque-frontal-en-llamas-en-fresno,1,https://www.gjel.com/blog/driver-killed-in-fiery-head-on-crash-in-fresno
español,1080,1080,https://www.gjel.com/es/blog/conductor-muere-en-accidente-de-un-solo-vehiculo-en-nochebuena,1,https://www.gjel.com/blog/driver-killed-in-christmas-eve-single-vehicle-crash
español,1080,1080,https://www.gjel.com/es/blog/conductores-lesionados-en-accidente-de-dos-vehiculos,1,https://www.gjel.com/blog/drivers-injured-in-two-vehicle-crash
español,1080,1080,https://www.gjel.com/es/blog/accidente-por-conducir-ebrio-mata-a-un-adulto-y-hiere-a-tres-ninos,1,https://www.gjel.com/blog/dui-crash-kills-one-adult-injures-three-children
español,1080,1080,https://www.gjel.com/es/blog/accidente-fatal-de-bicicleta-cobro-la-vida-de-un-hombre,1,https://www.gjel.com/blog/fatal-bicycle-accident-claimed-mans-life
español,1080,1080,https://www.gjel.com/es/blog/conductor-ebrio-mata-a-peaton-en-cruce-peatonal,1,https://www.gjel.com/blog/dui-driver-kills-pedestrian-in-crosswalk
español,1080,1080,https://www.gjel.com/es/blog/conductor-ebrio-causa-choque-con-volcadura-de-varios-vehiculos,1,https://www.gjel.com/blog/dui-driver-causes-multi-vehicle-rollover-crash
español,1080,1080,https://www.gjel.com/es/blog/accidente-de-madrugada-cobra-la-vida-de-un-peaton,1,https://www.gjel.com/blog/early-morning-crash-claims-pedestrians-life
español,1080,1080,https://www.gjel.com/es/blog/conductor-ebrio-arrestado-tras-accidente-fatal-de-motocicleta,1,https://www.gjel.com/blog/dui-driver-arrested-after-fatal-motorcycle-crash
español,1080,1080,https://www.gjel.com/es/blog/colision-de-bicicleta-de-madrugada-en-calistoga,1,https://www.gjel.com/blog/early-morning-bicycle-collision-in-calistoga
español,1080,1080,https://www.gjel.com/es/blog/conductor-ebrio-mata-a-peaton-en-el-sur-de-san-jose,1,https://www.gjel.com/blog/dui-driver-kills-pedestrian-in-south-san-jose
español,1080,1080,https://www.gjel.com/es/blog/accidente-fatal-en-cadena-mata-a-mujer,1,https://www.gjel.com/blog/fatal-chain-reaction-crash-kills-woman
español,1080,1080,https://www.gjel.com/es/blog/accidente-mortal-de-camion-grande-cobra-una-vida,1,https://www.gjel.com/blog/fatal-big-rig-accident-claims-one-life
español,1080,1080,https://www.gjel.com/es/blog/accidente-fatal-de-bote-cobra-la-vida-de-un-hombre,1,https://www.gjel.com/blog/fatal-boating-accident-claims-life-of-a-man
español,1080,1080,https://www.gjel.com/es/blog/accidente-fatal-de-camion-en-tracy-cobra-la-vida-del-conductor,1,https://www.gjel.com/blog/fatal-big-rig-crash-in-tracy-claims-truck-drivers-life
español,1080,1080,https://www.gjel.com/es/blog/colision-fatal-el-dia-de-navidad-en-golden-gate-park-cobra-una-vida,1,https://www.gjel.com/blog/fatal-christmas-day-collision-in-golden-gate-park-claims-one-life
español,1080,1080,https://www.gjel.com/es/blog/colision-fatal-en-danville,1,https://www.gjel.com/blog/fatal-collision-danville
español,1080,1080,https://www.gjel.com/es/blog/fatal-cliff-crash-claims-life-of-santa-rosa-man,1,https://www.gjel.com/blog/fatal-cliff-crash-claims-life-of-santa-rosa-man
español,1080,1080,https://www.gjel.com/es/blog/fatal-crash-claims-one-life-in-willows,1,https://www.gjel.com/blog/fatal-crash-claims-one-life-in-willows
español,1080,1080,https://www.gjel.com/es/blog/accidente-fatal-colision-de-multiples-vehiculos-mata-a-uno,1,https://www.gjel.com/blog/fatal-crash-multi-vehicle-crash-kills-one
español,1080,1080,https://www.gjel.com/es/blog/fatal-crash-kills-driver,1,https://www.gjel.com/blog/fatal-crash-kills-driver
español,1080,1080,https://www.gjel.com/es/blog/accidente-fatal-por-dui-mujer-muere-en-colision-de-multiples-vehiculos,1,https://www.gjel.com/blog/fatal-dui-crash-woman-dies-in-multi-vehicle-collision
español,1080,1080,https://www.gjel.com/es/blog/accidente-fatal-por-conducir-ebrio-en-roseville-cobra-la-vida-de-una-nina-de-9-anos-resalta-los-peligros-de-conducir-bajo-los-efectos,1,https://www.gjel.com/blog/fatal-dui-crash-in-roseville-claims-life-of-9-year-old-girl-highlights-dangers-of-impaired-driving
español,1080,1080,https://www.gjel.com/es/blog/accidente-fatal-por-conducir-ebrio-en-el-condado-de-lassen-cobra-una-vida-hiere-gravemente-a-un-nino,1,https://www.gjel.com/blog/fatal-dui-crash-in-lassen-county-claims-life-critically-injures-child
español,1080,1080,https://www.gjel.com/es/blog/accidente-mortal-de-peaton-por-dui-en-vallejo,1,https://www.gjel.com/blog/fatal-dui-pedestrian-accident-in-vallejo
español,1080,1080,https://www.gjel.com/es/blog/accidente-fatal-de-scooter-electrico-en-santa-rosa,1,https://www.gjel.com/blog/fatal-e-scooter-accident-in-santa-rosa
español,1080,1080,https://www.gjel.com/es/blog/accidente-fatal-de-scooter-electrico-mata-a-conductor-en-morgan-hill,1,https://www.gjel.com/blog/fatal-e-scooter-crash-kills-rider-in-morgan-hill
español,1080,1080,https://www.gjel.com/es/blog/fatal-early-morning-crash-man-dead,1,https://www.gjel.com/blog/fatal-early-morning-crash-man-dead
español,1080,1080,https://www.gjel.com/es/blog/fatal-freeway-crash-in-north-sacramento,1,https://www.gjel.com/blog/fatal-freeway-crash-in-north-sacramento
español,1080,1080,https://www.gjel.com/es/blog/colision-frontal-mortal-cobra-una-vida-en-salinas,1,https://www.gjel.com/blog/fatal-head-on-collision-claims-life-in-salinas
español,1080,1080,https://www.gjel.com/es/blog/colision-fatal-relacionada-con-una-vaca,1,https://www.gjel.com/blog/fatal-cow-related-crash
español,1080,1080,https://www.gjel.com/es/blog/fatal-head-on-crash-claims-womans-life,1,https://www.gjel.com/blog/fatal-head-on-crash-claims-womans-life
español,1080,1080,https://www.gjel.com/es/blog/colision-frontal-fatal-cobra-una-vida-2,1,https://www.gjel.com/blog/fatal-head-on-collision-claims-one-life-2
español,1080,1080,https://www.gjel.com/es/blog/colision-frontal-fatal-en-san-mateo,1,https://www.gjel.com/blog/fatal-head-on-collision-in-san-mateo
español,1080,1080,https://www.gjel.com/es/blog/choque-frontal-fatal-deja-un-muerto-y-dos-heridos-de-gravedad,1,https://www.gjel.com/blog/fatal-head-on-crash-on-leaves-one-dead-two-critically-injured
español,1080,1080,https://www.gjel.com/es/blog/fatal-collision-shuts-down-southbound-lanes,1,https://www.gjel.com/blog/fatal-collision-shuts-down-southbound-lanes
español,1080,1080,https://www.gjel.com/es/blog/accidente-fatal-de-moto-de-frente-mata-a-motociclista,1,https://www.gjel.com/blog/fatal-head-on-motorcycle-crash-kills-rider
español,1080,1080,https://www.gjel.com/es/blog/choque-fatal-en-carretera-cobra-la-vida-de-conductor,1,https://www.gjel.com/blog/fatal-highway-collision-claims-life-of-driver
español,1080,1080,https://www.gjel.com/es/blog/accidente-fatal-en-carretera-cobra-la-vida-de-un-conductor,1,https://www.gjel.com/blog/fatal-highway-crash-claims-drivers-life
español,1080,1080,https://www.gjel.com/es/blog/fatal-highway-crash-kills-man-on-memorial-day,1,https://www.gjel.com/blog/fatal-highway-crash-kills-man-on-memorial-day
español,1080,1080,https://www.gjel.com/es/blog/fatal-highway-crash-pedestrian-killed,1,https://www.gjel.com/blog/fatal-highway-crash-pedestrian-killed
español,1080,1080,https://www.gjel.com/es/blog/accidente-fatal-en-autopista-mata-a-hombre,1,https://www.gjel.com/blog/fatal-highway-crash-kills-man
español,1080,1080,https://www.gjel.com/es/blog/fatal-hit-and-run-claims-life-of-san-jose-woman,1,https://www.gjel.com/blog/fatal-hit-and-run-claims-life-of-san-jose-woman
español,1080,1080,https://www.gjel.com/es/blog/accidente-fatal-de-fuga-cobra-la-vida-de-peaton,1,https://www.gjel.com/blog/fatal-hit-and-run-crash-claims-life-of-pedestrian
español,1080,1080,https://www.gjel.com/es/blog/fatal-hit-and-run-pedestrian-crash-kills-one,1,https://www.gjel.com/blog/fatal-hit-and-run-pedestrian-crash-kills-one
español,1080,1080,https://www.gjel.com/es/blog/atropello-y-fuga-fatal-entendiendo-las-muertes-de-transito-relacionadas-con-dui,1,https://www.gjel.com/blog/fatal-hit-and-run-understanding-dui-related-traffic-deaths
español,1080,1080,https://www.gjel.com/es/blog/accidente-fatal-de-motocicleta-en-golden-gate-bridge-cobra-la-vida-de-motociclista,1,https://www.gjel.com/blog/fatal-motorcycle-accident-at-golden-gate-bridge-claims-life-of-rider
español,1080,1080,https://www.gjel.com/es/blog/accidente-fatal-de-moto-cobra-una-vida,1,https://www.gjel.com/blog/fatal-motorcycle-accident-claims-one-life
español,1080,1080,https://www.gjel.com/es/blog/accidente-fatal-de-moto-cobra-la-vida-de-una-mujer,1,https://www.gjel.com/blog/fatal-motorcycle-accident-claims-womans-life
español,1080,1080,https://www.gjel.com/es/blog/accidente-fatal-de-moto-en-willow-glen,1,https://www.gjel.com/blog/fatal-motorcycle-accident-in-willow-glen-crash
español,1080,1080,https://www.gjel.com/es/blog/fatal-colision-de-motocicleta-cobra-la-vida-de-joven-conductor-en-pleasant-hill,1,https://www.gjel.com/blog/fatal-motorcycle-collision-claims-life-of-teen-rider-in-pleasant-hill
español,1080,1080,https://www.gjel.com/es/blog/accidente-fatal-de-moto-motociclista-muerto-2,1,https://www.gjel.com/blog/fatal-motorcycle-crash-rider-killed
español,1080,1080,https://www.gjel.com/es/blog/colision-fatal-de-moto-con-camioneta-suv-en-concord,1,https://www.gjel.com/blog/fatal-motorcycle-collision-with-an-suv-in-concord
español,1080,1080,https://www.gjel.com/es/blog/accidente-fatal-de-moto-en-fairfield-cobra-una-vida,1,https://www.gjel.com/blog/fatal-motorcycle-crash-in-fairfield-claims-one-life
español,1080,1080,https://www.gjel.com/es/blog/accidente-fatal-de-moto-mata-a-hombre-de-oakland,1,https://www.gjel.com/blog/fatal-motorcycle-crash-kills-oakland-man
español,1080,1080,https://www.gjel.com/es/blog/accidente-fatal-de-moto-motociclista-muerto,1,https://www.gjel.com/blog/fatal-motorcycle-crash-motorcyclist-killed
español,1080,1080,https://www.gjel.com/es/blog/accidente-fatal-de-motocicleta-deja-motociclista-muerto-en-el-lugar,1,https://www.gjel.com/blog/fatal-motorcycle-crash-leaves-rider-dead-at-scene
español,1080,1080,https://www.gjel.com/es/blog/colision-fatal-de-varios-vehiculos-cobra-una-vida,1,https://www.gjel.com/blog/fatal-multi-vehicle-collision-claims-one-life
español,1080,1080,https://www.gjel.com/es/blog/accidente-fatal-de-peaton-cobra-vida,1,https://www.gjel.com/blog/fatal-pedestrian-accident-claimed-life
español,1080,1080,https://www.gjel.com/es/blog/fatal-multi-vehicle-crash-kills-one,1,https://www.gjel.com/blog/fatal-multi-vehicle-crash-kills-one
español,1080,1080,https://www.gjel.com/es/blog/accidente-peatonal-fatal-en-antioch,1,https://www.gjel.com/blog/fatal-pedestrian-accident-in-antioch
español,1080,1080,https://www.gjel.com/es/blog/accidente-peatonal-fatal-en-hayward-2,1,https://www.gjel.com/blog/fatal-pedestrian-accident-in-hayward-2
español,1080,1080,https://www.gjel.com/es/blog/accidente-mortal-de-peaton-en-pajaro-cobra-una-vida-en-salinas-road,1,https://www.gjel.com/blog/fatal-pedestrian-accident-in-pajaro-claims-life-on-salinas-road
español,1080,1080,https://www.gjel.com/es/blog/fatal-pedestrian-accident-in-redwood-city,1,https://www.gjel.com/blog/fatal-pedestrian-accident-in-redwood-city
español,1080,1080,https://www.gjel.com/es/blog/accidente-peatonal-fatal-en-el-condado-de-san-joaquin-resalta-preocupaciones-de-seguridad-vial,1,https://www.gjel.com/blog/fatal-pedestrian-accident-in-san-joaquin-county-highlights-road-safety-concerns
español,1080,1080,https://www.gjel.com/es/blog/accidente-peatonal-fatal-en-sacramento-5,1,https://www.gjel.com/blog/fatal-pedestrian-accident-in-sacramento-5
español,1080,1080,https://www.gjel.com/es/blog/accidente-peatonal-fatal-deja-un-muerto-y-otro-herido-de-gravedad,1,https://www.gjel.com/blog/fatal-pedestrian-accident-leaves-one-dead-another-critically-injured
español,1080,1080,https://www.gjel.com/es/blog/fatal-pedestrian-crash-claims-mans-life,1,https://www.gjel.com/blog/fatal-pedestrian-crash-claims-mans-life
español,1080,1080,https://www.gjel.com/es/blog/accidente-fatal-de-peaton-mata-a-hombre-de-unos-40-anos,1,https://www.gjel.com/blog/fatal-pedestrian-accident-kills-man-in-his-40s
español,1080,1080,https://www.gjel.com/es/blog/accidente-peatonal-fatal-en-san-mateo,1,https://www.gjel.com/blog/fatal-pedestrian-accident-in-san-mateo
español,1080,1080,https://www.gjel.com/es/blog/accidente-fatal-de-scooter-mata-a-conductor,1,https://www.gjel.com/blog/fatal-scooter-accident-kills-rider
español,1080,1080,https://www.gjel.com/es/blog/fatal-pedestrian-crash-claims-womans-life,1,https://www.gjel.com/blog/fatal-pedestrian-crash-claims-womans-life
español,1080,1080,https://www.gjel.com/es/blog/fatal-pedestrian-crash-man-dead,1,https://www.gjel.com/blog/fatal-pedestrian-crash-man-dead
español,1080,1080,https://www.gjel.com/es/blog/accidente-fatal-en-pleasant-hill-actualizaciones-del-incidente-en-grayson-road,1,https://www.gjel.com/blog/fatal-pleasant-hill-crash-incident-grayson-road-updates
español,1080,1080,https://www.gjel.com/es/blog/fatal-redding-rollover-crash-woman-killed,1,https://www.gjel.com/blog/fatal-redding-rollover-crash-woman-killed
español,1080,1080,https://www.gjel.com/es/blog/colision-fatal-por-volcadura-en-livermore,1,https://www.gjel.com/blog/fatal-rollover-collision-in-livermore
español,1080,1080,https://www.gjel.com/es/blog/colision-trasera-fatal-en-el-puente-de-hayward-cobra-una-vida,1,https://www.gjel.com/blog/fatal-rear-end-collision-on-hayward-bridge-claims-one-life
español,1080,1080,https://www.gjel.com/es/blog/accidente-fatal-de-volcadura-cobra-la-vida-de-un-joven-conductor,1,https://www.gjel.com/blog/fatal-rollover-crash-claims-young-drivers-life
español,1080,1080,https://www.gjel.com/es/blog/accidente-fatal-de-volcadura-cobra-la-vida-de-joven-de-19-anos,1,https://www.gjel.com/blog/fatal-rollover-crash-claims-life-of-19-year-old
español,1080,1080,https://www.gjel.com/es/blog/accidente-fatal-en-scott-road-mata-a-dos-adolescentes,1,https://www.gjel.com/blog/fatal-scott-road-crash-kills-two-teen-girls
español,1080,1080,https://www.gjel.com/es/blog/accidente-fatal-de-camion-semirremolque-cobra-una-vida,1,https://www.gjel.com/blog/fatal-semi-truck-crash-claims-life
español,1080,1080,https://www.gjel.com/es/blog/fatal-single-vehicle-crash-at-sr-121,1,https://www.gjel.com/blog/fatal-single-vehicle-crash-at-sr-121
español,1080,1080,https://www.gjel.com/es/blog/accidente-fatal-de-un-solo-vehiculo-cobra-una-vida,1,https://www.gjel.com/blog/fatal-single-vehicle-crash-claims-life
español,1080,1080,https://www.gjel.com/es/blog/accidente-fatal-de-un-solo-vehiculo-en-campo-de-arroz-bajo-investigacion,1,https://www.gjel.com/blog/fatal-single-vehicle-crash-in-a-rice-field-under-investigation
español,1080,1080,https://www.gjel.com/es/blog/accidente-fatal-de-un-solo-vehiculo-cobra-la-vida-de-mujer-de-fair-oaks,1,https://www.gjel.com/blog/fatal-single-vehicle-crash-claims-life-of-fair-oaks-woman
español,1080,1080,https://www.gjel.com/es/blog/accidente-fatal-de-un-solo-vehiculo-cobra-la-vida-de-un-hombre,1,https://www.gjel.com/blog/fatal-single-vehicle-crash-claims-mans-life
español,1080,1080,https://www.gjel.com/es/blog/accidente-fatal-de-un-solo-vehiculo-cobra-la-vida-de-una-mujer,1,https://www.gjel.com/blog/fatal-single-vehicle-crash-claims-womans-life
español,1080,1080,https://www.gjel.com/es/blog/accidente-fatal-de-un-solo-vehiculo-en-elk-grove,1,https://www.gjel.com/blog/fatal-single-vehicle-crash-in-elk-grove
español,1080,1080,https://www.gjel.com/es/blog/fatal-single-vehicle-crash-kills-chico-man,1,https://www.gjel.com/blog/fatal-single-vehicle-crash-kills-chico-man
español,1080,1080,https://www.gjel.com/es/blog/fatal-single-vehicle-crash-kills-salinas-man,1,https://www.gjel.com/blog/fatal-single-vehicle-crash-kills-salinas-man
español,1080,1080,https://www.gjel.com/es/blog/fatal-single-vehicle-crash-kills-driver,1,https://www.gjel.com/blog/fatal-single-vehicle-crash-kills-driver
español,1080,1080,https://www.gjel.com/es/blog/accidente-fatal-de-un-solo-vehiculo-mata-a-pasajero,1,https://www.gjel.com/blog/fatal-single-vehicle-crash-kills-passenger
español,1080,1080,https://www.gjel.com/es/blog/accidente-fatal-de-volcadura-de-un-solo-vehiculo-cerca-de-gonzales-hiere-a-varios-ocupantes-incluyendo-a-un-bebe,1,https://www.gjel.com/blog/fatal-single-vehicle-rollover-crash-near-gonzales-injures-multiple-occupants-including-infant
español,1080,1080,https://www.gjel.com/es/blog/accidente-fatal-de-un-solo-vehiculo-cobra-la-vida-de-una-mujer-2,1,https://www.gjel.com/blog/fatal-solo-vehicle-crash-claims-womans-life
español,1080,1080,https://www.gjel.com/es/blog/fatal-suv-crash-claims-one-life-on-memorial-day,1,https://www.gjel.com/blog/fatal-suv-crash-claims-one-life-on-memorial-day
español,1080,1080,https://www.gjel.com/es/blog/accidente-fatal-en-tracy-ca-conductor-ebrio-causa-mortal-colision-frontal-en-sr-4,1,https://www.gjel.com/blog/fatal-tracy-ca-accident-dui-driver-causes-deadly-head-on-crash-on-sr-4
español,1080,1080,https://www.gjel.com/es/blog/accidente-de-trafico-fatal-cobra-la-vida-de-un-hombre-mayor,1,https://www.gjel.com/blog/fatal-traffic-accident-claims-life-of-elderly-man
español,1080,1080,https://www.gjel.com/es/blog/accidente-de-trafico-mortal-conozca-sus-derechos,1,https://www.gjel.com/blog/fatal-traffic-accident-understanding-your-rights
español,1080,1080,https://www.gjel.com/es/blog/fatal-two-vehicle-collision-on-highway-4,1,https://www.gjel.com/blog/fatal-two-vehicle-collision-on-highway-4
español,1080,1080,https://www.gjel.com/es/blog/accidente-fatal-de-trafico-cobra-la-vida-del-conductor,1,https://www.gjel.com/blog/fatal-traffic-crash-claims-drivers-life
español,1080,1080,https://www.gjel.com/es/blog/colision-fatal-de-dos-vehiculos-en-stockton-deja-un-muerto-y-otro-herido,1,https://www.gjel.com/blog/fatal-two-vehicle-collision-in-stockton-leaves-one-dead-another-injured
español,1080,1080,https://www.gjel.com/es/blog/accidente-fatal-con-incendio-de-vehiculo-cobra-vida,1,https://www.gjel.com/blog/fatal-vehicle-fire-crash-claimed-life
español,1080,1080,https://www.gjel.com/es/blog/fiery-single-vehicle-crash,1,https://www.gjel.com/blog/fiery-single-vehicle-crash
español,1080,1080,https://www.gjel.com/es/blog/accidente-fatal-de-dos-vehiculos-en-morgan-hill-cobra-una-vida,1,https://www.gjel.com/blog/fatal-two-vehicle-crash-in-morgan-hill-claims-one-life
español,1080,1080,https://www.gjel.com/es/blog/fatal-two-vehicle-crash-kills-one-injures-two,1,https://www.gjel.com/blog/fatal-two-vehicle-crash-kills-one-injures-two
español,1080,1080,https://www.gjel.com/es/blog/cinco-hospitalizados-tras-colision-lateral,1,https://www.gjel.com/blog/five-hospitalized-after-t-bone-collision
español,1080,1080,https://www.gjel.com/es/blog/cinco-lesionados-en-accidente-de-multiples-vehiculos,1,https://www.gjel.com/blog/five-injured-in-multi-vehicle-crash
español,1080,1080,https://www.gjel.com/es/blog/conductor-que-huye-causa-accidente-fatal-en-san-jose,1,https://www.gjel.com/blog/fleeing-driver-causes-fatal-crash-in-san-jose
español,1080,1080,https://www.gjel.com/es/blog/cuatro-muertos-en-devastadora-colision-frontal,1,https://www.gjel.com/blog/four-killed-in-devastating-head-on-crash
español,1080,1080,https://www.gjel.com/es/blog/fremont-bicycle-accident-kills-man,1,https://www.gjel.com/blog/fremont-bicycle-accident-kills-man
español,1080,1080,https://www.gjel.com/es/blog/accidente-de-moto-en-fresno,1,https://www.gjel.com/blog/fresno-motorcycle-accident
español,1080,1080,https://www.gjel.com/es/blog/colision-frontal-en-granite-bay-bloquea-el-trafico,1,https://www.gjel.com/blog/granite-bay-head-on-collision-blocks-traffic
español,1080,1080,https://www.gjel.com/es/blog/como-es-el-centro-de-trauma-del-santa-clara-valley-medical-center-para-lesiones-graves,1,https://www.gjel.com/blog/how-is-the-trauma-center-at-santa-clara-valley-medical-center-for-serious-injuries
español,1080,1080,https://www.gjel.com/es/blog/choque-a-alta-velocidad-deja-conductor-en-estado-critico,1,https://www.gjel.com/blog/high-speed-crash-leaves-driver-in-critical-condition
español,1080,1080,https://www.gjel.com/es/blog/conductor-ebrio-causa-choque-e-hiere-a-mujer-embarazada,1,https://www.gjel.com/blog/impaired-driver-causes-crash-injuring-pregnant-woman
español,1080,1080,https://www.gjel.com/es/blog/accidente-con-fuga-en-la-autopista-70-en-palermo-road,1,https://www.gjel.com/blog/hit-and-run-crash-on-highway-70-at-palermo-road
español,1080,1080,https://www.gjel.com/es/blog/conductor-que-se-dio-a-la-fuga-choca-contra-starbucks-de-rancho-cordova-causa-danos-estructurales,1,https://www.gjel.com/blog/hit-and-run-driver-crashes-into-rancho-cordova-structural-damage
español,1080,1080,https://www.gjel.com/es/blog/lesionados-reportados-tras-colision-de-varios-vehiculos,1,https://www.gjel.com/blog/injury-reported-after-multi-vehicle-collision
español,1080,1080,https://www.gjel.com/es/blog/como-apoyar-a-una-victima-de-accidente-consejos-para-amigos-y-familiares,1,https://www.gjel.com/blog/how-to-support-an-accident-victim-tips-for-friends-and-family
español,1080,1080,https://www.gjel.com/es/blog/accidente-con-lesionados-en-east-laurel-drive-y-linwood-drive-en-salinas,1,https://www.gjel.com/blog/injury-accident-at-east-laurel-drive-and-linwood-drive-in-salinas
español,1080,1080,https://www.gjel.com/es/blog/juvenile-killed-in-fatal-e-bike-crash,1,https://www.gjel.com/blog/juvenile-killed-in-fatal-e-bike-crash
español,1080,1080,https://www.gjel.com/es/blog/los-acuerdos-de-demandas-colectivas-mas-grandes,1,https://www.gjel.com/blog/largest-class-action-settlements
español,1080,1080,https://www.gjel.com/es/blog/menores-gravemente-heridos-en-colision-de-bicicleta-electrica,1,https://www.gjel.com/blog/juveniles-seriously-injured-in-e-bike-collision
español,1080,1080,https://www.gjel.com/es/blog/documentales-legales,1,https://www.gjel.com/blog/legal-documentary-films
español,1080,1080,https://www.gjel.com/es/blog/colision-con-fuga-deja-a-victima-sin-compensacion,1,https://www.gjel.com/blog/hit-and-run-collision-leaves-victim-without-compensation
español,1080,1080,https://www.gjel.com/es/blog/choque-de-multiples-vehiculos-en-los-altos,1,https://www.gjel.com/blog/los-altos-multi-vehicle-crash
español,1080,1080,https://www.gjel.com/es/blog/colision-con-lesiones-graves-en-pepperweed-road,1,https://www.gjel.com/blog/major-injury-collision-on-pepperweed-road
español,1080,1080,https://www.gjel.com/es/blog/colision-con-lesiones-graves-camion-golpea-a-sedan,1,https://www.gjel.com/blog/major-injury-collision-semi-truck-strikes-sedan
español,1080,1080,https://www.gjel.com/es/blog/choque-grave-con-dos-camiones-comerciales,1,https://www.gjel.com/blog/major-injury-crash-involving-two-commercial-trucks
español,1080,1080,https://www.gjel.com/es/blog/major-injury-crash-sends-one-to-the-hospital,1,https://www.gjel.com/blog/major-injury-crash-sends-one-to-the-hospital
español,1080,1080,https://www.gjel.com/es/blog/accidente-con-lesiones-graves-colision-de-autobus-escolar-en-fresno,1,https://www.gjel.com/blog/major-injury-crash-school-bus-collision-in-fresno
español,1080,1080,https://www.gjel.com/es/blog/accidente-por-volcadura-con-lesiones-graves-deja-dos-heridos,1,https://www.gjel.com/blog/major-injury-rollover-crash-leaves-two-injured
español,1080,1080,https://www.gjel.com/es/blog/man-killed-in-suspected-dui-pedestrian-crash,1,https://www.gjel.com/blog/man-killed-in-suspected-dui-pedestrian-crash
español,1080,1080,https://www.gjel.com/es/blog/choque-con-lesiones-graves-deja-multiples-victimas-heridas,1,https://www.gjel.com/blog/major-injury-crash-leaves-multiple-victims-injured
español,1080,1080,https://www.gjel.com/es/blog/hombre-arrestado-por-presunto-choque-por-dui-que-mato-a-mujer-de-castro-valley,1,https://www.gjel.com/blog/man-arrested-for-alleged-dui-crash-that-killed-castro-valley-woman
español,1080,1080,https://www.gjel.com/es/blog/man-killed-in-a-pedestrian-accident,1,https://www.gjel.com/blog/man-killed-in-a-pedestrian-accident
español,1080,1080,https://www.gjel.com/es/blog/hombre-muerto-en-colision-de-frente,1,https://www.gjel.com/blog/man-killed-in-head-on-collision
español,1080,1080,https://www.gjel.com/es/blog/hombre-muerto-en-accidente-de-un-solo-vehiculo,1,https://www.gjel.com/blog/man-killed-in-single-vehicle-crash-accident
español,1080,1080,https://www.gjel.com/es/blog/mujer-de-marina-muere-en-colision-frontal,1,https://www.gjel.com/blog/marina-woman-killed-in-head-on-collision
español,1080,1080,https://www.gjel.com/es/blog/mother-and-son-killed-in-suspected-dui-hit-and-run-collision,1,https://www.gjel.com/blog/mother-and-son-killed-in-suspected-dui-hit-and-run-collision
español,1080,1080,https://www.gjel.com/es/blog/colision-con-lesiones-menores-en-big-ranch-road-en-napa,1,https://www.gjel.com/blog/minor-injury-collision-on-big-ranch-road-in-napa
español,1080,1080,https://www.gjel.com/es/blog/las-comedias-de-tribunales-mas-inesperadas,1,https://www.gjel.com/blog/most-unlikely-coutroom-comedies
español,1080,1080,https://www.gjel.com/es/blog/accidente-de-auto-con-lesionados-en-modesto,1,https://www.gjel.com/blog/modesto-injury-involved-car-crash-accident
español,1080,1080,https://www.gjel.com/es/blog/accidente-de-motocicleta-deja-motociclista-con-lesiones-criticas,1,https://www.gjel.com/blog/motorcycle-accident-leaves-rider-with-critical-injuries
español,1080,1080,https://www.gjel.com/es/blog/accidente-de-moto-deja-a-conductor-hospitalizado,1,https://www.gjel.com/blog/motorcycle-accident-leaves-rider-hospitalized
español,1080,1080,https://www.gjel.com/es/blog/accidente-de-moto-deja-a-conductor-con-lesiones-2,1,https://www.gjel.com/blog/motorcycle-accident-leaves-rider-with-injuries-2
español,1080,1080,https://www.gjel.com/es/blog/accidente-de-moto-motociclista-sufre-lesiones-graves,1,https://www.gjel.com/blog/motorcycle-accident-rider-suffers-major-injuries
español,1080,1080,https://www.gjel.com/es/blog/accidente-de-moto-motociclista-gravemente-herido,1,https://www.gjel.com/blog/motorcycle-crash-rider-seriously-injured
español,1080,1080,https://www.gjel.com/es/blog/motociclista-herido-en-colision-2,1,https://www.gjel.com/blog/motorcycle-rider-injured-in-collision
español,1080,1080,https://www.gjel.com/es/blog/motociclista-herido-en-colision,1,https://www.gjel.com/blog/motorcyclist-injured-in-collision
español,1080,1080,https://www.gjel.com/es/blog/motociclista-herido-en-choque-en-power-inn-road-en-sacramento,1,https://www.gjel.com/blog/motorcyclist-injured-in-collision-on-power-inn-road-in-sacramento
español,1080,1080,https://www.gjel.com/es/blog/motociclista-muerto-en-choque-de-frente,1,https://www.gjel.com/blog/motorcyclist-killed-in-head-on-collision
español,1080,1080,https://www.gjel.com/es/blog/choque-de-multiples-vehiculos-causa-lesiones-graves,1,https://www.gjel.com/blog/multi-vehicle-collision-causes-major-injuries
español,1080,1080,https://www.gjel.com/es/blog/choque-de-multiples-vehiculos-lesiona-a-motociclista,1,https://www.gjel.com/blog/multi-vehicle-crash-injures-motorcyclist
español,1080,1080,https://www.gjel.com/es/blog/motociclista-muere-en-accidente-en-stockton,1,https://www.gjel.com/blog/motorcyclist-killed-in-stockton-accident
español,1080,1080,https://www.gjel.com/es/blog/colision-de-varios-vehiculos-en-san-jose,1,https://www.gjel.com/blog/multi-vehicle-collision-in-san-jose
español,1080,1080,https://www.gjel.com/es/blog/choque-de-multiples-vehiculos-hiere-a-varias-personas,1,https://www.gjel.com/blog/multi-vehicle-crash-injures-multiple-people
español,1080,1080,https://www.gjel.com/es/blog/colision-de-multiples-vehiculos-en-la-ruta-estatal-128-en-el-condado-de-napa-deja-a-varios-heridos,1,https://www.gjel.com/blog/multi-vehicle-crash-on-state-route-128-in-napa-county-leaves-multiple-injured
español,1080,1080,https://www.gjel.com/es/blog/accidente-de-multiples-vehiculos-con-incendio-deja-varios-lesionados,1,https://www.gjel.com/blog/multi-vehicle-crash-with-fire-leaves-multiple-injured
español,1080,1080,https://www.gjel.com/es/blog/enfermera-muere-en-accidente-peatonal-en-centro-medico-va,1,https://www.gjel.com/blog/nurse-killed-in-pedestrian-accident-at-va-medical-center
español,1080,1080,https://www.gjel.com/es/blog/un-muerto-en-accidente-fatal-de-bicicleta,1,https://www.gjel.com/blog/one-dead-in-fatal-bicycle-accident
español,1080,1080,https://www.gjel.com/es/blog/accidente-de-auto-en-oakland-deja-uno-con-lesion-en-la-cabeza,1,https://www.gjel.com/blog/oakland-car-accident-leaves-one-with-head-injury
español,1080,1080,https://www.gjel.com/es/blog/choque-de-autobus-muni-envia-a-dos-al-hospital,1,https://www.gjel.com/blog/muni-bus-collision-sends-two-to-the-hospital
español,1080,1080,https://www.gjel.com/es/blog/accidente-en-rampa-de-acceso-hiere-a-victimas-en-morgan-hill,1,https://www.gjel.com/blog/on-ramp-crash-injures-victims-in-morgan-hill
español,1080,1080,https://www.gjel.com/es/blog/accidente-de-trafico-en-oakland-resulta-en-hospitalizacion,1,https://www.gjel.com/blog/oakland-traffic-accident-results-in-hospitalization
español,1080,1080,https://www.gjel.com/es/blog/uno-muerto-en-choque-con-vuelco-e-incendio,1,https://www.gjel.com/blog/one-dead-in-fiery-rollover-crash
español,1080,1080,https://www.gjel.com/es/blog/uno-muerto-en-choque-con-vuelco-por-presunto-dui,1,https://www.gjel.com/blog/one-killed-in-suspected-dui-rollover-crash
español,1080,1080,https://www.gjel.com/es/blog/uno-muerto-tres-lesionados-en-accidente-de-peaton,1,https://www.gjel.com/blog/one-killed-three-injured-in-pedestrian-crash
español,1080,1080,https://www.gjel.com/es/blog/uno-lesionado-tras-choque-de-tres-vehiculos-con-incendio,1,https://www.gjel.com/blog/one-injured-after-fiery-three-vehicle-crash
español,1080,1080,https://www.gjel.com/es/blog/one-killed-three-seriously-injured-in-fiery-crash,1,https://www.gjel.com/blog/one-killed-three-seriously-injured-in-fiery-crash
español,1080,1080,https://www.gjel.com/es/blog/camion-cisterna-volcado-causa-cierre-mayor-de-autopista,1,https://www.gjel.com/blog/overturned-tanker-truck-causes-major-highway-closure
español,1080,1080,https://www.gjel.com/es/blog/acuerdo-de-875k-por-lesion-de-pasajero,1,https://www.gjel.com/blog/passenger-injury-875k-settlement
español,1080,1080,https://www.gjel.com/es/blog/passenger-killed-in-head-on-road-collision,1,https://www.gjel.com/blog/passenger-killed-in-head-on-road-collision
español,1080,1080,https://www.gjel.com/es/blog/pasajero-sufre-lesion-en-la-cabeza-tras-frenado-de-emergencia-del-conductor-de-autobus,1,https://www.gjel.com/blog/passenger-suffers-head-injury-after-bus-drivers-emergency-stop
español,1080,1080,https://www.gjel.com/es/blog/accidente-de-peaton-mata-a-uno,1,https://www.gjel.com/blog/pedestrian-accident-kills-one
español,1080,1080,https://www.gjel.com/es/blog/accidente-de-peaton-mata-a-hombre-de-91-anos,1,https://www.gjel.com/blog/pedestrian-accident-kills-91-year-old-man
español,1080,1080,https://www.gjel.com/es/blog/peaton-en-estado-critico-tras-ser-atropellado,1,https://www.gjel.com/blog/pedestrian-critically-injured-after-being-struck
español,1080,1080,https://www.gjel.com/es/blog/accidente-de-peaton-con-lesiones-mortales,1,https://www.gjel.com/blog/pedestrian-accident-life-threatening-injuries
español,1080,1080,https://www.gjel.com/es/blog/peaton-muerto-en-lavado-de-autos-de-santa-ana-en-colision-por-presunto-dui,1,https://www.gjel.com/blog/pedestrian-killed-at-santa-ana-car-wash-in-suspected-dui-collision
español,1080,1080,https://www.gjel.com/es/blog/pedestrian-and-dogs-killed-in-hit-and-run-crash,1,https://www.gjel.com/blog/pedestrian-and-dogs-killed-in-hit-and-run-crash
español,1080,1080,https://www.gjel.com/es/blog/muerte-de-peaton-en-colision-de-multiples-vehiculos,1,https://www.gjel.com/blog/pedestrian-fatality-in-a-multi-vehicle-crash
español,1080,1080,https://www.gjel.com/es/blog/peaton-muerto-tras-ser-atropellado-por-vehiculo,1,https://www.gjel.com/blog/pedestrian-killed-after-being-struck-by-vehicle
español,1080,1080,https://www.gjel.com/es/blog/pedestrian-killed-hit-and-run-in-sacramento,1,https://www.gjel.com/blog/pedestrian-killed-hit-and-run-in-sacramento
español,1080,1080,https://www.gjel.com/es/blog/pedestrian-killed-in-crash-in-tracy,1,https://www.gjel.com/blog/pedestrian-killed-in-crash-in-tracy
español,1080,1080,https://www.gjel.com/es/blog/peaton-muere-en-accidente-de-trafico-en-san-rafael,1,https://www.gjel.com/blog/pedestrian-killed-in-a-traffic-accident-in-san-rafael
español,1080,1080,https://www.gjel.com/es/blog/peaton-muerto-en-choque-con-fuga,1,https://www.gjel.com/blog/pedestrian-killed-in-hit-and-run-crash
español,1080,1080,https://www.gjel.com/es/blog/peaton-muerto-en-san-leandro,1,https://www.gjel.com/blog/pedestrian-killed-in-san-leandro
español,1080,1080,https://www.gjel.com/es/blog/peaton-muerto-en-accidente-por-sospecha-de-dui-en-fairfield,1,https://www.gjel.com/blog/pedestrian-killed-in-suspected-dui-crash-in-fairfield
español,1080,1080,https://www.gjel.com/es/blog/peaton-atropellado-por-vehiculo-en-reedley,1,https://www.gjel.com/blog/pedestrian-struck-by-vehicle-in-reedley
español,1080,1080,https://www.gjel.com/es/blog/personal-injury-blog,1,https://www.gjel.com/blog/personal-injury-blog
español,1080,1080,https://www.gjel.com/es/blog/colision-de-multiples-vehiculos-en-petaluma-causa-lesiones,1,https://www.gjel.com/blog/petaluma-multi-vehicle-crash-injuries
español,1080,1080,https://www.gjel.com/es/blog/plane-crash-truckee-tahoe-airport-pilot-killed,1,https://www.gjel.com/blog/plane-crash-truckee-tahoe-airport-pilot-killed
español,1080,1080,https://www.gjel.com/es/blog/motociclista-muerto-en-accidente-de-motocicleta,1,https://www.gjel.com/blog/rider-killed-in-a-motorcycle-accident
español,1080,1080,https://www.gjel.com/es/blog/colision-por-alcance-en-castro-valley,1,https://www.gjel.com/blog/rear-end-collision-in-castro-valley
español,1080,1080,https://www.gjel.com/es/blog/ciclista-de-sacramento-muerto-en-choque-en-arden-arcade,1,https://www.gjel.com/blog/sacramento-bicyclist-killed-in-arden-arcade-crash
español,1080,1080,https://www.gjel.com/es/blog/motociclista-muerto-en-choque-de-motocicleta,1,https://www.gjel.com/blog/rider-killed-in-motorcycle-solo-crash
español,1080,1080,https://www.gjel.com/es/blog/accidente-de-avion-en-rio-linda-deja-dos-hombres-en-estado-critico,1,https://www.gjel.com/blog/rio-linda-plane-crash-leaves-two-men-in-critical-condition
español,1080,1080,https://www.gjel.com/es/blog/choque-con-vuelco-deja-a-mujer-gravemente-lesionada,1,https://www.gjel.com/blog/rollover-crash-leaves-woman-seriously-injured
español,1080,1080,https://www.gjel.com/es/blog/accidente-de-cable-car-en-san-francisco-deja-15-heridos,1,https://www.gjel.com/blog/san-francisco-cable-car-accident-leaves-15-injured
español,1080,1080,https://www.gjel.com/es/blog/accidente-automovilistico-en-san-jose-deja-a-uno-con-lesion-en-la-cabeza,1,https://www.gjel.com/blog/san-jose-car-accident-leaves-one-with-head-injury
español,1080,1080,https://www.gjel.com/es/blog/accidente-de-camion-semirremolque-en-san-jose-deja-dos-lesionados,1,https://www.gjel.com/blog/san-jose-semi-truck-crash-leaves-two-injured
español,1080,1080,https://www.gjel.com/es/blog/demandas-de-seinfeld,1,https://www.gjel.com/blog/seinfeld-lawsuits
español,1080,1080,https://www.gjel.com/es/blog/choque-de-camion-semi-golpea-linea-electrica,1,https://www.gjel.com/blog/semitruck-collision-strikes-power-line
español,1080,1080,https://www.gjel.com/es/blog/camion-semi-y-suv-chocan-en-accidente-de-autopista,1,https://www.gjel.com/blog/semi-truck-and-suv-collide-in-a-freeway-crash
español,1080,1080,https://www.gjel.com/es/blog/grave-choque-de-madrugada-lesiona-a-dos,1,https://www.gjel.com/blog/serious-early-morning-collision-injures-two
español,1080,1080,https://www.gjel.com/es/blog/grave-choque-de-multiples-vehiculos-deja-cuatro-heridos,1,https://www.gjel.com/blog/serious-multi-vehicle-crash-injures-four
español,1080,1080,https://www.gjel.com/es/blog/siete-lesionados-en-accidente-de-cinco-vehiculos,1,https://www.gjel.com/blog/seven-injured-in-five-vehicle-crash
español,1080,1080,https://www.gjel.com/es/blog/varios-lesionados-en-choque-de-dos-vehiculos,1,https://www.gjel.com/blog/several-injured-in-two-vehicle-crash
español,1080,1080,https://www.gjel.com/es/blog/siete-lesionados-en-accidente-de-autobus-de-sacramento-regional-transit,1,https://www.gjel.com/blog/seven-injured-in-sacramento-regional-transit-bus-crash
español,1080,1080,https://www.gjel.com/es/blog/single-vehicle-collision-left-three-people-dead,1,https://www.gjel.com/blog/single-vehicle-collision-left-three-people-dead
español,1080,1080,https://www.gjel.com/es/blog/accidente-en-cadena-de-seis-autos-causa-lesiones,1,https://www.gjel.com/blog/six-car-chain-reaction-crash-causes-injuries
español,1080,1080,https://www.gjel.com/es/blog/leyes-de-conduccion-estatales,1,https://www.gjel.com/blog/state-driving-laws
español,1080,1080,https://www.gjel.com/es/blog/seis-muertos-en-choque-frontal-en-richfield,1,https://www.gjel.com/blog/six-killed-in-a-head-on-crash-in-richfield
español,1080,1080,https://www.gjel.com/es/blog/seis-personas-heridas-en-accidente-con-fuga-en-sacramento,1,https://www.gjel.com/blog/six-people-injured-in-sacramento-hit-and-run-crash
español,1080,1080,https://www.gjel.com/es/blog/adolescente-muerto-tras-choque-de-dos-vehiculos,1,https://www.gjel.com/blog/teen-killed-after-two-vehicle-collision
español,1080,1080,https://www.gjel.com/es/blog/student-killed-in-car-bicycle-collision,1,https://www.gjel.com/blog/student-killed-in-car-bicycle-collision
español,1080,1080,https://www.gjel.com/es/blog/pasajeros-adolescentes-escapan-de-lesiones-graves-tras-choque-con-vuelco,1,https://www.gjel.com/blog/teenage-passengers-escape-serious-injury-after-rollover-crash
español,1080,1080,https://www.gjel.com/es/blog/las-10-carreteras-mas-peligrosas-de-california,1,https://www.gjel.com/blog/the-10-most-dangerous-roadways-in-california
español,1080,1080,https://www.gjel.com/es/blog/las-razones-mas-comunes-por-las-que-los-ciclistas-se-pasan-los-semaforos-en-rojo-y-como-hacer-las-intersecciones-mas-seguras,1,https://www.gjel.com/blog/the-most-common-reasons-cyclists-run-red-lights-and-how-to-make-intersections-safer
español,1080,1080,https://www.gjel.com/es/blog/los-dias-mas-peligrosos-para-conducir-los-10-momentos-de-mayor-riesgo-en-la-carretera,1,https://www.gjel.com/blog/the-most-dangerous-days-to-drive-top-10-riskiest-times-on-the-road
español,1080,1080,https://www.gjel.com/es/blog/enviar-mensajes-de-texto-y-conducir-en-california,1,https://www.gjel.com/blog/texting-driving-california
español,1080,1080,https://www.gjel.com/es/blog/tres-lesionados-tras-vehiculo-cae-por-un-acantilado,1,https://www.gjel.com/blog/three-injured-after-vehicle-rolled-off-a-cliff
español,1080,1080,https://www.gjel.com/es/blog/choque-de-tres-vehiculos-lesiona-a-motociclista,1,https://www.gjel.com/blog/three-vehicle-collision-injures-motorcyclist
español,1080,1080,https://www.gjel.com/es/blog/tres-lesionados-en-choque,1,https://www.gjel.com/blog/three-injured-in-drive-crash
español,1080,1080,https://www.gjel.com/es/blog/los-20-abogados-ficticios-de-television-mas-populares,1,https://www.gjel.com/blog/top-20-most-popular-fictional-tv-lawyers
español,1080,1080,https://www.gjel.com/es/blog/tres-heridos-en-colision-domingo-por-la-noche-en-clovis,1,https://www.gjel.com/blog/three-injured-in-sunday-evening-collision-in-clovis
español,1080,1080,https://www.gjel.com/es/blog/tres-muertos-en-colision-en-sentido-contrario-en-fairfield,1,https://www.gjel.com/blog/three-killed-in-wrong-way-collision-in-fairfield
español,1080,1080,https://www.gjel.com/es/blog/colision-de-tres-vehiculos-provoca-incendio-de-maleza,1,https://www.gjel.com/blog/three-vehicle-collision-leaves-sparks-brush-fire
español,1080,1080,https://www.gjel.com/es/blog/tracy-man-killed-in-a-pedestrian-accident,1,https://www.gjel.com/blog/tracy-man-killed-in-a-pedestrian-accident
español,1080,1080,https://www.gjel.com/es/blog/two-dead-after-early-morning-crash,1,https://www.gjel.com/blog/two-dead-after-early-morning-crash
español,1080,1080,https://www.gjel.com/es/blog/tragico-accidente-de-bicicleta-de-un-nino,1,https://www.gjel.com/blog/tragic-child-bicycle-accident
español,1080,1080,https://www.gjel.com/es/blog/tragico-accidente-de-peaton-en-fremont,1,https://www.gjel.com/blog/tragic-pedestrian-accident-in-fremont
español,1080,1080,https://www.gjel.com/es/blog/colision-de-trafico-resulta-en-lesiones-a-los-ocupantes,1,https://www.gjel.com/blog/traffic-collision-results-in-injuries-to-occupants
español,1080,1080,https://www.gjel.com/es/blog/dos-conductores-muertos-en-colision-frontal-en-sentido-contrario,1,https://www.gjel.com/blog/two-drivers-killed-in-wrong-way-head-on-crash
español,1080,1080,https://www.gjel.com/es/blog/dos-lesionados-en-accidente-de-multiples-vehiculos-en-napa,1,https://www.gjel.com/blog/two-injured-in-multi-vehicle-accident-in-napa
español,1080,1080,https://www.gjel.com/es/blog/two-killed-in-wrong-way-head-on-crash,1,https://www.gjel.com/blog/two-killed-in-wrong-way-head-on-crash
español,1080,1080,https://www.gjel.com/es/blog/dos-muertos-tras-accidente-fatal-en-elk-grove,1,https://www.gjel.com/blog/two-killed-after-fatal-crash-in-elk-grove
español,1080,1080,https://www.gjel.com/es/blog/two-people-died-after-suspected-dui-collision,1,https://www.gjel.com/blog/two-people-died-after-suspected-dui-collision
español,1080,1080,https://www.gjel.com/es/blog/dos-gravemente-heridos-en-accidente-de-un-solo-vehiculo,1,https://www.gjel.com/blog/two-seriously-injured-in-single-vehicle-crash
español,1080,1080,https://www.gjel.com/es/blog/colision-de-dos-vehiculos-causa-gran-interrupcion-del-trafico,1,https://www.gjel.com/blog/two-vehicle-collision-accident-causes-major-traffic-disruption
español,1080,1080,https://www.gjel.com/es/blog/accidente-de-choque-de-dos-vehiculos-en-sonoma,1,https://www.gjel.com/blog/two-vehicle-collision-accident-in-sonoma
español,1080,1080,https://www.gjel.com/es/blog/colision-de-dos-vehiculos-causa-lesiones-graves-en-fresno,1,https://www.gjel.com/blog/two-vehicle-collision-causes-major-injuries-in-fresno
español,1080,1080,https://www.gjel.com/es/blog/accidente-de-dos-vehiculos-con-lesionados-en-monterey,1,https://www.gjel.com/blog/two-vehicle-accident-with-injuries-in-monterey
español,1080,1080,https://www.gjel.com/es/blog/colision-de-dos-vehiculos-en-santa-rosa-deja-a-una-persona-herida,1,https://www.gjel.com/blog/two-vehicle-collision-in-santa-rosa-leaves-one-injured
español,1080,1080,https://www.gjel.com/es/blog/choque-de-dos-vehiculos-deja-al-menos-un-lesionado,1,https://www.gjel.com/blog/two-vehicle-collision-leaves-at-least-one-injured
español,1080,1080,https://www.gjel.com/es/blog/choque-de-dos-vehiculos-lesiones-graves,1,https://www.gjel.com/blog/two-vehicle-collision-major-injuries
español,1080,1080,https://www.gjel.com/es/blog/choque-de-dos-vehiculos-deja-victimas-hospitalizadas,1,https://www.gjel.com/blog/two-vehicle-crash-leaves-victims-hospitalized
español,1080,1080,https://www.gjel.com/es/blog/choque-de-dos-vehiculos-deja-victimas-lesionadas-2,1,https://www.gjel.com/blog/two-vehicle-collision-leaves-victims-injured-2
español,1080,1080,https://www.gjel.com/es/blog/choque-de-dos-vehiculos-en-coalinga-envia-victimas-al-hospital,1,https://www.gjel.com/blog/two-vehicle-crash-in-coalinga-sends-victims-to-hospital
español,1080,1080,https://www.gjel.com/es/blog/choque-de-dos-vehiculos-cierra-west-ripon-road-en-manteca,1,https://www.gjel.com/blog/two-vehicle-crash-shuts-down-west-ripon-road-in-manteca-traffic-collision
español,1080,1080,https://www.gjel.com/es/blog/choque-de-dos-vehiculos-envia-camioneta-por-terraplen,1,https://www.gjel.com/blog/two-vehicle-crash-sends-pickup-truck-down
español,1080,1080,https://www.gjel.com/es/blog/choque-de-dos-vehiculos-en-orinda,1,https://www.gjel.com/blog/two-vehicle-crash-in-orinda
español,1080,1080,https://www.gjel.com/es/blog/two-vehicle-traffic-collision-in-livermore,1,https://www.gjel.com/blog/two-vehicle-traffic-collision-in-livermore
español,1080,1080,https://www.gjel.com/es/blog/choque-con-lesiones-de-dos-vehiculos-en-monterey,1,https://www.gjel.com/blog/two-vehicle-injury-crash-in-monterey
español,1080,1080,https://www.gjel.com/es/blog/choque-de-frente-de-dos-vehiculos-en-folsom,1,https://www.gjel.com/blog/two-vehicle-head-on-collision-in-folsom
español,1080,1080,https://www.gjel.com/es/blog/choque-de-vehiculo-derriba-lineas-electricas,1,https://www.gjel.com/blog/vehicle-crash-causes-power-lines-to-come-down
español,1080,1080,https://www.gjel.com/es/blog/dos-jovenes-motociclistas-electricos-muertos,1,https://www.gjel.com/blog/two-young-e-motorcycle-riders-killed
español,1080,1080,https://www.gjel.com/es/blog/vehiculo-choca-contra-fachada-de-starbucks,1,https://www.gjel.com/blog/vehicle-crashes-through-starbucks-storefront-crash
español,1080,1080,https://www.gjel.com/es/blog/accidente-de-camion-en-west-sacramento-causa-grandes-demoras,1,https://www.gjel.com/blog/west-sacramento-truck-accident-causes-major-delays
español,1080,1080,https://www.gjel.com/es/blog/mujer-muere-y-hombre-herido-en-choque-en-sentido-contrario,1,https://www.gjel.com/blog/woman-killed-man-injured-in-wrong-way-crash
español,1080,1080,https://www.gjel.com/es/blog/mujer-muere-tras-accidente-de-bicicleta-con-fuga,1,https://www.gjel.com/blog/woman-dies-after-hit-and-run-bicycle-crash
español,1080,1080,https://www.gjel.com/es/blog/mujer-expulsada-y-muerta-en-accidente-de-motocicleta,1,https://www.gjel.com/blog/woman-ejected-and-killed-in-motorcycle-accident
español,1080,1080,https://www.gjel.com/es/blog/mujer-muerta-en-choque-con-camion-de-carga,1,https://www.gjel.com/blog/woman-fatally-killed-in-big-rig-collision
español,1080,1080,https://www.gjel.com/es/blog/workplace-accident-canyon-tunnel-project-collapse,1,https://www.gjel.com/blog/workplace-accident-canyon-tunnel-project-collapse
español,1080,1080,https://www.gjel.com/es/blog/woman-killed-in-fatal-dui-head-on-crash,1,https://www.gjel.com/blog/woman-killed-in-fatal-dui-head-on-crash
español,1080,1080,https://www.gjel.com/es/abogados-de-accidentes-de-barco/calculadora-de-compensacion,1,https://www.gjel.com/boat-accident-lawyers/settlement-calculator
español,1080,1080,https://www.gjel.com/es/blog/wrong-way-crash-ridge-road-fatal-accident,1,https://www.gjel.com/blog/wrong-way-crash-ridge-road-fatal-accident
español,1080,1080,https://www.gjel.com/es/abogados-de-lesiones-cerebrales/5-errores-comunes-que-evitar-al-presentar-un-reclamo-por-lesion-cerebral-en-california,1,https://www.gjel.com/brain-injury-lawyers/5-common-mistakes-to-avoid-when-filing-a-california-brain-injury-claim
español,1080,1080,https://www.gjel.com/es/abogados-de-lesiones-cerebrales/calculadora-de-acuerdos-por-lesion-cerebral-como-estimar-con-precision-el-valor-de-su-acuerdo,1,https://www.gjel.com/brain-injury-lawyers/brain-injury-settlement-calculator-how-to-accurately-estimate-your-settlement-value
español,1080,1080,https://www.gjel.com/es/abogados-de-lesiones-cerebrales/demandas-por-lesiones-cerebrales-4-cosas-que-debe-saber,1,https://www.gjel.com/brain-injury-lawyers/brain-injury-lawsuits-4-things-you-should-know
español,1080,1080,https://www.gjel.com/es/abogados-de-lesiones-cerebrales/ejemplos-de-acuerdos-por-dolor-y-sufrimiento-por-lesion-cerebral,1,https://www.gjel.com/brain-injury-lawyers/brain-injury-pain-and-suffering-settlement-examples
español,1080,1080,https://www.gjel.com/es/abogados-de-lesiones-cerebrales/tipos-comunes-de-lesiones-cerebrales-por-accidentes-de-auto,1,https://www.gjel.com/brain-injury-lawyers/common-types-of-brain-injuries-from-car-accidents
español,1080,1080,https://www.gjel.com/es/abogados-de-lesiones-cerebrales,1,https://www.gjel.com/brain-injury-lawyers
español,1080,1080,https://www.gjel.com/es/abogados-de-lesiones-cerebrales/lesiones-por-conmocion-cerebral,1,https://www.gjel.com/brain-injury-lawyers/concussion-injuries
español,1080,1080,https://www.gjel.com/es/abogados-de-lesiones-cerebrales/compensacion-lesion-cerebral-traumatica-accidente-de-camion,1,https://www.gjel.com/brain-injury-lawyers/compensation-traumatic-brain-injury-semi-truck-accident
español,1080,1080,https://www.gjel.com/es/abogados-de-accidentes-de-barco,1,https://www.gjel.com/boat-accident-lawyers
español,1080,1080,https://www.gjel.com/es/abogados-de-lesiones-cerebrales/cuatro-sintomas-del-sindrome-posconmocional-a-vigilar-despues-de-un-accidente,1,https://www.gjel.com/brain-injury-lawyers/four-post-concussion-syndrome-symptoms-to-watch-for-after-an-accident
español,1080,1080,https://www.gjel.com/es/abogados-de-lesiones-cerebrales/las-lesiones-cerebrales-traumaticas-cambian-tu-personalidad,1,https://www.gjel.com/brain-injury-lawyers/do-traumatic-brain-injuries-change-your-personality
español,1080,1080,https://www.gjel.com/es/abogados-de-lesiones-cerebrales/como-saber-si-tienes-una-conmocion-cerebral,1,https://www.gjel.com/brain-injury-lawyers/how-do-you-know-if-you-have-a-concussion
español,1080,1080,https://www.gjel.com/es/abogados-de-lesiones-cerebrales/cuanto-tiempo-tiene-para-presentar-un-reclamo-por-lesion-cerebral-despues-de-un-accidente-de-auto,1,https://www.gjel.com/brain-injury-lawyers/how-long-do-you-have-to-file-a-brain-injury-claim-after-a-car-accident
español,1080,1080,https://www.gjel.com/es/abogados-de-lesiones-cerebrales/senales-y-sintomas-comunes-de-una-lesion-cerebral-traumatica,1,https://www.gjel.com/brain-injury-lawyers/common-signs-and-symptoms-of-a-traumatic-brain-injury
español,1080,1080,https://www.gjel.com/es/abogados-de-lesiones-cerebrales/como-los-acuerdos-por-lesion-cerebral-ayudan-a-mejorar-la-vida-de-los-sobrevivientes,1,https://www.gjel.com/brain-injury-lawyers/how-brain-injury-settlements-help-improve-the-lives-of-tbi-survivors
español,1080,1080,https://www.gjel.com/es/abogados-de-lesiones-cerebrales/como-lidiar-con-los-efectos-a-largo-plazo-de-una-lesion-cerebral-traumatica,1,https://www.gjel.com/brain-injury-lawyers/coping-with-the-long-term-effects-of-traumatic-brain-injury
español,1080,1080,https://www.gjel.com/es/abogados-de-lesiones-cerebrales/cuanto-cuesta-realmente-tratar-una-lesion-cerebral-traumatica,1,https://www.gjel.com/brain-injury-lawyers/how-much-does-it-really-cost-to-treat-a-traumatic-brain-injury
español,1080,1080,https://www.gjel.com/es/abogados-de-lesiones-cerebrales/que-tan-comunes-son-las-lesiones-cerebrales-traumaticas-en-california,1,https://www.gjel.com/brain-injury-lawyers/how-common-are-traumatic-brain-injuries-in-california
español,1080,1080,https://www.gjel.com/es/abogados-de-lesiones-cerebrales/aumenta-una-lesion-cerebral-el-riesgo-de-derrame-cerebral,1,https://www.gjel.com/brain-injury-lawyers/does-a-brain-injury-increase-the-risk-of-stroke
español,1080,1080,https://www.gjel.com/es/abogados-de-lesiones-cerebrales/como-construir-un-caso-solido-para-una-demanda-por-lesion-cerebral-en-california,1,https://www.gjel.com/brain-injury-lawyers/how-to-build-a-strong-case-for-a-brain-injury-lawsuit-in-california
español,1080,1080,https://www.gjel.com/es/blog/mujer-y-su-perro-muertos-en-accidente-fatal-de-peaton,1,https://www.gjel.com/blog/woman-and-her-dog-killed-in-fatal-pedestrian-accident
español,1080,1080,https://www.gjel.com/es/abogados-de-lesiones-cerebrales/como-encontrar-el-mejor-abogado-de-lesiones-cerebrales-cerca-de-mi,1,https://www.gjel.com/brain-injury-lawyers/how-to-find-the-best-brain-injury-lawyer-near-me
español,1080,1080,https://www.gjel.com/es/abogados-de-lesiones-cerebrales/que-tan-bien-previenen-los-cascos-las-lesiones-cerebrales,1,https://www.gjel.com/brain-injury-lawyers/how-well-do-helmets-prevent-brain-injury
español,1080,1080,https://www.gjel.com/es/abogados-de-lesiones-cerebrales/es-normal-tener-dolores-de-cabeza-despues-de-una-conmocion-cerebral,1,https://www.gjel.com/brain-injury-lawyers/is-it-normal-to-have-headaches-after-a-concussion
español,1080,1080,https://www.gjel.com/es/abogados-de-lesiones-cerebrales/como-obtener-compensacion-por-una-lesion-cerebral-de-un-accidente-de-auto,1,https://www.gjel.com/brain-injury-lawyers/how-to-get-compensation-for-a-brain-injury-from-a-car-accident
español,1080,1080,https://www.gjel.com/es/abogados-de-lesiones-cerebrales/tipos-mas-comunes-de-lesion-cerebral-traumatica,1,https://www.gjel.com/brain-injury-lawyers/most-common-types-of-traumatic-brain-injury
español,1080,1080,https://www.gjel.com/es/abogados-de-lesiones-cerebrales/reclamos-por-lesion-cerebral-no-traumatica,1,https://www.gjel.com/brain-injury-lawyers/non-traumatic-brain-injury-claims
español,1080,1080,https://www.gjel.com/es/abogados-de-lesiones-cerebrales/se-puede-tener-una-conmocion-cerebral-sin-golpearse-la-cabeza,1,https://www.gjel.com/brain-injury-lawyers/can-you-get-a-concussion-without-hitting-your-head
español,1080,1080,https://www.gjel.com/es/abogados-de-lesiones-cerebrales/abogado-de-sindrome-posconmocional,1,https://www.gjel.com/brain-injury-lawyers/post-concussion-syndrome-attorney
español,1080,1080,https://www.gjel.com/es/abogados-de-lesiones-cerebrales/deberia-considerar-buscar-un-planificador-de-cuidados-de-vida-tras-una-lesion-cerebral,1,https://www.gjel.com/brain-injury-lawyers/should-i-consider-finding-a-life-care-planner-following-a-brain-injury
español,1080,1080,https://www.gjel.com/es/abogados-de-lesiones-cerebrales/siete-mitos-comunes-sobre-las-lesiones-cerebrales,1,https://www.gjel.com/brain-injury-lawyers/seven-common-myths-about-brain-injury
español,1080,1080,https://www.gjel.com/es/abogados-de-lesiones-cerebrales/sintomas-de-conmocion-cerebral-lo-que-necesita-saber,1,https://www.gjel.com/brain-injury-lawyers/symptoms-of-concussion-what-you-need-to-know
español,1080,1080,https://www.gjel.com/es/abogados-de-lesiones-cerebrales/sintomas-de-una-conmocion-cerebral-entendiendo-las-senales-y-sintomas-de-lesion-cerebral-traumatica-leve,1,https://www.gjel.com/brain-injury-lawyers/symptoms-of-a-concussion-understanding-the-signs-and-symptoms-of-mild-traumatic-brain-injury
español,1080,1080,https://www.gjel.com/es/abogados-de-lesiones-cerebrales/acuerdos-por-lesion-cerebral-traumatica-entendiendo-el-valor-del-caso,1,https://www.gjel.com/brain-injury-lawyers/tbi-settlements-understanding-case-value
español,1080,1080,https://www.gjel.com/es/abogados-de-lesiones-cerebrales/senales-sintomas-lesion-en-la-cabeza-en-adultos,1,https://www.gjel.com/brain-injury-lawyers/signs-symptoms-head-injury-in-adults
español,1080,1080,https://www.gjel.com/es/abogados-de-lesiones-cerebrales/efectos-secundarios-y-complicaciones-de-lesion-cerebral-traumatica,1,https://www.gjel.com/brain-injury-lawyers/tbi-side-effects-and-complications
español,1080,1080,https://www.gjel.com/es/abogados-de-lesiones-cerebrales/la-diferencia-entre-lesiones-cerebrales-traumaticas-y-adquiridas,1,https://www.gjel.com/brain-injury-lawyers/the-difference-between-traumatic-and-acquired-brain-injuries
español,1080,1080,https://www.gjel.com/es/abogados-de-lesiones-cerebrales/lesion-cerebral-traumatica-un-analisis-de-las-estadisticas-del-cdc,1,https://www.gjel.com/brain-injury-lawyers/traumatic-brain-injury-tbi-a-dive-into-the-cdcs-statistics
español,1080,1080,https://www.gjel.com/es/abogados-de-lesiones-cerebrales/cual-es-el-riesgo-de-muerte-despues-de-una-lesion-cerebral,1,https://www.gjel.com/brain-injury-lawyers/what-is-the-risk-of-death-after-a-brain-injury
español,1080,1080,https://www.gjel.com/es/abogados-de-lesiones-cerebrales/que-cualidades-debe-buscar-en-un-abogado-de-lesiones-cerebrales,1,https://www.gjel.com/brain-injury-lawyers/what-qualities-should-you-look-for-in-a-brain-injury-attorney
español,1080,1080,https://www.gjel.com/es/abogados-de-lesiones-cerebrales/que-hacer-si-sufre-una-lesion-cerebral-por-una-caida,1,https://www.gjel.com/brain-injury-lawyers/what-to-do-if-you-suffer-brain-injury-from-a-fall
español,1080,1080,https://www.gjel.com/es/abogados-de-lesiones-cerebrales/podre-conducir-en-california-despues-de-una-lesion-cerebral,1,https://www.gjel.com/brain-injury-lawyers/will-i-be-able-to-drive-in-california-after-a-brain-injury
español,1080,1080,https://www.gjel.com/es/abogados-de-lesiones-cerebrales/que-es-el-tbi,1,https://www.gjel.com/brain-injury-lawyers/what-is-tbi
español,1080,1080,https://www.gjel.com/es/abogados-de-lesiones-cerebrales/cuales-son-los-diferentes-tipos-de-conmocion-cerebral,1,https://www.gjel.com/brain-injury-lawyers/what-are-the-different-types-of-concussion
español,1080,1080,https://www.gjel.com/es/abogados-de-lesiones-cerebrales/que-es-una-lesion-del-tallo-cerebral,1,https://www.gjel.com/brain-injury-lawyers/what-is-a-brain-stem-injury
español,1080,1080,https://www.gjel.com/es/abogados-de-lesiones-cerebrales/los-diez-sintomas-de-lesion-cerebral-que-no-debe-ignorar,1,https://www.gjel.com/brain-injury-lawyers/the-ten-brain-injury-symptoms-you-shouldnt-ignore
español,1080,1080,https://www.gjel.com/es/abogados-de-lesiones-cerebrales/que-es-la-cte,1,https://www.gjel.com/brain-injury-lawyers/what-is-cte
español,1080,1080,https://www.gjel.com/es/abogados-de-accidentes-de-autobus/accidentes-graves,1,https://www.gjel.com/bus-accident-lawyers/serious-accidents
español,1080,1080,https://www.gjel.com/es/abogado-de-lesiones-de-cadera,1,https://www.gjel.com/broken-hip-injury-attorney
español,1080,1080,https://www.gjel.com/es/abogados-de-accidentes-de-autobus/que-hacer-si-resultas-herido-en-un-accidente-de-autobus,1,https://www.gjel.com/bus-accident-lawyers/what-to-do-if-youre-injured-in-a-bus-accident
español,1080,1080,https://www.gjel.com/es/abogados-de-lesiones-por-huesos-rotos,1,https://www.gjel.com/broken-bones-lawyer
español,1080,1080,https://www.gjel.com/es/abogados-de-accidentes-de-autobus/que-hacer-despues-de-un-accidente-de-autobus,1,https://www.gjel.com/bus-accident-lawyers/next-steps-after-bus-accident
español,1080,1080,https://www.gjel.com/es/abogados-de-accidentes-de-bicicleta-en-california,1,https://www.gjel.com/california-bicycle-accident-lawyers
español,1080,1080,https://www.gjel.com/es/abogados-de-accidentes-de-bicicleta-en-california/estadisticas-de-accidentes-de-bicicleta-eeuu-area-de-la-bahia,1,https://www.gjel.com/california-bicycle-accident-lawyers/bicycle-accident-statistics-us-bay-area
español,1080,1080,https://www.gjel.com/es/abogados-de-lesiones-por-quemaduras,1,https://www.gjel.com/burn-injury-lawyers
español,1080,1080,https://www.gjel.com/es/abogados-de-accidentes-de-bicicleta-en-california/accidente-de-bicicleta-por-apertura-de-puerta,1,https://www.gjel.com/california-bicycle-accident-lawyers/bicycle-dooring-accident
español,1080,1080,https://www.gjel.com/es/abogados-de-accidentes-de-bicicleta-en-california/accidente-de-bicicleta-atropellado-por-auto-en-la-acera,1,https://www.gjel.com/california-bicycle-accident-lawyers/bike-accident-hit-by-car-on-sidewalk
español,1080,1080,https://www.gjel.com/es/abogados-de-lesiones-por-huesos-rotos/calculadora-de-acuerdos,1,https://www.gjel.com/broken-bones-lawyer/settlement-calculator
español,1080,1080,https://www.gjel.com/es/abogados-de-accidentes-de-bicicleta-en-california/seguridad-en-bicicleta,1,https://www.gjel.com/california-bicycle-accident-lawyers/bicycle-safety
español,1080,1080,https://www.gjel.com/es/abogados-de-accidentes-de-autobus/calculadora-de-acuerdos,1,https://www.gjel.com/bus-accident-lawyers/settlement-calculator
español,1080,1080,https://www.gjel.com/es/abogados-de-accidentes-de-autobus,1,https://www.gjel.com/bus-accident-lawyers
español,1080,1080,https://www.gjel.com/es/abogados-de-accidentes-de-bicicleta-en-california/compensacion-ciclista-accidente-de-auto,1,https://www.gjel.com/california-bicycle-accident-lawyers/cyclist-car-accident-compensation
español,1080,1080,https://www.gjel.com/es/abogados-de-accidentes-de-bicicleta-en-california/leyes-y-lesiones-de-scooters-electricos-en-el-area-de-la-bahia-lo-que-los-conductores-deben-saber,1,https://www.gjel.com/california-bicycle-accident-lawyers/electric-scooter-laws-injuries-in-the-bay-area-what-riders-must-know
español,1080,1080,https://www.gjel.com/es/abogados-de-accidentes-de-bicicleta-en-california/cuanto-tiempo-tengo-para-presentar-un-reclamo-por-accidente-de-bicicleta-en-california,1,https://www.gjel.com/california-bicycle-accident-lawyers/how-long-do-i-have-to-file-a-bike-accident-claim-in-california
español,1080,1080,https://www.gjel.com/es/abogados-de-accidentes-de-bicicleta-en-california/atropellado-por-un-auto-accidente-de-bicicleta,1,https://www.gjel.com/california-bicycle-accident-lawyers/hit-by-a-car-bicycle-accident
español,1080,1080,https://www.gjel.com/es/abogados-de-accidentes-de-bicicleta-en-california/demandas-importantes-por-accidentes-de-bicicleta,1,https://www.gjel.com/california-bicycle-accident-lawyers/important-bike-accident-lawsuits
español,1080,1080,https://www.gjel.com/es/abogados-de-accidentes-de-bicicleta-en-california/leyes-de-bicicleta-de-california-seguridad,1,https://www.gjel.com/california-bicycle-accident-lawyers/california-bicycle-laws-safety
español,1080,1080,https://www.gjel.com/es/abogados-de-accidentes-de-bicicleta-en-california/estados-mas-seguros,1,https://www.gjel.com/california-bicycle-accident-lawyers/safest-states
español,1080,1080,https://www.gjel.com/es/abogados-de-accidentes-de-bicicleta-en-california/senales-de-que-necesita-un-abogado-despues-de-su-accidente-de-bicicleta,1,https://www.gjel.com/california-bicycle-accident-lawyers/signs-you-need-an-attorney-after-your-bicycle-accident
español,1080,1080,https://www.gjel.com/es/abogados-de-accidentes-de-bicicleta-en-california/que-hacer-despues-de-un-accidente-de-bicicleta,1,https://www.gjel.com/california-bicycle-accident-lawyers/what-to-do-after-a-bicycle-accident
español,1080,1080,https://www.gjel.com/es/abogado-de-lesiones-por-cuello-roto-california,1,https://www.gjel.com/california-broken-neck-injury-lawyer
español,1080,1080,https://www.gjel.com/es/abogados-de-accidentes-de-construccion-california,1,https://www.gjel.com/california-construction-accident-lawyers
español,1080,1080,https://www.gjel.com/es/abogados-de-crps-en-california/montos-de-acuerdos-de-crps,1,https://www.gjel.com/california-crps-attorneys/crps-settlement-amounts
español,1080,1080,https://www.gjel.com/es/abogados-de-accidentes-de-bicicleta-en-california/calculadora-de-acuerdos,1,https://www.gjel.com/california-bicycle-accident-lawyers/settlement-calculator
español,1080,1080,https://www.gjel.com/es/abogados-de-crps-en-california/calculadora-de-compensacion,1,https://www.gjel.com/california-crps-attorneys/settlement-calculator
español,1080,1080,https://www.gjel.com/es/abogado-de-accidentes-de-limosina-en-california-luchando-por-sus-derechos-y-justicia,1,https://www.gjel.com/california-limousine-accident-lawyer-fighting-for-your-rights-and-justice
español,1080,1080,https://www.gjel.com/es/estadisticas-de-accidentes-de-motocicleta-en-california-que-necesitas-conocer,1,https://www.gjel.com/california-motorcycle-accident-statistics-you-need-to-be-aware-of
español,1080,1080,https://www.gjel.com/es/abogados-de-accidentes-de-bicicleta-en-california/resultados,1,https://www.gjel.com/california-bicycle-accident-lawyers/results
español,1080,1080,https://www.gjel.com/es/abogados-de-accidentes-de-bicicleta-en-california/es-legal-andar-en-bicicleta-en-sentido-contrario,1,https://www.gjel.com/california-bicycle-accident-lawyers/legal-ride-bike-wrong-side
español,1080,1080,https://www.gjel.com/es/abogado-de-lesiones-personales-campbell,1,https://www.gjel.com/campbell-personal-injury-lawyer
español,1080,1080,https://www.gjel.com/es/doctrina-de-california-de-asuncion-primaria-del-riesgo-que-cuando-y-hasta-donde,1,https://www.gjel.com/californias-doctrine-of-primary-assumption-of-the-risk-what-when-and-how-far
español,1080,1080,https://www.gjel.com/es/puedo-reclamar-por-ansiedad-despues-de-un-accidente-de-auto,1,https://www.gjel.com/can-i-claim-for-anxiety-after-a-car-accident
español,1080,1080,https://www.gjel.com/es/puede-un-abogado-llegar-a-un-acuerdo-sin-mi-consentimiento,1,https://www.gjel.com/can-lawyer-settle-without-consent
español,1080,1080,https://www.gjel.com/es/abogados-de-accidentes-de-auto,1,https://www.gjel.com/car-accident-lawyers
español,1080,1080,https://www.gjel.com/es/abogados-de-crps-en-california,1,https://www.gjel.com/california-crps-attorneys
español,1080,1080,https://www.gjel.com/es/abogados-de-accidentes-de-auto/reconstruccion-de-accidentes,1,https://www.gjel.com/car-accident-lawyers/accident-reconstruction
español,1080,1080,https://www.gjel.com/es/abogados-de-accidentes-de-construccion-california/calculadora-de-acuerdos,1,https://www.gjel.com/california-construction-accident-lawyers/settlement-calculator
español,1080,1080,https://www.gjel.com/es/abogados-de-accidentes-de-auto/huesos-rotos-fracturas-accidente-de-auto,1,https://www.gjel.com/car-accident-lawyers/broken-bones-fractures-car-accident
español,1080,1080,https://www.gjel.com/es/abogado-de-lesiones-por-cuello-roto-california/calculadora-de-acuerdos,1,https://www.gjel.com/california-broken-neck-injury-lawyer/settlement-calculator
español,1080,1080,https://www.gjel.com/es/abogados-de-accidentes-de-auto/puedo-demandar-a-uber-despues-de-un-accidente-de-auto,1,https://www.gjel.com/car-accident-lawyers/can-i-sue-uber-after-a-car-accident
español,1080,1080,https://www.gjel.com/es/abogados-de-lesiones-por-aplastamiento-de-techo-en-california/calculadora-de-compensacion,1,https://www.gjel.com/california-roof-crush-injury-lawyers/settlement-calculator
español,1080,1080,https://www.gjel.com/es/abogados-de-accidentes-de-auto/abogados-de-accidentes-de-auto-alameda,1,https://www.gjel.com/car-accident-lawyers/car-accident-attorneys-alameda
español,1080,1080,https://www.gjel.com/es/abogados-de-crps-en-california/veredictos-acuerdos,1,https://www.gjel.com/california-crps-attorneys/verdicts-settlements
español,1080,1080,https://www.gjel.com/es/abogados-de-accidentes-de-auto/abogados-de-accidentes-de-auto-benicia,1,https://www.gjel.com/car-accident-lawyers/car-accident-attorneys-benicia
español,1080,1080,https://www.gjel.com/es/abogados-de-accidentes-de-auto/abogados-de-accidentes-de-auto-albany,1,https://www.gjel.com/car-accident-lawyers/car-accident-attorneys-albany
español,1080,1080,https://www.gjel.com/es/abogados-de-accidentes-de-auto/abogados-de-accidentes-de-auto-campbell,1,https://www.gjel.com/car-accident-lawyers/car-accident-attorneys-campbell
español,1080,1080,https://www.gjel.com/es/abogados-de-accidentes-de-auto/abogados-de-accidentes-de-auto-citrus-heights,1,https://www.gjel.com/car-accident-lawyers/car-accident-attorneys-citrus-heights
español,1080,1080,https://www.gjel.com/es/abogados-de-accidentes-de-auto/abogados-de-accidentes-de-auto-brentwood,1,https://www.gjel.com/car-accident-lawyers/car-accident-attorneys-brentwood
español,1080,1080,https://www.gjel.com/es/abogados-de-accidentes-de-auto/abogados-de-accidentes-de-auto-clayton,1,https://www.gjel.com/car-accident-lawyers/car-accident-attorneys-clayton
español,1080,1080,https://www.gjel.com/es/abogados-de-accidentes-de-auto/abogados-de-accidentes-de-auto-cloverdale,1,https://www.gjel.com/car-accident-lawyers/car-accident-attorneys-cloverdale
español,1080,1080,https://www.gjel.com/es/abogados-de-accidentes-de-auto/abogados-de-accidentes-de-auto-clovis,1,https://www.gjel.com/car-accident-lawyers/car-accident-attorneys-clovis
español,1080,1080,https://www.gjel.com/es/abogados-de-accidentes-de-auto/abogados-de-accidentes-de-auto-coalinga,1,https://www.gjel.com/car-accident-lawyers/car-accident-attorneys-coalinga
español,1080,1080,https://www.gjel.com/es/abogados-de-accidentes-de-auto/abogados-de-accidentes-de-auto-anderson,1,https://www.gjel.com/car-accident-lawyers/car-accident-attorneys-anderson
español,1080,1080,https://www.gjel.com/es/abogados-de-accidentes-de-auto/abogados-de-accidentes-de-auto-dixon,1,https://www.gjel.com/car-accident-lawyers/car-accident-attorneys-dixon
español,1080,1080,https://www.gjel.com/es/abogados-de-accidentes-de-auto/abogados-de-accidentes-de-auto-dublin,1,https://www.gjel.com/car-accident-lawyers/car-accident-attorneys-dublin
español,1080,1080,https://www.gjel.com/es/abogados-de-accidentes-de-auto/abogados-de-accidentes-de-auto-danville,1,https://www.gjel.com/car-accident-lawyers/car-accident-attorneys-danville
español,1080,1080,https://www.gjel.com/es/abogados-de-accidentes-de-auto/abogados-de-accidentes-de-auto-cupertino,1,https://www.gjel.com/car-accident-lawyers/car-accident-attorneys-cupertino
español,1080,1080,https://www.gjel.com/es/abogados-de-accidentes-de-auto/abogados-de-accidentes-de-auto-cotati,1,https://www.gjel.com/car-accident-lawyers/car-accident-attorneys-cotati
español,1080,1080,https://www.gjel.com/es/abogados-de-accidentes-de-auto/abogados-de-accidentes-de-auto-elcerrito,1,https://www.gjel.com/car-accident-lawyers/car-accident-attorneys-elcerrito
español,1080,1080,https://www.gjel.com/es/abogados-de-accidentes-de-auto/abogados-de-accidentes-de-auto-elk-grove,1,https://www.gjel.com/car-accident-lawyers/car-accident-attorneys-elk-grove
español,1080,1080,https://www.gjel.com/es/abogados-de-accidentes-de-auto/abogados-de-accidentes-de-auto-emeryville,1,https://www.gjel.com/car-accident-lawyers/car-accident-attorneys-emeryville
español,1080,1080,https://www.gjel.com/es/abogados-de-accidentes-de-auto/abogados-de-accidentes-de-auto-escalon,1,https://www.gjel.com/car-accident-lawyers/car-accident-attorneys-escalon
español,1080,1080,https://www.gjel.com/es/abogados-de-accidentes-de-auto/abogados-de-accidentes-de-auto-firebaugh,1,https://www.gjel.com/car-accident-lawyers/car-accident-attorneys-firebaugh
español,1080,1080,https://www.gjel.com/es/abogados-de-accidentes-de-auto/abogados-de-accidentes-de-auto-folsom,1,https://www.gjel.com/car-accident-lawyers/car-accident-attorneys-folsom
español,1080,1080,https://www.gjel.com/es/abogados-de-accidentes-de-auto/abogados-de-accidentes-de-auto-fowler,1,https://www.gjel.com/car-accident-lawyers/car-accident-attorneys-fowler
español,1080,1080,https://www.gjel.com/es/abogados-de-accidentes-de-auto/abogados-de-accidentes-de-auto-galt,1,https://www.gjel.com/car-accident-lawyers/car-accident-attorneys-galt
español,1080,1080,https://www.gjel.com/es/abogados-de-accidentes-de-auto/abogados-de-accidentes-de-auto-huron,1,https://www.gjel.com/car-accident-lawyers/car-accident-attorneys-huron
español,1080,1080,https://www.gjel.com/es/abogados-de-accidentes-de-auto/abogados-de-accidentes-de-auto-hercules,1,https://www.gjel.com/car-accident-lawyers/car-accident-attorneys-hercules
español,1080,1080,https://www.gjel.com/es/abogados-de-accidentes-de-auto/abogados-de-accidentes-de-auto-kerman,1,https://www.gjel.com/car-accident-lawyers/car-accident-attorneys-kerman
español,1080,1080,https://www.gjel.com/es/abogados-de-accidentes-de-auto/abogados-de-accidentes-de-auto-los-altos,1,https://www.gjel.com/car-accident-lawyers/car-accident-attorneys-los-altos
español,1080,1080,https://www.gjel.com/es/abogados-de-accidentes-de-auto/abogados-de-accidentes-de-auto-los-gatos,1,https://www.gjel.com/car-accident-lawyers/car-accident-attorneys-los-gatos
español,1080,1080,https://www.gjel.com/es/abogados-de-accidentes-de-auto/abogados-de-accidentes-de-auto-healdsburg,1,https://www.gjel.com/car-accident-lawyers/car-accident-attorneys-healdsburg
español,1080,1080,https://www.gjel.com/es/abogados-de-accidentes-de-auto/abogados-de-accidentes-de-auto-los-altos-hills,1,https://www.gjel.com/car-accident-lawyers/car-accident-attorneys-los-altos-hills
español,1080,1080,https://www.gjel.com/es/abogados-de-accidentes-de-auto/abogados-de-accidentes-de-auto-isleton,1,https://www.gjel.com/car-accident-lawyers/car-accident-attorneys-isleton
español,1080,1080,https://www.gjel.com/es/abogados-de-accidentes-de-auto/abogados-de-accidentes-de-auto-lathrop,1,https://www.gjel.com/car-accident-lawyers/car-accident-attorneys-lathrop
español,1080,1080,https://www.gjel.com/es/abogados-de-accidentes-de-auto/abogados-de-accidentes-de-auto-manteca,1,https://www.gjel.com/car-accident-lawyers/car-accident-attorneys-manteca
español,1080,1080,https://www.gjel.com/es/abogados-de-accidentes-de-auto/abogados-de-accidentes-de-auto-lodi,1,https://www.gjel.com/car-accident-lawyers/car-accident-attorneys-lodi
español,1080,1080,https://www.gjel.com/es/abogados-de-accidentes-de-auto/abogados-de-accidentes-de-auto-milpitas,1,https://www.gjel.com/car-accident-lawyers/car-accident-attorneys-milpitas
español,1080,1080,https://www.gjel.com/es/abogados-de-accidentes-de-auto/abogados-de-accidentes-de-auto-mendota,1,https://www.gjel.com/car-accident-lawyers/car-accident-attorneys-mendota
español,1080,1080,https://www.gjel.com/es/abogados-de-accidentes-de-auto/abogados-de-accidentes-de-auto-kingsburg,1,https://www.gjel.com/car-accident-lawyers/car-accident-attorneys-kingsburg
español,1080,1080,https://www.gjel.com/es/abogados-de-accidentes-de-auto/abogados-de-accidentes-de-auto-martinez,1,https://www.gjel.com/car-accident-lawyers/car-accident-attorneys-martinez
español,1080,1080,https://www.gjel.com/es/abogados-de-accidentes-de-auto/abogados-de-accidentes-de-auto-monte-sereno,1,https://www.gjel.com/car-accident-lawyers/car-accident-attorneys-monte-sereno
español,1080,1080,https://www.gjel.com/es/abogados-de-accidentes-de-auto/abogados-de-accidentes-de-auto-moraga,1,https://www.gjel.com/car-accident-lawyers/car-accident-attorneys-moraga
español,1080,1080,https://www.gjel.com/es/abogados-de-accidentes-de-auto/abogados-de-accidentes-de-auto-mountain-view,1,https://www.gjel.com/car-accident-lawyers/car-accident-attorneys-mountain-view
español,1080,1080,https://www.gjel.com/es/abogados-de-accidentes-de-auto/abogados-de-accidentes-de-auto-lafayette,1,https://www.gjel.com/car-accident-lawyers/car-accident-attorneys-lafayette
español,1080,1080,https://www.gjel.com/es/abogados-de-accidentes-de-auto/abogados-de-accidentes-de-auto-orange-cove,1,https://www.gjel.com/car-accident-lawyers/car-accident-attorneys-orange-cove
español,1080,1080,https://www.gjel.com/es/abogados-de-accidentes-de-auto/abogados-de-accidentes-de-auto-newark,1,https://www.gjel.com/car-accident-lawyers/car-accident-attorneys-newark
español,1080,1080,https://www.gjel.com/es/abogados-de-accidentes-de-auto/abogados-de-accidentes-de-auto-palo-alto,1,https://www.gjel.com/car-accident-lawyers/car-accident-attorneys-palo-alto
español,1080,1080,https://www.gjel.com/es/abogados-de-accidentes-de-auto/abogados-de-accidentes-de-auto-oakley,1,https://www.gjel.com/car-accident-lawyers/car-accident-attorneys-oakley
español,1080,1080,https://www.gjel.com/es/abogados-de-accidentes-de-auto/abogados-de-accidentes-de-auto-reedley,1,https://www.gjel.com/car-accident-lawyers/car-accident-attorneys-reedley
español,1080,1080,https://www.gjel.com/es/abogados-de-accidentes-de-auto/abogados-de-accidentes-de-auto-rohnert-park,1,https://www.gjel.com/car-accident-lawyers/car-accident-attorneys-rohnert-park
español,1080,1080,https://www.gjel.com/es/abogados-de-accidentes-de-auto/abogados-de-accidentes-de-auto-ripon,1,https://www.gjel.com/car-accident-lawyers/car-accident-attorneys-ripon
español,1080,1080,https://www.gjel.com/es/abogados-de-accidentes-de-auto/abogados-de-accidentes-de-auto-rancho-cordova,1,https://www.gjel.com/car-accident-lawyers/car-accident-attorneys-rancho-cordova
español,1080,1080,https://www.gjel.com/es/abogados-de-accidentes-de-auto/abogados-de-accidentes-de-auto-parlier,1,https://www.gjel.com/car-accident-lawyers/car-accident-attorneys-parlier
español,1080,1080,https://www.gjel.com/es/abogados-de-accidentes-de-auto/abogados-de-accidentes-de-auto-pinole,1,https://www.gjel.com/car-accident-lawyers/car-accident-attorneys-pinole
español,1080,1080,https://www.gjel.com/es/abogados-de-accidentes-de-auto/abogados-de-accidentes-de-auto-pittsburg,1,https://www.gjel.com/car-accident-lawyers/car-accident-attorneys-pittsburg
español,1080,1080,https://www.gjel.com/es/abogados-de-accidentes-de-auto/abogados-de-accidentes-de-auto-petaluma,1,https://www.gjel.com/car-accident-lawyers/car-accident-attorneys-petaluma
español,1080,1080,https://www.gjel.com/es/abogados-de-accidentes-de-auto/abogados-de-accidentes-de-auto-san-joaquin,1,https://www.gjel.com/car-accident-lawyers/car-accident-attorneys-san-joaquin
español,1080,1080,https://www.gjel.com/es/abogados-de-accidentes-de-auto/abogados-de-accidentes-de-auto-pleasant-hill,1,https://www.gjel.com/car-accident-lawyers/car-accident-attorneys-pleasant-hill
español,1080,1080,https://www.gjel.com/es/abogados-de-accidentes-de-auto/abogados-de-accidentes-de-auto-sanger,1,https://www.gjel.com/car-accident-lawyers/car-accident-attorneys-sanger
español,1080,1080,https://www.gjel.com/es/abogados-de-accidentes-de-auto/abogados-de-accidentes-de-auto-san-leandro,1,https://www.gjel.com/car-accident-lawyers/car-accident-attorneys-san-leandro
español,1080,1080,https://www.gjel.com/es/abogados-de-accidentes-de-auto/abogados-de-accidentes-de-auto-san-pablo,1,https://www.gjel.com/car-accident-lawyers/car-accident-attorneys-san-pablo
español,1080,1080,https://www.gjel.com/es/abogados-de-accidentes-de-auto/abogados-de-accidentes-de-auto-rio-vista,1,https://www.gjel.com/car-accident-lawyers/car-accident-attorneys-rio-vista
español,1080,1080,https://www.gjel.com/es/abogados-de-accidentes-de-auto/abogados-de-accidentes-de-auto-santa-clara,1,https://www.gjel.com/car-accident-lawyers/car-accident-attorneys-santa-clara
español,1080,1080,https://www.gjel.com/es/abogados-de-accidentes-de-auto/abogados-de-accidentes-de-auto-saratoga,1,https://www.gjel.com/car-accident-lawyers/car-accident-attorneys-saratoga
español,1080,1080,https://www.gjel.com/es/abogados-de-accidentes-de-auto/abogados-de-accidentes-de-auto-sebastopol,1,https://www.gjel.com/car-accident-lawyers/car-accident-attorneys-sebastopol
español,1080,1080,https://www.gjel.com/es/abogados-de-accidentes-de-auto/abogados-de-accidentes-de-auto-shasta-lake,1,https://www.gjel.com/car-accident-lawyers/car-accident-attorneys-shasta-lake
español,1080,1080,https://www.gjel.com/es/abogados-de-accidentes-de-auto/abogados-de-accidentes-de-auto-selma,1,https://www.gjel.com/car-accident-lawyers/car-accident-attorneys-selma
español,1080,1080,https://www.gjel.com/es/abogados-de-accidentes-de-auto/abogados-de-accidentes-de-auto-suisun-city,1,https://www.gjel.com/car-accident-lawyers/car-accident-attorneys-suisun-city
español,1080,1080,https://www.gjel.com/es/abogados-de-accidentes-de-auto/abogados-de-accidentes-de-auto-sunnyvale,1,https://www.gjel.com/car-accident-lawyers/car-accident-attorneys-sunnyvale
español,1080,1080,https://www.gjel.com/es/abogados-de-accidentes-de-auto/abogados-de-accidentes-de-auto-tracy,1,https://www.gjel.com/car-accident-lawyers/car-accident-attorneys-tracy
español,1080,1080,https://www.gjel.com/es/abogados-de-accidentes-de-auto/abogados-de-accidentes-de-auto-vacaville,1,https://www.gjel.com/car-accident-lawyers/car-accident-attorneys-vacaville
español,1080,1080,https://www.gjel.com/es/abogados-de-accidentes-de-auto/abogados-de-accidentes-de-auto-vallejo,1,https://www.gjel.com/car-accident-lawyers/car-accident-attorneys-vallejo
español,1080,1080,https://www.gjel.com/es/abogados-de-accidentes-de-auto/abogados-de-accidentes-de-auto-union-city,1,https://www.gjel.com/car-accident-lawyers/car-accident-attorneys-union-city
español,1080,1080,https://www.gjel.com/es/abogados-de-accidentes-de-auto/declaracion-por-accidente-de-auto,1,https://www.gjel.com/car-accident-lawyers/car-accident-deposition
español,1080,1080,https://www.gjel.com/es/abogados-de-accidentes-de-auto/impacto-de-los-accidentes-de-auto-en-la-salud-mental,1,https://www.gjel.com/car-accident-lawyers/car-accident-impact-to-mental-health
español,1080,1080,https://www.gjel.com/es/abogados-de-accidentes-de-auto/abogados-de-accidentes-de-auto-sonoma,1,https://www.gjel.com/car-accident-lawyers/car-accident-attorneys-sonoma
español,1080,1080,https://www.gjel.com/es/abogados-de-accidentes-de-auto/consejos-de-negociacion-de-acuerdo-por-accidente-de-auto,1,https://www.gjel.com/car-accident-lawyers/car-accident-settlement-negotiation-tips
español,1080,1080,https://www.gjel.com/es/abogados-de-accidentes-de-auto/lista-de-verificacion-de-accidentes-de-auto,1,https://www.gjel.com/car-accident-lawyers/car-accident-checklist
español,1080,1080,https://www.gjel.com/es/abogados-de-accidentes-de-auto/preguntas-sobre-accidentes-de-auto,1,https://www.gjel.com/car-accident-lawyers/car-accident-questions
español,1080,1080,https://www.gjel.com/es/abogados-de-accidentes-de-auto/lesion-tardia-reclamar-compensacion-accidente-de-auto-ca,1,https://www.gjel.com/car-accident-lawyers/delayed-injury-claiming-compensation-car-accident-ca
español,1080,1080,https://www.gjel.com/es/abogados-de-accidentes-de-auto/resenas-de-abogados-de-accidentes-de-auto,1,https://www.gjel.com/car-accident-lawyers/car-accident-lawyer-reviews
español,1080,1080,https://www.gjel.com/es/abogados-de-accidentes-de-auto/abogados-de-accidentes-de-auto-windsor,1,https://www.gjel.com/car-accident-lawyers/car-accident-attorneys-windsor
español,1080,1080,https://www.gjel.com/es/abogados-de-accidentes-de-auto/oferta-de-acuerdo-justa,1,https://www.gjel.com/car-accident-lawyers/fair-settlement-offer
español,1080,1080,https://www.gjel.com/es/abogados-de-accidentes-de-auto/abogados-daly-city,1,https://www.gjel.com/car-accident-lawyers/daly-city-attorneys
español,1080,1080,https://www.gjel.com/es/abogados-de-accidentes-de-auto/cuestiones-de-deber-en-casos-de-vehiculo-fuera-de-control-error-de-pedal-en-california,1,https://www.gjel.com/car-accident-lawyers/duty-issues-in-california-runaway-vehicle-pedal-error-cases
español,1080,1080,https://www.gjel.com/es/abogados-de-accidentes-de-auto/cuanto-tiempo-toma-resolver-un-caso-de-accidente-de-auto-en-california,1,https://www.gjel.com/car-accident-lawyers/how-long-does-it-take-to-settle-a-car-accident-case-in-california
español,1080,1080,https://www.gjel.com/es/abogados-de-accidentes-de-auto/necesita-un-abogado-despues-de-un-accidente-de-auto,1,https://www.gjel.com/car-accident-lawyers/do-you-need-a-lawyer-after-a-car-accident
español,1080,1080,https://www.gjel.com/es/abogados-de-accidentes-de-auto/dolor-y-sufrimiento-accidente-auto-demandar-ca,1,https://www.gjel.com/car-accident-lawyers/car-accident-pain-suffering-sue-ca
español,1080,1080,https://www.gjel.com/es/abogados-de-accidentes-de-auto/gjel-com-abogados-de-accidentes-de-auto-livermore,1,https://www.gjel.com/car-accident-lawyers/gjel-com-car-accident-attorneys-livermore
español,1080,1080,https://www.gjel.com/es/abogados-de-accidentes-de-auto/no-me-siento-lastimado-despues-de-mi-accidente-de-auto-debo-ver-a-un-medico,1,https://www.gjel.com/car-accident-lawyers/i-dont-feel-hurt-after-my-car-accident-should-i-see-a-doctor
español,1080,1080,https://www.gjel.com/es/abogados-de-accidentes-de-auto/errores-a-evitar-despues-de-un-accidente,1,https://www.gjel.com/car-accident-lawyers/mistakes-to-avoid-after-accident
español,1080,1080,https://www.gjel.com/es/abogados-de-accidentes-de-auto/sin-reporte-policial,1,https://www.gjel.com/car-accident-lawyers/no-police-report
español,1080,1080,https://www.gjel.com/es/abogados-de-accidentes-de-auto/accidentes-por-alcance,1,https://www.gjel.com/car-accident-lawyers/rear-end-car-accidents
español,1080,1080,https://www.gjel.com/es/abogados-de-accidentes-de-auto/resultando-en-muerte,1,https://www.gjel.com/car-accident-lawyers/resulting-death
español,1080,1080,https://www.gjel.com/es/abogados-de-accidentes-de-auto/plazo-de-prescripcion,1,https://www.gjel.com/car-accident-lawyers/statute-limitations
español,1080,1080,https://www.gjel.com/es/abogados-de-accidentes-de-auto/volcadura-suv,1,https://www.gjel.com/car-accident-lawyers/suv-rollover
español,1080,1080,https://www.gjel.com/es/abogados-de-accidentes-de-auto/choque-por-detras-siempre-es-culpa-de-la-otra-persona,1,https://www.gjel.com/car-accident-lawyers/rear-ended-always-other-persons-fault
español,1080,1080,https://www.gjel.com/es/abogados-de-accidentes-de-auto/accidentes-de-uber-y-lyft-rideshare/responsabilidad-potencial,1,https://www.gjel.com/car-accident-lawyers/rideshare-uber-lyft-accidents/potential-liability
español,1080,1080,https://www.gjel.com/es/abogados-de-accidentes-de-auto/reportar-accidente-de-auto-california,1,https://www.gjel.com/car-accident-lawyers/report-car-accident-california
español,1080,1080,https://www.gjel.com/es/abogados-de-accidentes-de-auto/accidentes-de-uber-y-lyft-rideshare,1,https://www.gjel.com/car-accident-lawyers/rideshare-uber-lyft-accidents
español,1080,1080,https://www.gjel.com/es/abogados-de-accidentes-de-auto/las-implicaciones-de-seguridad-de-los-autos-sin-conductor,1,https://www.gjel.com/car-accident-lawyers/the-safety-implications-of-driverless-cars
español,1080,1080,https://www.gjel.com/es/abogados-de-accidentes-de-auto/accidentes-de-uber-y-lyft-rideshare/uber-y-lyft,1,https://www.gjel.com/car-accident-lawyers/rideshare-uber-lyft-accidents/uber-and-lyft
español,1080,1080,https://www.gjel.com/es/abogados-de-accidentes-de-auto/consejos-para-prevenir-accidentes-de-auto,1,https://www.gjel.com/car-accident-lawyers/tips-to-prevent-car-accidents
español,1080,1080,https://www.gjel.com/es/abogados-de-accidentes-de-auto/que-es-la-ley-de-fuga-tras-accidente-en-california-todo-lo-que-necesita-saber,1,https://www.gjel.com/car-accident-lawyers/what-is-the-california-hit-and-run-law-everything-you-need-to-know
español,1080,1080,https://www.gjel.com/es/abogados-de-accidentes-de-auto/accidentes-por-alcance/calculadora-de-acuerdos,1,https://www.gjel.com/car-accident-lawyers/rear-end-car-accidents/settlement-calculator
español,1080,1080,https://www.gjel.com/es/abogados-de-accidentes-de-auto/que-hacer-despues-de-un-accidente-de-auto,1,https://www.gjel.com/car-accident-lawyers/what-to-do-after-a-car-accident
español,1080,1080,https://www.gjel.com/es/abogados-de-accidentes-de-auto/cuando-llamar-a-un-abogado-despues-de-un-accidente-de-auto,1,https://www.gjel.com/car-accident-lawyers/when-should-you-call-a-lawyer-after-a-car-accident
español,1080,1080,https://www.gjel.com/es/abogados-de-accidentes-de-auto/que-es-un-accidente-tipo-t-abogados-de-accidentes-de-auto,1,https://www.gjel.com/car-accident-lawyers/what-is-a-t-bone-accident-car-accident-lawyers
español,1080,1080,https://www.gjel.com/es/abogados-de-accidentes-de-auto/cuando-debe-contratar-a-un-abogado,1,https://www.gjel.com/car-accident-lawyers/when-should-you-hire-an-attorney
español,1080,1080,https://www.gjel.com/es/acuerdo-por-accidente-de-auto-en-el-condado-de-contra-costa,1,https://www.gjel.com/car-accident-settlement-in-contra-costa-county
español,1080,1080,https://www.gjel.com/es/oferta-baja-de-acuerdo-por-accidente-de-auto,1,https://www.gjel.com/car-accident-settlement-lowball-offer
español,1080,1080,https://www.gjel.com/es/accidente-de-auto-visitando-california,1,https://www.gjel.com/car-accident-visiting-california
español,1080,1080,https://www.gjel.com/es/abogados-de-accidentes-de-auto/volcadura-suv/calculadora-de-acuerdos,1,https://www.gjel.com/car-accident-lawyers/suv-rollover/settlement-calculator
español,1080,1080,https://www.gjel.com/es/abogados-de-accidentes-de-auto/resultando-en-muerte/calculadora-de-acuerdos,1,https://www.gjel.com/car-accident-lawyers/resulting-death/settlement-calculator
español,1080,1080,https://www.gjel.com/es/abogados-de-accidentes-de-auto/consejos-para-negociar-un-acuerdo,1,https://www.gjel.com/car-accident-lawyers/settlement-negotiation-tips
español,1080,1080,https://www.gjel.com/es/car-accidents/quien-paga-mi-auto-de-alquiler-despues-de-un-accidente-en-california,1,https://www.gjel.com/car-accidents/who-pays-for-my-rental-car-after-an-accident-in-california
español,1080,1080,https://www.gjel.com/es/abogados-de-lesiones-por-pulmon-colapsado/calculadora-de-acuerdos,1,https://www.gjel.com/collapsed-lung-injury-lawyers/settlement-calculator
español,1080,1080,https://www.gjel.com/es/case-results,1,https://www.gjel.com/case-results
español,1080,1080,https://www.gjel.com/es/sindrome-de-dolor-regional-complejo-entendiendo-la-lesion-mas-dificil-de-tratar,1,https://www.gjel.com/complex-regional-pain-syndrome-understanding-the-hardest-injury-to-treat
español,1080,1080,https://www.gjel.com/es/case-results/atropello-y-fuga-en-el-centro-de-oakland-acuerdo-de-500k,1,https://www.gjel.com/case-results/downtown-oakland-hit-and-run-500k-settlement
español,1080,1080,https://www.gjel.com/es/concord/lesiones-cerebrales,1,https://www.gjel.com/concord/brain-injury
español,1080,1080,https://www.gjel.com/es/concord/accidentes-de-motocicleta,1,https://www.gjel.com/concord/motorcycle-accidents
español,1080,1080,https://www.gjel.com/es/abogados-de-lesiones-por-pulmon-colapsado,1,https://www.gjel.com/collapsed-lung-injury-lawyers
español,1080,1080,https://www.gjel.com/es/abogado-de-lesiones-catastroficas,1,https://www.gjel.com/catastrophic-injury-lawyer
español,1080,1080,https://www.gjel.com/es/abogado-de-lesiones-catastroficas/calculadora-de-acuerdos,1,https://www.gjel.com/catastrophic-injury-lawyer/settlement-calculator
español,1080,1080,https://www.gjel.com/es/concord,1,https://www.gjel.com/concord
español,1080,1080,https://www.gjel.com/es/concord/accidentes-de-scooter,1,https://www.gjel.com/concord/scooter-accidents
español,1080,1080,https://www.gjel.com/es/concord/accidentes-de-bicicleta,1,https://www.gjel.com/concord/bicycle-accidents
español,1080,1080,https://www.gjel.com/es/beca-de-participacion-comunitaria,1,https://www.gjel.com/community-involvement-scholarship
español,1080,1080,https://www.gjel.com/es/concord/accidentes-de-camion,1,https://www.gjel.com/concord/truck-accidents
español,1080,1080,https://www.gjel.com/es/honorarios-de-contingencia,1,https://www.gjel.com/contingency-fee
español,1080,1080,https://www.gjel.com/es/concord/abogados-de-muerte-por-negligencia-concord-ca,1,https://www.gjel.com/concord/wrongful-death-lawyers-concord-ca
español,1080,1080,https://www.gjel.com/es/calculadora-de-acuerdos,1,https://www.gjel.com/crush-injury-settlement-calculator
español,1080,1080,https://www.gjel.com/es/danos-contra-demandados-fallecidos,1,https://www.gjel.com/damages-against-deceased-defendants
español,1080,1080,https://www.gjel.com/es/consecuencias-de-no-contratar-un-abogado,1,https://www.gjel.com/consequences-not-hiring-attorney
español,1080,1080,https://www.gjel.com/es/abogados-de-accidentes-por-carreteras-peligrosas,1,https://www.gjel.com/dangerous-road-accident-lawyers
español,1080,1080,https://www.gjel.com/es/abogado-de-accidentes-de-repartidores,1,https://www.gjel.com/delivery-driver-accident-lawyer
español,1080,1080,https://www.gjel.com/es/concord/amputacion,1,https://www.gjel.com/concord/amputation
español,1080,1080,https://www.gjel.com/es/recibiste-una-oferta-baja-del-seguro-por-tu-caso-de-lesiones-personales,1,https://www.gjel.com/did-you-get-a-low-ball-insurance-offer-for-your-personal-injury-case
español,1080,1080,https://www.gjel.com/es/cuando-necesito-un-abogado-para-mi-accidente,1,https://www.gjel.com/do-i-need-a-lawyer-for-my-accident
español,1080,1080,https://www.gjel.com/es/abogado-de-lesiones-por-desguante/entendiendo-las-causas,1,https://www.gjel.com/degloving-injury-lawyer/understanding-causes
español,1080,1080,https://www.gjel.com/es/abogado-de-accidentes-de-camion-de-reparto,1,https://www.gjel.com/delivery-truck-accident-lawyer
español,1080,1080,https://www.gjel.com/es/abogados-de-lesiones-por-aplastamiento,1,https://www.gjel.com/crush-injury-lawyers
español,1080,1080,https://www.gjel.com/es/necesito-dinero-para-contratar-un-abogado,1,https://www.gjel.com/do-i-need-money-to-hire-a-lawyer
español,1080,1080,https://www.gjel.com/es/abogado-de-accidentes-de-camion-de-reparto/fedex,1,https://www.gjel.com/delivery-truck-accident-lawyer/fedex
español,1080,1080,https://www.gjel.com/es/abogados-de-accidentes-de-scooter-electrico,1,https://www.gjel.com/electric-scoot-accident-lawyers
español,1080,1080,https://www.gjel.com/es/abogados-de-lesiones-oculares-y-perdida-de-vision,1,https://www.gjel.com/eye-injury-vision-loss-lawyers
español,1080,1080,https://www.gjel.com/es/abogado-de-lesiones-por-desguante/calculadora-de-acuerdos,1,https://www.gjel.com/degloving-injury-lawyer/settlement-calculator
español,1080,1080,https://www.gjel.com/es/abogados-de-accidentes-por-carreteras-peligrosas/calculadora-de-acuerdos,1,https://www.gjel.com/dangerous-road-accident-lawyers/settlement-calculator
español,1080,1080,https://www.gjel.com/es/abogado-de-lesiones-por-desguante,1,https://www.gjel.com/degloving-injury-lawyer
español,1080,1080,https://www.gjel.com/es/abogados-de-lesiones-de-articulaciones-facetarias-ayudandolo-a-recuperarse,1,https://www.gjel.com/facet-joint-injury-lawyers-helping-you-recover
español,1080,1080,https://www.gjel.com/es/abogado-de-accidentes-de-camion-de-reparto/ups,1,https://www.gjel.com/delivery-truck-accident-lawyer/ups
español,1080,1080,https://www.gjel.com/es/abogados-de-accidentes-de-scooter-electrico-2,1,https://www.gjel.com/electric-scooter-injury-attorneys
español,1080,1080,https://www.gjel.com/es/abogado-de-accidentes-de-repartidores/calculadora-de-acuerdos,1,https://www.gjel.com/delivery-driver-accident-lawyer/settlement-calculator
español,1080,1080,https://www.gjel.com/es/fairfield/accidentes-de-bicicleta,1,https://www.gjel.com/fairfield/bicycle-accidents
español,1080,1080,https://www.gjel.com/es/abogado-de-accidentes-de-camion-de-reparto/amazon,1,https://www.gjel.com/delivery-truck-accident-lawyer/amazon
español,1080,1080,https://www.gjel.com/es/driving-information,1,https://www.gjel.com/driving-information
español,1080,1080,https://www.gjel.com/es/fairfield/lesiones-cerebrales,1,https://www.gjel.com/fairfield/brain-injuries
español,1080,1080,https://www.gjel.com/es/fairfield/accidentes-de-motocicleta,1,https://www.gjel.com/fairfield/motorcycle-accidents
español,1080,1080,https://www.gjel.com/es/abogados-de-accidentes-de-scooter-electrico-2/calculadora-de-compensacion,1,https://www.gjel.com/electric-scooter-injury-attorneys/settlement-calculator
español,1080,1080,https://www.gjel.com/es/fairfield/accidentes-de-camion,1,https://www.gjel.com/fairfield/truck-accidents
español,1080,1080,https://www.gjel.com/es/abogado-de-accidentes-de-auto-florida-contratar-despues-de-accidente,1,https://www.gjel.com/florida-car-accident-lawyer-hire-after-accident
español,1080,1080,https://www.gjel.com/es/fairfield/muerte-por-negligencia,1,https://www.gjel.com/fairfield/wrongful-death
español,1080,1080,https://www.gjel.com/es/abogados-de-lesiones-oculares-y-perdida-de-vision/calculadora-de-acuerdos,1,https://www.gjel.com/eye-injury-vision-loss-lawyers/settlement-calculator
español,1080,1080,https://www.gjel.com/es/cuatro-cosas-que-un-sobreviviente-de-lesion-cerebral-debe-saber-sobre-sus-derechos-legales,1,https://www.gjel.com/four-things-a-tbi-survivor-should-know-about-their-legal-rights
español,1080,1080,https://www.gjel.com/es/fairfield/accidentes-de-scooter,1,https://www.gjel.com/fairfield/scooter-accidents
español,1080,1080,https://www.gjel.com/es/abogados-de-lesiones-de-articulaciones-facetarias-ayudandolo-a-recuperarse/calculadora-de-acuerdos,1,https://www.gjel.com/facet-joint-injury-lawyers-helping-you-recover/settlement-calculator
español,1080,1080,https://www.gjel.com/es/fremont/lesiones-cerebrales,1,https://www.gjel.com/fremont/brain-injuries
español,1080,1080,https://www.gjel.com/es/fremont/accidentes-de-bicicleta,1,https://www.gjel.com/fremont/bicycle-accidents
español,1080,1080,https://www.gjel.com/es/fremont/accidentes-de-scooter,1,https://www.gjel.com/fremont/scooter-accidents
español,1080,1080,https://www.gjel.com/es/fairfield/amputacion,1,https://www.gjel.com/fairfield/amputation
español,1080,1080,https://www.gjel.com/es/fremont/abogados-de-amputacion,1,https://www.gjel.com/fremont/amputation-lawyers
español,1080,1080,https://www.gjel.com/es/fairfield,1,https://www.gjel.com/fairfield
español,1080,1080,https://www.gjel.com/es/fresno/abogados-de-amputacion,1,https://www.gjel.com/fresno/amputation-lawyers
español,1080,1080,https://www.gjel.com/es/fremont/muerte-por-negligencia,1,https://www.gjel.com/fremont/wrongful-death
español,1080,1080,https://www.gjel.com/es/fremont/accidentes-de-motocicleta,1,https://www.gjel.com/fremont/motorcycle-accidents
español,1080,1080,https://www.gjel.com/es/fresno/accidentes-de-bicicleta,1,https://www.gjel.com/fresno/bicycle-accidents
español,1080,1080,https://www.gjel.com/es/fresno/abogados-de-lesiones-cerebrales,1,https://www.gjel.com/fresno/brain-injury-attorneys
español,1080,1080,https://www.gjel.com/es/fresno/abogados-de-accidentes-de-scooter-fresno,1,https://www.gjel.com/fresno/fresno-scooter-accident-lawyers
español,1080,1080,https://www.gjel.com/es/fresno/abogados-de-muerte-por-negligencia-fresno,1,https://www.gjel.com/fresno/fresno-wrongful-death-lawyers
español,1080,1080,https://www.gjel.com/es/fresno/abogado-de-accidentes-de-motocicleta,1,https://www.gjel.com/fresno/motorcycle-accident-lawyer
español,1080,1080,https://www.gjel.com/es/fremont,1,https://www.gjel.com/fremont
español,1080,1080,https://www.gjel.com/es/fresno/accidentes-de-camion,1,https://www.gjel.com/fresno/truck-accidents
español,1080,1080,https://www.gjel.com/es/fremont/accidentes-de-camion,1,https://www.gjel.com/fremont/truck-accidents
español,1080,1080,https://www.gjel.com/es/gilroy/accidentes-de-scooter,1,https://www.gjel.com/gilroy/scooter-accidents
español,1080,1080,https://www.gjel.com/es/gilroy/accidentes-de-bicicleta,1,https://www.gjel.com/gilroy/bicycle-accidents
español,1080,1080,https://www.gjel.com/es/gilroy/lesiones-cerebrales,1,https://www.gjel.com/gilroy/brain-injuries
español,1080,1080,https://www.gjel.com/es/gilroy/accidentes-de-motocicleta,1,https://www.gjel.com/gilroy/motorcycle-accidents
español,1080,1080,https://www.gjel.com/es/gilroy/accidentes-de-camion,1,https://www.gjel.com/gilroy/truck-accidents
español,1080,1080,https://www.gjel.com/es/fresno,1,https://www.gjel.com/fresno
español,1080,1080,https://www.gjel.com/es/gilroy/muerte-por-negligencia,1,https://www.gjel.com/gilroy/wrongful-death
español,1080,1080,https://www.gjel.com/es/gilroy,1,https://www.gjel.com/gilroy
español,1080,1080,https://www.gjel.com/es/hayward/lesiones-cerebrales,1,https://www.gjel.com/hayward/brain-injuries
español,1080,1080,https://www.gjel.com/es/gilroy/amputacion,1,https://www.gjel.com/gilroy/amputation
español,1080,1080,https://www.gjel.com/es/el-mortal-intercambio-tennyson-i880-de-hayward,1,https://www.gjel.com/haywards-deadly-tennyson-i880-interchange
español,1080,1080,https://www.gjel.com/es/hayward/accidentes-de-motocicleta,1,https://www.gjel.com/hayward/motorcycle-accidents
español,1080,1080,https://www.gjel.com/es/hayward/accidente-de-camion,1,https://www.gjel.com/hayward/truck-accident
español,1080,1080,https://www.gjel.com/es/hayward/abogados-de-muerte-por-negligencia,1,https://www.gjel.com/hayward/wrongful-death-lawyers
español,1080,1080,https://www.gjel.com/es/hayward/accidentes-de-scooter,1,https://www.gjel.com/hayward/scooter-accidents
español,1080,1080,https://www.gjel.com/es/hayward/accidentes-de-bicicleta,1,https://www.gjel.com/hayward/bicycle-accidents
español,1080,1080,https://www.gjel.com/es/sorteo,1,https://www.gjel.com/giveaway
español,1080,1080,https://www.gjel.com/es/abogados-de-lesiones-por-hernia-de-disco,1,https://www.gjel.com/herniated-disc-injury-lawyers
español,1080,1080,https://www.gjel.com/es/hayward,1,https://www.gjel.com/hayward
español,1080,1080,https://www.gjel.com/es/hayward/amputacion,1,https://www.gjel.com/hayward/amputation
español,1080,1080,https://www.gjel.com/es/descargar-guia,1,https://www.gjel.com/guide-download
español,1080,1080,https://www.gjel.com/es/headlines/personal-injury-blog-headlines,1,https://www.gjel.com/headlines/personal-injury-blog-headlines
español,1080,1080,https://www.gjel.com/es/historia-del-bufete,1,https://www.gjel.com/history-of-the-firm
español,1080,1080,https://www.gjel.com/es/headlines,1,https://www.gjel.com/headlines
español,1080,1080,https://www.gjel.com/es/como-pueden-las-victimas-de-accidentes-mantener-una-mentalidad-positiva-durante-la-recuperacion,1,https://www.gjel.com/how-can-accident-victims-maintain-a-positive-mindset-during-recovery
español,1080,1080,https://www.gjel.com/es/calculadora-de-acuerdos-2,1,https://www.gjel.com/hip-injury-settlement-calculator
español,1080,1080,https://www.gjel.com/es/abogados-de-accidentes-de-helicoptero/calculadora-de-compensacion,1,https://www.gjel.com/helicopter-accident-attorneys/settlement-calculator
español,1080,1080,https://www.gjel.com/es/abogados-de-lesiones-por-hernia-de-disco/calculadora-de-acuerdos,1,https://www.gjel.com/herniated-disc-injury-lawyers/settlement-calculator
español,1080,1080,https://www.gjel.com/es/abogados-de-accidentes-de-helicoptero,1,https://www.gjel.com/helicopter-accident-attorneys
español,1080,1080,https://www.gjel.com/es/cuanto-tarda-un-caso,1,https://www.gjel.com/how-long-does-case-take
español,1080,1080,https://www.gjel.com/es/abogado-de-accidentes-con-fuga,1,https://www.gjel.com/hit-run-attorney
español,1080,1080,https://www.gjel.com/es/abogado-de-accidentes-con-fuga/calculadora-de-compensacion,1,https://www.gjel.com/hit-run-attorney/settlement-calculator
español,1080,1080,https://www.gjel.com/es/como-presentar-una-demanda-por-lesiones-personales-en-california,1,https://www.gjel.com/how-to-file-a-personal-injury-lawsuit-in-california
español,1080,1080,https://www.gjel.com/es/lesionado-en-un-accidente-hable-con-un-abogado,1,https://www.gjel.com/injured-in-an-accident-speak-with-an-attorney
español,1080,1080,https://www.gjel.com/es/como-encontrar-el-mejor-abogado-de-lesiones-personales-en-san-jose,1,https://www.gjel.com/how-to-find-the-best-personal-injury-lawyer-in-san-jose
español,1080,1080,https://www.gjel.com/es/como-se-determina-la-culpa-en-accidentes-de-bicicleta-vs-auto,1,https://www.gjel.com/how-is-fault-determined-in-bicycle-vs-car-accidents
español,1080,1080,https://www.gjel.com/es/es-legal-cruzar-la-calle-durante-una-senal-de-cuenta-regresiva,1,https://www.gjel.com/is-it-legal-to-cross-the-street-during-a-countdown-signal
español,1080,1080,https://www.gjel.com/es/deje-una-resena-a-gjel,1,https://www.gjel.com/leave-gjel-a-review
español,1080,1080,https://www.gjel.com/es/jim-larsen,1,https://www.gjel.com/jim-larsen
español,1080,1080,https://www.gjel.com/es/es-legal-andar-en-bicicleta-en-el-cruce-peatonal,1,https://www.gjel.com/legal-ride-bike-crosswalk
español,1080,1080,https://www.gjel.com/es/ubicaciones/abogado-de-lesiones-personales-de-piedmont-california-nombrado-uno-de-los-mejores,1,https://www.gjel.com/locations/piedmont-california-personal-injury-lawyer-named-one-best
español,1080,1080,https://www.gjel.com/es/kristin-m-lucey,1,https://www.gjel.com/kristin-m-lucey
español,1080,1080,https://www.gjel.com/es/legal-dictionary,1,https://www.gjel.com/legal-dictionary
español,1080,1080,https://www.gjel.com/es/legal-humor,1,https://www.gjel.com/legal-humor
español,1080,1080,https://www.gjel.com/es/beca-para-estudiantes-de-derecho/ganador-de-la-beca,1,https://www.gjel.com/law-student-scholarship/scholarship-winner
español,1080,1080,https://www.gjel.com/es/legal-news,1,https://www.gjel.com/legal-news
español,1080,1080,https://www.gjel.com/es/luke-ellis/el-abogado-de-gjel-luke-ellis-nombrado-entre-los-top-100-abogados-litigantes-nacionales,1,https://www.gjel.com/luke-ellis/gjel-attorney-luke-ellis-named-to-national-trial-lawyers-top-100
español,1080,1080,https://www.gjel.com/es/abogados-cubren-costo-de-ambulancia-aerea,1,https://www.gjel.com/lawyers-cover-airlift-cost
español,1080,1080,https://www.gjel.com/es/perder-trabajo-por-lesiones-de-accidente-recuperar-salarios-perdidos,1,https://www.gjel.com/miss-work-due-to-accident-injuries-recover-lost-wages
español,1080,1080,https://www.gjel.com/es/pagina-de-nominacion-de-beca-de-juicio-simulado,1,https://www.gjel.com/mock-trial-scholarship-nomination-page
español,1080,1080,https://www.gjel.com/es/perder-un-plazo-o-cometer-un-error,1,https://www.gjel.com/missing-a-deadline-or-making-a-mistake
español,1080,1080,https://www.gjel.com/es/ubicaciones/abogados-de-lesiones-personales-y-accidentes-de-auto-en-vacaville,1,https://www.gjel.com/locations/vacaville-personal-injury-car-accident-lawyers
español,1080,1080,https://www.gjel.com/es/luke-ellis,1,https://www.gjel.com/luke-ellis
español,1080,1080,https://www.gjel.com/es/ubicaciones/abogados-de-lesiones-personales-en-redding,1,https://www.gjel.com/locations/redding-personal-injury-attorneys
español,1080,1080,https://www.gjel.com/es/juicio-simulado/objeciones,1,https://www.gjel.com/mocktrial/objections
español,1080,1080,https://www.gjel.com/es/beca-para-estudiantes-de-derecho,1,https://www.gjel.com/law-student-scholarship
español,1080,1080,https://www.gjel.com/es/mocktrial,1,https://www.gjel.com/mocktrial
español,1080,1080,https://www.gjel.com/es/abogado-de-lesiones-personales-morgan-hill,1,https://www.gjel.com/morgan-hill-personal-injury-lawyer
español,1080,1080,https://www.gjel.com/es/abogados-de-accidentes-de-motocicleta/necesito-un-abogado-de-accidentes-de-motocicleta-aunque-tenga-seguro-de-motocicleta,1,https://www.gjel.com/motorcycle-accident-lawyers/do-i-need-a-motorcycle-accident-attorney-even-if-i-have-motorcycle-insurance
español,1080,1080,https://www.gjel.com/es/abogados-de-accidentes-de-motocicleta/cuanto-puedo-esperar-recibir-en-danos-por-un-caso-de-accidente-de-motocicleta-en-california,1,https://www.gjel.com/motorcycle-accident-lawyers/how-much-can-i-expect-to-receive-in-damages-for-a-motorcycle-accident-case-in-california
español,1080,1080,https://www.gjel.com/es/abogados-de-accidentes-de-motocicleta/necesito-contratar-un-abogado-para-un-caso-de-accidente-de-motocicleta-en-california,1,https://www.gjel.com/motorcycle-accident-lawyers/do-i-need-to-hire-an-attorney-for-a-motorcycle-accident-case-in-california
español,1080,1080,https://www.gjel.com/es/abogados-de-accidentes-de-motocicleta/puedo-presentar-una-demanda-por-un-accidente-de-motocicleta-en-california,1,https://www.gjel.com/motorcycle-accident-lawyers/can-i-file-a-lawsuit-for-a-motorcycle-accident-in-california
español,1080,1080,https://www.gjel.com/es/abogados-de-accidentes-de-motocicleta/veredictos-resultados,1,https://www.gjel.com/motorcycle-accident-lawyers/verdicts-results
español,1080,1080,https://www.gjel.com/es/abogados-de-accidentes-de-motocicleta/que-debe-hacer-despues-de-un-accidente-de-motocicleta-en-california,1,https://www.gjel.com/motorcycle-accident-lawyers/what-should-you-do-after-a-motorcycle-accident-in-california
español,1080,1080,https://www.gjel.com/es/motorcycle-accident-information,1,https://www.gjel.com/motorcycle-accident-information
español,1080,1080,https://www.gjel.com/es/reclamo-de-conductor-sube-seguro,1,https://www.gjel.com/motorist-claims-insurance-up
español,1080,1080,https://www.gjel.com/es/abogado-de-lesiones-personales-mountain-view,1,https://www.gjel.com/mountain-view-personal-injury-lawyer
español,1080,1080,https://www.gjel.com/es/abogados-de-accidentes-de-motocicleta/que-hacer-despues-de-un-accidente-de-motocicleta-en-california,1,https://www.gjel.com/motorcycle-accident-lawyers/what-to-do-after-a-motorcycle-accident-in-california
español,1080,1080,https://www.gjel.com/es/abogados-de-accidentes-de-motocicleta/tipos-de-accidentes,1,https://www.gjel.com/motorcycle-accident-lawyers/types-accidents
español,1080,1080,https://www.gjel.com/es/abogados-de-accidentes-de-motocicleta/informacion-sobre-motocicletas-para-adolescentes,1,https://www.gjel.com/motorcycle-accident-lawyers/teen-motorcycle-information
español,1080,1080,https://www.gjel.com/es/abogados-de-accidentes-de-motocicleta/preguntas-frecuentes-sobre-accidentes-de-motocicleta,1,https://www.gjel.com/motorcycle-accident-lawyers/motorcycle-accident-faq
español,1080,1080,https://www.gjel.com/es/abogado-de-accidentes-de-autobus-muni,1,https://www.gjel.com/muni-bus-accident-lawyer
español,1080,1080,https://www.gjel.com/es/abogados-de-accidentes-de-motocicleta/puedo-obtener-una-consulta-gratis-para-mi-caso-de-accidente-de-motocicleta,1,https://www.gjel.com/motorcycle-accident-lawyers/can-i-get-a-free-consultation-on-my-motorcycle-accident-case
español,1080,1080,https://www.gjel.com/es/calculadora-de-compensacion-4,1,https://www.gjel.com/motorcycle-accident-settlement-calculator
español,1080,1080,https://www.gjel.com/es/mi-papel-en-el-litigio-como-demandante,1,https://www.gjel.com/my-role-in-litigation-as-a-plaintiff
español,1080,1080,https://www.gjel.com/es/abogados-de-accidentes-de-motocicleta,1,https://www.gjel.com/motorcycle-accident-lawyers
español,1080,1080,https://www.gjel.com/es/news,1,https://www.gjel.com/news
español,1080,1080,https://www.gjel.com/es/news/mapa-de-oficinas-del-dmv-de-california,1,https://www.gjel.com/news/california-dmv-offices-map
español,1080,1080,https://www.gjel.com/es/news/calculadora-de-salarios-perdidos,1,https://www.gjel.com/news/lost-wage-calculator
español,1080,1080,https://www.gjel.com/es/oakland/accidentes-de-auto/estadisticas-de-accidentes,1,https://www.gjel.com/oakland/car-accident/accident-statistics
español,1080,1080,https://www.gjel.com/es/oakland/los-5-mejores-hospitales-en-oakland-california,1,https://www.gjel.com/oakland/the-top-5-hospitals-in-oakland-california
español,1080,1080,https://www.gjel.com/es/oakland/accidentes-de-motocicleta,1,https://www.gjel.com/oakland/motorcycle-accidents
español,1080,1080,https://www.gjel.com/es/oakland,1,https://www.gjel.com/oakland
español,1080,1080,https://www.gjel.com/es/no-hay-minimo-para-un-acuerdo-de-lesiones-personales,1,https://www.gjel.com/no-minimum-for-personal-injury-settlement
español,1080,1080,https://www.gjel.com/es/oakland/abogados-de-accidentes-de-bicicleta,1,https://www.gjel.com/oakland/bicycle-accident-lawyers
español,1080,1080,https://www.gjel.com/es/oakland/abogados-de-accidentes-de-camion,1,https://www.gjel.com/oakland/truck-accident-lawyers
español,1080,1080,https://www.gjel.com/es/oakland/abogados-de-muerte-por-negligencia,1,https://www.gjel.com/oakland/wrongful-death-lawyers
español,1080,1080,https://www.gjel.com/es/orinda/accidentes-de-bicicleta,1,https://www.gjel.com/orinda/bicycle-accidents
español,1080,1080,https://www.gjel.com/es/orinda/accidentes-de-motocicleta,1,https://www.gjel.com/orinda/motorcycle-accidents
español,1080,1080,https://www.gjel.com/es/orinda/accidentes-de-scooter,1,https://www.gjel.com/orinda/scooter-accidents
español,1080,1080,https://www.gjel.com/es/orinda/muerte-por-negligencia,1,https://www.gjel.com/orinda/wrongful-death
español,1080,1080,https://www.gjel.com/es/orinda/accidentes-de-camion,1,https://www.gjel.com/orinda/truck-accidents
español,1080,1080,https://www.gjel.com/es/orinda/lesiones-cerebrales,1,https://www.gjel.com/orinda/brain-injuries
español,1080,1080,https://www.gjel.com/es/abogado-de-lesiones-personales-palo-alto,1,https://www.gjel.com/palo-alto-personal-injury-lawyer
español,1080,1080,https://www.gjel.com/es/orinda/amputacion,1,https://www.gjel.com/orinda/amputation
español,1080,1080,https://www.gjel.com/es/orinda,1,https://www.gjel.com/orinda
español,1080,1080,https://www.gjel.com/es/abogados-de-lesiones-por-paralisis,1,https://www.gjel.com/paralysis-injury-lawyers
español,1080,1080,https://www.gjel.com/es/parents,1,https://www.gjel.com/parents
español,1080,1080,https://www.gjel.com/es/abogados-de-lesiones-por-paralisis/calculadora-de-compensacion,1,https://www.gjel.com/paralysis-injury-lawyers/settlement-calculator
español,1080,1080,https://www.gjel.com/es/abogados-de-accidentes-de-peatones,1,https://www.gjel.com/pedestrian-accident-lawyers
español,1080,1080,https://www.gjel.com/es/abogados-de-accidentes-de-peatones/son-los-cruces-peatonales-marcados-mas-peligrosos-para-los-peatones,1,https://www.gjel.com/pedestrian-accident-lawyers/are-marked-crosswalks-more-dangerous-for-pedestrians
español,1080,1080,https://www.gjel.com/es/abogados-de-lesiones-personales,1,https://www.gjel.com/personal-injury-attorneys
español,1080,1080,https://www.gjel.com/es/calculadora-de-acuerdos-por-lesiones-personales,1,https://www.gjel.com/personal-injury-settlement-calculator
español,1080,1080,https://www.gjel.com/es/abogados-de-accidentes-de-avion,1,https://www.gjel.com/plane-crash-lawyers
español,1080,1080,https://www.gjel.com/es/cronologia-de-una-demanda-por-lesiones-personales,1,https://www.gjel.com/personal-injury-lawsuit-timeline
español,1080,1080,https://www.gjel.com/es/pedestrian-accident-lawyers-settlements,1,https://www.gjel.com/pedestrian-accident-lawyers-settlements
español,1080,1080,https://www.gjel.com/es/pleasanton/abogados-de-accidentes-de-bicicleta-pleasanton,1,https://www.gjel.com/pleasanton/bicycle-accident-lawyers-pleasanton
español,1080,1080,https://www.gjel.com/es/pleasanton/abogado-de-accidentes-de-motocicleta-pleasanton,1,https://www.gjel.com/pleasanton/motorcycle-accident-lawyer-pleasanton
español,1080,1080,https://www.gjel.com/es/abogados-de-accidentes-de-avion/calculadora-de-acuerdos,1,https://www.gjel.com/plane-crash-lawyers/settlement-calculator
español,1080,1080,https://www.gjel.com/es/pleasanton/abogado-de-accidentes-de-camion,1,https://www.gjel.com/pleasanton/truck-accident-attorney
español,1080,1080,https://www.gjel.com/es/pleasanton/abogados-de-muerte-por-negligencia-pleasanton-ca,1,https://www.gjel.com/pleasanton/wrongful-death-attorneys-pleasanton-ca
español,1080,1080,https://www.gjel.com/es/pleasanton,1,https://www.gjel.com/pleasanton
español,1080,1080,https://www.gjel.com/es/pleasanton/accidentes-de-scooter,1,https://www.gjel.com/pleasanton/scooter-accidents
español,1080,1080,https://www.gjel.com/es/pleasanton/abogados-de-amputaciones,1,https://www.gjel.com/pleasanton/amputation-lawyers
español,1080,1080,https://www.gjel.com/es/ventajas-y-desventajas-de-presentar-su-propia-demanda-por-lesiones-personales,1,https://www.gjel.com/pros-and-cons-of-filing-your-own-personal-injury-claim
español,1080,1080,https://www.gjel.com/es/preguntas-que-hago-al-entrevistar-a-un-abogado,1,https://www.gjel.com/questions-i-ask-when-interviewing-lawyer
español,1080,1080,https://www.gjel.com/es/politica-de-privacidad-2,1,https://www.gjel.com/privacy-policy-2
español,1080,1080,https://www.gjel.com/es/ralph-l-jacobson/empleo-economia-colaborativa,1,https://www.gjel.com/ralph-l-jacobson/employment-gig-economy
español,1080,1080,https://www.gjel.com/es/pleasanton/abogado-de-lesiones-cerebrales-pleasanton-consultas-gratis-gjel,1,https://www.gjel.com/pleasanton/pleasanton-brain-injury-attorney-free-consultations-gjel
español,1080,1080,https://www.gjel.com/es/abogados-de-lesiones-por-cuadriplejia,1,https://www.gjel.com/quadriplegia-injury-lawyers
español,1080,1080,https://www.gjel.com/es/abogados-de-lesiones-por-cuadriplejia/calculadora-de-compensacion-3,1,https://www.gjel.com/quadriplegia-injury-lawyers/settlement-calculator-3
español,1080,1080,https://www.gjel.com/es/politica-de-privacidad,1,https://www.gjel.com/privacy-policy
español,1080,1080,https://www.gjel.com/es/richmond/abogados-de-amputaciones,1,https://www.gjel.com/richmond/amputation-lawyers
español,1080,1080,https://www.gjel.com/es/richmond/abogados-de-accidentes-de-bicicleta,1,https://www.gjel.com/richmond/bicycle-accident-lawyers
español,1080,1080,https://www.gjel.com/es/reembolso,1,https://www.gjel.com/reimbursement
español,1080,1080,https://www.gjel.com/es/richmond/abogados-de-accidentes-de-scooter-richmond,1,https://www.gjel.com/richmond/richmond-scooter-accident-lawyers
español,1080,1080,https://www.gjel.com/es/ralph-l-jacobson,1,https://www.gjel.com/ralph-l-jacobson
español,1080,1080,https://www.gjel.com/es/richmond/accidentes-de-camion,1,https://www.gjel.com/richmond/truck-accidents
español,1080,1080,https://www.gjel.com/es/richmond/abogados-de-lesiones-cerebrales,1,https://www.gjel.com/richmond/brain-injury-lawyers
español,1080,1080,https://www.gjel.com/es/richmond/abogado-de-muerte-por-negligencia-richmond-ca,1,https://www.gjel.com/richmond/wrongful-death-lawyer-richmond-ca
español,1080,1080,https://www.gjel.com/es/richmond,1,https://www.gjel.com/richmond
español,1080,1080,https://www.gjel.com/es/sacramento/abogados-de-amputaciones,1,https://www.gjel.com/sacramento/amputation-injury-lawyers
español,1080,1080,https://www.gjel.com/es/sacramento,1,https://www.gjel.com/sacramento
español,1080,1080,https://www.gjel.com/es/sacramento/accidentes-de-bicicleta,1,https://www.gjel.com/sacramento/bicycle-accidents
español,1080,1080,https://www.gjel.com/es/sacramento/estadisticas-de-accidentes-de-auto,1,https://www.gjel.com/sacramento/car-accident-statistics
español,1080,1080,https://www.gjel.com/es/sacramento/accidentes-de-scooter-electrico,1,https://www.gjel.com/sacramento/electric-scooter-accidents
español,1080,1080,https://www.gjel.com/es/sacramento/abogados-de-lesiones-cerebrales,1,https://www.gjel.com/sacramento/brain-injury-lawyers
español,1080,1080,https://www.gjel.com/es/sacramento/accidentes-de-motocicleta,1,https://www.gjel.com/sacramento/motorcycle-accidents
español,1080,1080,https://www.gjel.com/es/sacramento/abogados-de-muerte-por-negligencia-sacramento,1,https://www.gjel.com/sacramento/sacramento-wrongful-death-lawyers
español,1080,1080,https://www.gjel.com/es/san-francisco,1,https://www.gjel.com/san-francisco
español,1080,1080,https://www.gjel.com/es/sacramento/abogados-de-accidentes-de-camion,1,https://www.gjel.com/sacramento/truck-accident-lawyers
español,1080,1080,https://www.gjel.com/es/san-francisco/abogados-de-accidentes-de-bicicleta,1,https://www.gjel.com/san-francisco/bicycle-accident-lawyers
español,1080,1080,https://www.gjel.com/es/san-francisco/accidentes-de-scooter-electrico,1,https://www.gjel.com/san-francisco/electric-scooter-accidents
español,1080,1080,https://www.gjel.com/es/san-francisco/accidentes-de-auto-mortales,1,https://www.gjel.com/san-francisco/fatal-car-accidents
español,1080,1080,https://www.gjel.com/es/san-francisco/san-francisco-wrongful-death-attorney,1,https://www.gjel.com/san-francisco/san-francisco-wrongful-death-attorney
español,1080,1080,https://www.gjel.com/es/san-francisco/abogado-de-lesiones-cerebrales,1,https://www.gjel.com/san-francisco/brain-injury-attorney
español,1080,1080,https://www.gjel.com/es/san-francisco/accidentes-de-motocicleta,1,https://www.gjel.com/san-francisco/motorcycle-accidents
español,1080,1080,https://www.gjel.com/es/san-jose,1,https://www.gjel.com/san-jose
español,1080,1080,https://www.gjel.com/es/san-francisco/san-francisco-wrongful-death-attorney/acuerdos,1,https://www.gjel.com/san-francisco/san-francisco-wrongful-death-attorney/settlements
español,1080,1080,https://www.gjel.com/es/san-francisco/accidente-de-camion,1,https://www.gjel.com/san-francisco/truck-accident
español,1080,1080,https://www.gjel.com/es/san-jose/abogados-de-accidentes-de-bicicleta,1,https://www.gjel.com/san-jose/bicycle-accident-lawyers
español,1080,1080,https://www.gjel.com/es/san-francisco/que-hacer-despues-de-un-accidente,1,https://www.gjel.com/san-francisco/what-to-do-after-accidents
español,1080,1080,https://www.gjel.com/es/abogado-de-lesiones-personales-santa-clara,1,https://www.gjel.com/santa-clara-personal-injury-lawyer
español,1080,1080,https://www.gjel.com/es/abogado-de-cicatrices-y-desfiguracion,1,https://www.gjel.com/scarring-and-disfigurement-lawyer
español,1080,1080,https://www.gjel.com/es/san-jose/abogado-de-accidentes-de-camion,1,https://www.gjel.com/san-jose/truck-accident-lawyer
español,1080,1080,https://www.gjel.com/es/san-jose/abogados-de-accidentes-de-motocicleta,1,https://www.gjel.com/san-jose/motorcycle-accident-lawyers
español,1080,1080,https://www.gjel.com/es/san-jose/abogados-de-lesiones-cerebrales,1,https://www.gjel.com/san-jose/brain-injury-lawyers
español,1080,1080,https://www.gjel.com/es/san-jose/abogados-de-muerte-por-negligencia,1,https://www.gjel.com/san-jose/wrongful-death-lawyers
español,1080,1080,https://www.gjel.com/es/abogado-de-cicatrices-y-desfiguracion/calculadora-de-compensacion,1,https://www.gjel.com/scarring-and-disfigurement-lawyer/settlement-calculator
español,1080,1080,https://www.gjel.com/es/abogados-de-fallas-en-respaldos-de-asiento,1,https://www.gjel.com/seatback-failure-attorneys
español,1080,1080,https://www.gjel.com/es/santa-rosa,1,https://www.gjel.com/santa-rosa
español,1080,1080,https://www.gjel.com/es/abogados-de-fallas-en-respaldos-de-asiento/calculadora-de-compensacion,1,https://www.gjel.com/seatback-failure-attorneys/settlement-calculator
español,1080,1080,https://www.gjel.com/es/acuerdos/muerte-por-negligencia-en-contra-costa,1,https://www.gjel.com/settlements/contra-costa-wrongful-death
español,1080,1080,https://www.gjel.com/es/acuerdos/explosion,1,https://www.gjel.com/settlements/explosion
español,1080,1080,https://www.gjel.com/es/acuerdos/accidente-por-llanta-defectuosa,1,https://www.gjel.com/settlements/defective-tire-accident
español,1080,1080,https://www.gjel.com/es/settlements,1,https://www.gjel.com/settlements
español,1080,1080,https://www.gjel.com/es/acuerdos/acuerdo-de-10-6-millones-por-muerte-por-llanta-defectuosa,1,https://www.gjel.com/settlements/10-6-million-settlement-death-defective-tire
español,1080,1080,https://www.gjel.com/es/acuerdos/acuerdo-multimillonario-por-muerte-por-negligencia-en-caso-de-conductor-ebrio,1,https://www.gjel.com/settlements/wrongful-death-settlement-drunk-driving-case
español,1080,1080,https://www.gjel.com/es/acuerdos/acuerdo-por-muerte-injusta,1,https://www.gjel.com/settlements/wrongful-death-settlement
español,1080,1080,https://www.gjel.com/es/acuerdos/muerte-por-negligencia-de-un-nino-en-accidente-de-auto,1,https://www.gjel.com/settlements/wrongful-death-child-car-accident
español,1080,1080,https://www.gjel.com/es/deberia-ignorar-las-facturas-medicas,1,https://www.gjel.com/should-ignore-medical-bills
español,1080,1080,https://www.gjel.com/es/mapa-del-sitio,1,https://www.gjel.com/sitemap
español,1080,1080,https://www.gjel.com/es/stockton/abogados-de-amputaciones,1,https://www.gjel.com/stockton/amputation-lawyers
español,1080,1080,https://www.gjel.com/es/stockton/lesiones-cerebrales,1,https://www.gjel.com/stockton/brain-injuries
español,1080,1080,https://www.gjel.com/es/stockton/accidentes-de-bicicleta,1,https://www.gjel.com/stockton/bicycle-accidents
español,1080,1080,https://www.gjel.com/es/stockton/abogado-de-accidentes-de-motocicleta,1,https://www.gjel.com/stockton/motorcycle-accident-lawyer
español,1080,1080,https://www.gjel.com/es/stockton/abogados-de-accidentes-de-auto-stockton/carreteras-peligrosas-en-stockton,1,https://www.gjel.com/stockton/stockton-car-accident-attorneys/dangerous-roads-in-stockton
español,1080,1080,https://www.gjel.com/es/stockton,1,https://www.gjel.com/stockton
español,1080,1080,https://www.gjel.com/es/stockton/accidentes-de-scooter-stockton,1,https://www.gjel.com/stockton/scooter-accidents-stockton
español,1080,1080,https://www.gjel.com/es/abogado-de-lesiones-personales-sunnyvale,1,https://www.gjel.com/sunnyvale-personal-injury-lawyer
español,1080,1080,https://www.gjel.com/es/hable-con-un-abogado,1,https://www.gjel.com/talk-to-a-lawyer
español,1080,1080,https://www.gjel.com/es/hable-con-un-abogado-2,1,https://www.gjel.com/talk-to-an-attorney
español,1080,1080,https://www.gjel.com/es/stockton/accidentes-de-camion,1,https://www.gjel.com/stockton/truck-accidents
español,1080,1080,https://www.gjel.com/es/etapas-crps,1,https://www.gjel.com/stages-crps
español,1080,1080,https://www.gjel.com/es/stockton/abogados-de-muerte-por-negligencia,1,https://www.gjel.com/stockton/wrongful-death-attorneys
español,1080,1080,https://www.gjel.com/es/testimonios-resenas,1,https://www.gjel.com/testimonials-reviews
español,1080,1080,https://www.gjel.com/es/principales-causas-de-accidentes-de-auto,1,https://www.gjel.com/top-causes-car-accidents
español,1080,1080,https://www.gjel.com/es/abogado-de-lesiones-por-activacion-de-trauma,1,https://www.gjel.com/trauma-activation-injury-attorney
español,1080,1080,https://www.gjel.com/es/consejos-para-contratar-un-abogado-de-lesiones-personales-de-verdaderos-abogados-de-lesiones,1,https://www.gjel.com/tips-for-hiring-a-personal-injury-lawyers-from-actual-injury-attorneys
español,1080,1080,https://www.gjel.com/es/abogado-de-accidentes-de-taxi,1,https://www.gjel.com/taxi-accident-attorney
español,1080,1080,https://www.gjel.com/es/desarrollo-del-cerebro-adolescente,1,https://www.gjel.com/teen-brain-development
español,1080,1080,https://www.gjel.com/es/abogados-de-accidentes-de-camion/accidente-de-camion-maderero,1,https://www.gjel.com/truck-accident-lawyers/logging-truck-accident
español,1080,1080,https://www.gjel.com/es/abogados-de-accidentes-de-camion/puedo-presentar-una-demanda-si-el-conductor-del-camion-o-la-empresa-de-camiones-es-de-otro-estado,1,https://www.gjel.com/truck-accident-lawyers/can-i-still-file-a-lawsuit-if-the-truck-driver-or-trucking-company-is-from-another-state
español,1080,1080,https://www.gjel.com/es/el-camino-mas-largo-hacia-la-recuperacion-entendiendo-las-lesiones-que-tardan-mas-en-sanar,1,https://www.gjel.com/the-most-prolonged-road-to-recovery-understanding-injuries-that-take-the-longest-to-heal
español,1080,1080,https://www.gjel.com/es/abogados-de-accidentes-de-tren,1,https://www.gjel.com/train-accident-lawyers
español,1080,1080,https://www.gjel.com/es/abogado-de-accidentes-de-taxi/calculadora-de-compensacion,1,https://www.gjel.com/taxi-accident-attorney/settlement-calculator
español,1080,1080,https://www.gjel.com/es/abogados-de-accidentes-de-camion/los-beneficios-de-contratar-a-un-abogado-de-accidentes-de-camion-un-mensaje-de-andy-gillin,1,https://www.gjel.com/truck-accident-lawyers/the-benefits-of-hiring-a-truck-accident-attorney-a-message-from-andy-gillin
español,1080,1080,https://www.gjel.com/es/abogados-de-accidentes-de-camion/fatiga-del-conductor-de-camion,1,https://www.gjel.com/truck-accident-lawyers/truck-driver-fatigue
español,1080,1080,https://www.gjel.com/es/abogado-de-lesiones-por-activacion-de-trauma/calculadora-de-compensacion,1,https://www.gjel.com/trauma-activation-injury-attorney/settlement-calculator
español,1080,1080,https://www.gjel.com/es/abogados-de-accidentes-de-tren/calculadora-de-compensacion,1,https://www.gjel.com/train-accident-lawyers/settlement-calculator
español,1080,1080,https://www.gjel.com/es/abogados-de-accidentes-de-camion/consejos-para-evitar-volcaduras,1,https://www.gjel.com/truck-accident-lawyers/tips-avoid-rollovers
español,1080,1080,https://www.gjel.com/es/abogados-de-accidentes-de-camion/que-causa-que-los-camiones-se-doblen,1,https://www.gjel.com/truck-accident-lawyers/what-causes-trucks-to-jackknife
español,1080,1080,https://www.gjel.com/es/abogados-de-lesiones-por-triplejia/calculadora-de-compensacion,1,https://www.gjel.com/triplegia-injury-lawyers/settlement-calculator
español,1080,1080,https://www.gjel.com/es/abogados-de-accidentes-de-camion/que-es-un-choque-por-empotramiento,1,https://www.gjel.com/truck-accident-lawyers/what-is-an-underride-crash
español,1080,1080,https://www.gjel.com/es/abogados-de-lesiones-por-triplejia,1,https://www.gjel.com/triplegia-injury-lawyers
español,1080,1080,https://www.gjel.com/es/abogados-de-accidentes-de-camion/cuando-contratar-a-un-abogado-de-accidentes-de-camiones-lo-que-necesita-saber,1,https://www.gjel.com/truck-accident-lawyers/when-to-hire-a-truck-accident-attorney-what-you-need-to-know
español,1080,1080,https://www.gjel.com/es/acuerdos-de-accidentes-de-camion,1,https://www.gjel.com/truck-accident-settlements
español,1080,1080,https://www.gjel.com/es/descubriendo-la-verdad-por-que-las-companias-de-seguros-a-menudo-intentan-minimizar-los-pagos,1,https://www.gjel.com/uncovering-the-truth-why-insurance-companies-often-try-to-minimize-payouts
español,1080,1080,https://www.gjel.com/es/abogados-de-accidentes-de-camion/cuales-son-las-principales-responsabilidades-de-un-abogado-de-accidentes-de-camiones-semirremolque,1,https://www.gjel.com/truck-accident-lawyers/what-are-the-main-responsibilities-of-a-semi-truck-crash-accident-attorney
español,1080,1080,https://www.gjel.com/es/abogados-de-accidentes-de-camion,1,https://www.gjel.com/truck-accident-lawyers
español,1080,1080,https://www.gjel.com/es/abogados-de-conductores-con-seguro-insuficiente/calculadora-de-compensacion-por-seguro-insuficiente,1,https://www.gjel.com/underinsured-motorist-lawyers/underinsured-settlement-calculator
español,1080,1080,https://www.gjel.com/es/abogados-de-accidentes-de-camion/accidente-de-camion-maderero/calculadora-de-acuerdos,1,https://www.gjel.com/truck-accident-lawyers/logging-truck-accident/settlement-calculator
español,1080,1080,https://www.gjel.com/es/verdicts,1,https://www.gjel.com/verdicts
español,1080,1080,https://www.gjel.com/es/verdicts-results,1,https://www.gjel.com/verdicts-results
español,1080,1080,https://www.gjel.com/es/verdicts/20-452-millones-contra-ac-transit,1,https://www.gjel.com/verdicts/20-452-million-against-ac-transit
español,1080,1080,https://www.gjel.com/es/veredictos-acuerdos,1,https://www.gjel.com/verdicts-settlements
español,1080,1080,https://www.gjel.com/es/calculadora-de-compensacion-5,1,https://www.gjel.com/truck-accident-settlement-calculator
español,1080,1080,https://www.gjel.com/es/abogados-de-conductores-con-seguro-insuficiente,1,https://www.gjel.com/underinsured-motorist-lawyers
español,1080,1080,https://www.gjel.com/es/abogados-de-conductores-sin-seguro,1,https://www.gjel.com/uninsured-motorist-lawyers
español,1080,1080,https://www.gjel.com/es/veredictos-resultados/acuerdo-por-accidente-de-motocicleta-2,1,https://www.gjel.com/verdicts-results/motorcycle-accident-settlement-2
español,1080,1080,https://www.gjel.com/es/verdicts/acuerdo-de-300000-por-accidente-de-auto-en-oakland,1,https://www.gjel.com/verdicts/300000-settlement-for-car-accident-in-oakland
español,1080,1080,https://www.gjel.com/es/verdicts/acuerdo-por-accidente-de-bicicleta-en-albany,1,https://www.gjel.com/verdicts/albany-bicycle-accident-settlement
español,1080,1080,https://www.gjel.com/es/verdicts/veredicto-por-lesiones-en-la-carcel-de-1-7-millones-de-dolares-contra-la-ciudad-de-richmond,1,https://www.gjel.com/verdicts/jail-injury-lawsuit-verdict-1-7-million-dollars-against-the-city-of-richmond
español,1080,1080,https://www.gjel.com/es/walnut-creek,1,https://www.gjel.com/walnut-creek
español,1080,1080,https://www.gjel.com/es/verdicts/accidente-de-motocicleta-en-san-leandro,1,https://www.gjel.com/verdicts/motorcycle-accident-in-san-leandro
español,1080,1080,https://www.gjel.com/es/walnut-creek/abogados-de-amputaciones-walnut-creek-gjel-attorneys,1,https://www.gjel.com/walnut-creek/amputation-lawyers-walnut-creek-gjel-attorneys
español,1080,1080,https://www.gjel.com/es/verdicts/lesion-laboral-con-crps,1,https://www.gjel.com/verdicts/crps-work-injury
español,1080,1080,https://www.gjel.com/es/verdicts/acuerdo-por-accidente-de-auto-vs-bicicleta-en-brentwood,1,https://www.gjel.com/verdicts/auto-vs-bicycle-accident-settlement-in-brentwood
español,1080,1080,https://www.gjel.com/es/walnut-creek/accidentes-de-bicicleta,1,https://www.gjel.com/walnut-creek/bicycle-accidents
español,1080,1080,https://www.gjel.com/es/walnut-creek/abogados-de-lesiones-cerebrales,1,https://www.gjel.com/walnut-creek/brain-injury-lawyers
español,1080,1080,https://www.gjel.com/es/verdicts/tenet1,1,https://www.gjel.com/verdicts/tenet1
español,1080,1080,https://www.gjel.com/es/verdicts/acuerdo-por-choque-por-alcance-trasero-de-dos-vehiculos,1,https://www.gjel.com/verdicts/two-vehicle-rear-end-collision-settlement
español,1080,1080,https://www.gjel.com/es/verdicts/acuerdo-por-muerte-injusta-accidente-de-motocicleta-6-2-millones,1,https://www.gjel.com/verdicts/wrongful-death-motorcycle-accident-settlement-6-2-million
español,1080,1080,https://www.gjel.com/es/verdicts/acuerdo-por-accidente-de-peaton-abogado-en-richmond,1,https://www.gjel.com/verdicts/pedestrian-accident-attorney-richmond-settlement
español,1080,1080,https://www.gjel.com/es/walnut-creek/accidentes-de-motocicleta,1,https://www.gjel.com/walnut-creek/motorcycle-accidents
español,1080,1080,https://www.gjel.com/es/walnut-creek/accidentes-de-scooter,1,https://www.gjel.com/walnut-creek/scooter-accidents
español,1080,1080,https://www.gjel.com/es/walnut-creek/accidentes-de-camion,1,https://www.gjel.com/walnut-creek/truck-accidents
español,1080,1080,https://www.gjel.com/es/walnut-creek/abogados-de-muerte-por-negligencia,1,https://www.gjel.com/walnut-creek/wrongful-death-attorneys
español,1080,1080,https://www.gjel.com/es/que-pasa-si-pierdo-mi-trabajo-como-resultado-de-las-lesiones-de-mi-accidente,1,https://www.gjel.com/what-happens-if-i-lose-my-job-as-a-result-of-my-accident-injuries
español,1080,1080,https://www.gjel.com/es/que-pasa-si-tuve-un-accidente-de-bicicleta-y-no-llevaba-casco,1,https://www.gjel.com/what-if-i-was-in-a-bike-accident-and-wasnt-wearing-a-helmet
español,1080,1080,https://www.gjel.com/es/por-que-los-californianos-no-deben-esperar-para-hablar-con-un-abogado-de-lesiones-personales-despues-de-un-accidente,1,https://www.gjel.com/why-californians-shouldnt-wait-to-talk-to-a-personal-injury-attorney-after-an-accident
español,1080,1080,https://www.gjel.com/es/cual-es-la-diferencia-entre-mediacion-y-arbitraje,1,https://www.gjel.com/what-is-the-difference-between-mediation-and-arbitration
español,1080,1080,https://www.gjel.com/es/pagare-impuestos-sobre-la-indemnizacion,1,https://www.gjel.com/will-i-pay-taxes-on-recovery
español,1080,1080,https://www.gjel.com/es/contratar-un-abogado-de-lesiones-personales-aumentara-el-valor-de-mi-caso,1,https://www.gjel.com/will-hiring-a-personal-injury-attorney-increase-the-value-of-my-case
español,1080,1080,https://www.gjel.com/es/seran-cubiertos-completamente-mis-salarios-perdidos-en-un-acuerdo-por-lesiones-personales,1,https://www.gjel.com/will-my-lost-wages-be-fully-covered-in-a-personal-injury-settlement
español,1080,1080,https://www.gjel.com/es/winning-car-accident-results,1,https://www.gjel.com/winning-car-accident-results
español,1080,1080,https://www.gjel.com/es/resultados-de-accidentes-de-auto/recuperacion-de-200k-por-accidente-de-auto-honda,1,https://www.gjel.com/winning-car-accident-results/200k-recovery-for-honda-car-accident
español,1080,1080,https://www.gjel.com/es/resultados-de-accidentes-de-auto/1-1-millones-acuerdo-accidente-de-auto,1,https://www.gjel.com/winning-car-accident-results/1-1-million-auto-accident-settlement
español,1080,1080,https://www.gjel.com/es/resultados-de-accidentes-de-auto/accidente-con-caltrans,1,https://www.gjel.com/winning-car-accident-results/caltrans-accident
español,1080,1080,https://www.gjel.com/es/resultados-de-accidentes-de-auto/esposo-y-esposa-reciben-los-limites-de-la-poliza-de-seguro,1,https://www.gjel.com/winning-car-accident-results/husband-and-wife-awarded-insurance-policy-limits
español,1080,1080,https://www.gjel.com/es/resultados-de-accidentes-de-auto/sindrome-posconmocional,1,https://www.gjel.com/winning-car-accident-results/post-concussion-syndrome
español,1080,1080,https://www.gjel.com/es/resultados-de-accidentes-de-auto/accidente-de-peaton-en-golden-gate-park,1,https://www.gjel.com/winning-car-accident-results/golden-gate-park-pedestrian-accident
español,1080,1080,https://www.gjel.com/es/resultados-de-accidentes-de-auto/acuerdo-por-accidente-de-bicicleta,1,https://www.gjel.com/winning-car-accident-results/bicycle-accident-settlement
español,1080,1080,https://www.gjel.com/es/resultados-de-accidentes-de-auto/acuerdo-por-accidente-de-auto-con-lesion-cerebral-traumatica,1,https://www.gjel.com/winning-car-accident-results/car-accident-with-traumatic-brain-injury-settlement
español,1080,1080,https://www.gjel.com/es/resultados-de-accidentes-de-auto/familia-recibe-acuerdo-por-muerte-injusta-dublin,1,https://www.gjel.com/winning-car-accident-results/family-awarded-wrongful-death-settlement-dublin
español,1080,1080,https://www.gjel.com/es/resultados-de-accidentes-de-auto/accidente-por-conducir-ebrio-acuerdo-de-500k,1,https://www.gjel.com/winning-car-accident-results/drunk-driving-accident-500k-settlement
español,1080,1080,https://www.gjel.com/es/resultados-de-accidentes-de-auto/accidente-por-alcance-de-auto-clasico,1,https://www.gjel.com/winning-car-accident-results/classic-car-rear-end-accident
español,1080,1080,https://www.gjel.com/es/resultados-de-accidentes-de-auto/acuerdo-por-lesion-cerebral-traumatica-y-lesion-de-medula-espinal,1,https://www.gjel.com/winning-car-accident-results/traumatic-brain-injury-and-spinal-cord-injury-settlement
español,1080,1080,https://www.gjel.com/es/escribe-para-nosotros,1,https://www.gjel.com/write-for-us
español,1080,1080,https://www.gjel.com/es/resultados-de-accidentes-de-auto/accidente-de-trafico-en-hora-pico-acuerdo-de-1m-gjel,1,https://www.gjel.com/winning-car-accident-results/rush-hour-traffic-accident-1m-settlement-gjel
español,1080,1080,https://www.gjel.com/es/wrongful-death-information,1,https://www.gjel.com/wrongful-death-information
español,1080,1080,https://www.gjel.com/es/abogados-de-muerte-por-negligencia/se-deben-impuestos-por-un-acuerdo-de-muerte-por-negligencia-en-california,1,https://www.gjel.com/wrongful-death-lawyers/are-taxes-owed-on-a-wrongful-death-settlement-in-california
español,1080,1080,https://www.gjel.com/es/abogados-de-muerte-por-negligencia/10-preguntas-esenciales-que-hacer-al-elegir-un-abogado-de-muerte-por-negligencia-para-representar-el-caso-de-su-ser-querido,1,https://www.gjel.com/wrongful-death-lawyers/10-essential-questions-to-ask-when-choosing-a-wrongful-death-attorney-to-represent-your-loved-ones-case
español,1080,1080,https://www.gjel.com/es/abogados-de-muerte-por-negligencia/puedo-presentar-una-demanda-por-muerte-por-negligencia-si-el-fallecido-nunca-tuvo-un-trabajo,1,https://www.gjel.com/wrongful-death-lawyers/can-i-bring-a-wrongful-death-action-if-the-deceased-never-held-a-job
español,1080,1080,https://www.gjel.com/es/abogados-de-muerte-por-negligencia/mejores-abogados-de-muerte-por-negligencia,1,https://www.gjel.com/wrongful-death-lawyers/best-wrongful-death-lawyers
español,1080,1080,https://www.gjel.com/es/mapa-del-sitio-2,1,https://www.gjel.com/sitemap-2
español,1080,1080,https://www.gjel.com/es/abogados-de-muerte-por-negligencia/subvaloran-los-tribunales-de-california-la-vida-en-las-demandas-por-muerte-injusta,1,https://www.gjel.com/wrongful-death-lawyers/do-california-courts-undervalue-life-in-wrongful-death-lawsuits
español,1080,1080,https://www.gjel.com/es/abogados-de-muerte-por-negligencia/puede-demandar-a-uber-por-lesiones-o-muerte-por-negligencia-esto-es-lo-que-necesita-saber,1,https://www.gjel.com/wrongful-death-lawyers/can-you-sue-uber-for-injuries-or-wrongful-death-heres-what-you-need-to-know
español,1080,1080,https://www.gjel.com/es/abogados-de-muerte-por-negligencia/caso-de-muerte-por-negligencia-en-contra-costa,1,https://www.gjel.com/wrongful-death-lawyers/contra-costa-wrongful-death-case
español,1080,1080,https://www.gjel.com/es/abogados-de-muerte-por-negligencia/probabilidades-de-ganar,1,https://www.gjel.com/wrongful-death-lawyers/chances-winning
español,1080,1080,https://www.gjel.com/es/abogados-de-muerte-por-negligencia/preguntas-frecuentes-casos-de-muerte-por-negligencia,1,https://www.gjel.com/wrongful-death-lawyers/faq-wrongful-death-cases
español,1080,1080,https://www.gjel.com/es/abogados-de-muerte-por-negligencia,1,https://www.gjel.com/wrongful-death-lawyers
español,1080,1080,https://www.gjel.com/es/abogados-de-muerte-por-negligencia/encuentre-al-abogado-de-muerte-por-negligencia-adecuado-en-los-angeles-para-su-caso,1,https://www.gjel.com/wrongful-death-lawyers/find-the-right-los-angeles-wrongful-death-attorney-for-your-case
español,1080,1080,https://www.gjel.com/es/abogados-de-muerte-por-negligencia/como-se-divide-la-compensacion,1,https://www.gjel.com/wrongful-death-lawyers/how-is-compensation-divided
español,1080,1080,https://www.gjel.com/es/abogados-de-muerte-por-negligencia/como-funciona-una-demanda-por-muerte-por-negligencia,1,https://www.gjel.com/wrongful-death-lawyers/how-a-wrongful-death-lawsuit-works
español,1080,1080,https://www.gjel.com/es/abogados-de-muerte-por-negligencia/krouse-vs-graham,1,https://www.gjel.com/wrongful-death-lawyers/krouse-vs-graham
español,1080,1080,https://www.gjel.com/es/abogados-de-muerte-por-negligencia/como-se-paga,1,https://www.gjel.com/wrongful-death-lawyers/how-paid-out
español,1080,1080,https://www.gjel.com/es/abogados-de-muerte-por-negligencia/superando-el-duelo-y-la-perdida-despues-de-un-accidente-de-auto-fatal-de-un-ser-querido,1,https://www.gjel.com/wrongful-death-lawyers/navigating-grief-and-loss-after-a-loved-ones-fatal-car-accident
español,1080,1080,https://www.gjel.com/es/abogados-de-muerte-por-negligencia/danos-recuperables,1,https://www.gjel.com/wrongful-death-lawyers/recoverable-damages
español,1080,1080,https://www.gjel.com/es/abogados-de-muerte-por-negligencia/problemas-de-los-demandantes-en-casos-de-muerte-por-negligencia,1,https://www.gjel.com/wrongful-death-lawyers/plaintiffs-problems-wrongful-death-cases
español,1080,1080,https://www.gjel.com/es/abogados-de-muerte-por-negligencia/probando-el-caso,1,https://www.gjel.com/wrongful-death-lawyers/proving-case
español,1080,1080,https://www.gjel.com/es/abogados-de-muerte-por-negligencia/acuerdos,1,https://www.gjel.com/wrongful-death-lawyers/settlements
español,1080,1080,https://www.gjel.com/es/abogados-de-muerte-por-negligencia/situacion-de-los-hijastros-bajo-la-ley-de-muerte-por-negligencia-de-california,1,https://www.gjel.com/wrongful-death-lawyers/status-of-stepchildren-under-californias-wrongful-death-statute
español,1080,1080,https://www.gjel.com/es/abogados-de-muerte-por-negligencia/deberia-contratar-un-abogado-de-muerte-por-negligencia-cerca-de-mi,1,https://www.gjel.com/wrongful-death-lawyers/should-i-hire-a-wrongful-death-lawyer-near-me
español,1080,1080,https://www.gjel.com/es/abogados-de-muerte-por-negligencia/prescripcion-california,1,https://www.gjel.com/wrongful-death-lawyers/statute-limitations-california
español,1080,1080,https://www.gjel.com/es/abogados-de-muerte-por-negligencia/los-elementos-de-un-reclamo-exitoso-de-muerte-por-negligencia-en-california,1,https://www.gjel.com/wrongful-death-lawyers/the-elements-of-a-successful-california-wrongful-death-claim
español,1080,1080,https://www.gjel.com/es/abogados-de-muerte-por-negligencia/demandar-o-no-demandar-por-muerte-por-negligencia,1,https://www.gjel.com/wrongful-death-lawyers/sue-not-sue-wrongful-death
español,1080,1080,https://www.gjel.com/es/abogados-de-muerte-por-negligencia/la-importancia-del-plazo-de-prescripcion-en-casos-de-muerte-injusta-y-por-que-es-importante-actuar-rapido,1,https://www.gjel.com/wrongful-death-lawyers/the-significance-of-the-statute-of-limitations-in-wrongful-death-cases-and-why-its-important-to-act-quickly
español,1080,1080,https://www.gjel.com/es/abogados-de-muerte-por-negligencia/entendiendo-los-danos,1,https://www.gjel.com/wrongful-death-lawyers/understanding-damages
español,1080,1080,https://www.gjel.com/es/abogados-de-muerte-por-negligencia/que-tipo-de-abogado-maneja-casos-de-muerte-injusta,1,https://www.gjel.com/wrongful-death-lawyers/what-kind-of-lawyer-handles-wrongful-death-cases
español,1080,1080,https://www.gjel.com/es/abogados-de-muerte-por-negligencia/las-principales-causas-de-muerte-por-negligencia,1,https://www.gjel.com/wrongful-death-lawyers/the-leading-causes-of-wrongful-death
español,1080,1080,https://www.gjel.com/es/abogados-de-muerte-por-negligencia/entendiendo-el-reclamo-por-muerte-injusta-en-california,1,https://www.gjel.com/wrongful-death-lawyers/understanding-wrongful-death-claim-california
español,1080,1080,https://www.gjel.com/es/abogados-de-muerte-por-negligencia/las-enmiendas-de-2021-al-codigo-civ-proc-377-34-que-significan-para-los-demandantes,1,https://www.gjel.com/wrongful-death-lawyers/the-2021-amendments-to-code-civ-proc-377-34-what-they-mean-to-plaintiffs
español,1080,1080,https://www.gjel.com/es/abogados-de-muerte-por-negligencia/quien-puede-presentar-una-demanda-por-muerte-por-negligencia-en-california,1,https://www.gjel.com/wrongful-death-lawyers/who-can-file-a-wrongful-death-lawsuit-in-california
español,1080,1080,https://www.gjel.com/es/abogados-de-muerte-por-negligencia/el-papel-de-los-testigos-expertos,1,https://www.gjel.com/wrongful-death-lawyers/the-role-of-expert-witnesses
español,1080,1080,https://www.gjel.com/es/abogados-de-muerte-por-negligencia/compensacion-por-muerte-por-negligencia-para-padres-divorciados,1,https://www.gjel.com/wrongful-death-lawyers/wrongful-death-recovery-divorced-parents
español,1080,1080,https://www.gjel.com/es/abogados-de-muerte-por-negligencia/calculadora-de-acuerdo-por-muerte-por-negligencia-como-estimar-la-compensacion,1,https://www.gjel.com/wrongful-death-lawyers/wrongful-death-settlement-calculator-how-to-estimate-compensation
español,1080,1080,https://www.gjel.com/es/abogados-de-muerte-por-negligencia/cual-es-la-diferencia-entre-casos-de-lesiones-personales-y-muerte-por-negligencia,1,https://www.gjel.com/wrongful-death-lawyers/whats-the-difference-between-personal-injury-wrongful-death-cases
español,1080,1080,https://www.gjel.com/es/abogados-de-muerte-por-negligencia/reclamos-por-muerte-injusta-presentados-por-padres-dependientes-o-hijastros,1,https://www.gjel.com/wrongful-death-lawyers/wrongful-death-claims-presented-by-dependent-parents-or-stepchildren
español,1080,1080,https://www.gjel.com/es/abogados-de-muerte-por-negligencia/muerte-por-negligencia-vs-acciones-de-supervivencia-en-california,1,https://www.gjel.com/wrongful-death-lawyers/wrongful-death-v-survival-actions-in-california
español,1080,1080,https://www.gjel.com/es/abogados-de-muerte-por-negligencia/muerte-por-negligencia-vs-homicidio-involuntario-entendiendo-la-diferencia,1,https://www.gjel.com/wrongful-death-lawyers/wrongful-death-vs-manslaughter-understanding-the-difference
español,1080,1080,https://www.gjel.com/es/acuerdo-por-muerte-injusta-condado-de-santa-clara,1,https://www.gjel.com/wrongful-death-settlement-santa-clara-county
español,1080,1080,https://www.gjel.com/es/abogados-de-muerte-por-negligencia/necesitare-ir-a-la-corte-si-presento-una-demanda-por-muerte-por-negligencia-en-california,1,https://www.gjel.com/wrongful-death-lawyers/will-i-need-to-go-to-court-if-i-file-a-wrongful-death-lawsuit-in-california
español,1080,1080,https://www.gjel.com/es/abogados-de-muerte-por-negligencia/honorarios-de-abogado-de-muerte-por-negligencia,1,https://www.gjel.com/wrongful-death-lawyers/wrongful-death-attorney-fees
view settlement,7,7,https://www.gjel.com/winning-car-accident-results/womani80,1,https://www.gjel.com/car-accident-lawyers
view settlement,7,7,https://www.gjel.com/verdicts/three-car-collision-in-fremont-california,1,https://www.gjel.com/car-accident-lawyers
view settlement,7,7,https://www.gjel.com/verdicts/contra-costa-rear-end-accident,1,https://www.gjel.com/car-accident-lawyers
view settlement,7,7,https://www.gjel.com/verdicts/man-injured-in-motorcycle-accident,1,https://www.gjel.com/car-accident-lawyers
view settlement,7,7,https://www.gjel.com/verdicts/auto-vs-motorcycle-accident-in-unincorporated-napa-county-california,1,https://www.gjel.com/car-accident-lawyers
view settlement,7,7,https://www.gjel.com/winning-car-accident-results/head-injury-auto-accident,1,https://www.gjel.com/car-accident-lawyers
view settlement,7,7,https://www.gjel.com/winning-car-accident-results/100000-from-insurance-company-for-client-injured-in-car-accident,1,https://www.gjel.com/car-accident-lawyers
gjel accident attorneys,5,16,https://www.gjel.com/car-accident-lawyers,6,https://www.gjel.com/boat-accident-lawyers/settlement-calculator
gjel accident attorneys,5,16,https://www.gjel.com/about,6,https://www.gjel.com/bus-accident-lawyers/settlement-calculator
gjel accident attorneys,5,16,https://www.gjel.com,2,https://www.gjel.com/acid-burn-injury-lawyer
gjel accident attorneys,5,16,https://www.gjel.com/about/firm,1,https://www.gjel.com/amputation-injury-lawyers
gjel accident attorneys,5,16,https://www.gjel.com/locations,1,https://www.gjel.com/catastrophic-injury-lawyer/settlement-calculator
settlement amount,4,29,https://www.gjel.com/verdicts-settlements,21,https://www.gjel.com/amputation-injury-lawyer-california/settlement-calculator
settlement amount,4,29,https://www.gjel.com/car-accident-lawyers/winning-results,6,https://www.gjel.com/california-roof-crush-injury-lawyers/settlement-calculator
settlement amount,4,29,https://www.gjel.com/california-bicycle-accident-lawyers/results,1,https://www.gjel.com/california-bicycle-accident-lawyers/settlement-calculator
settlement amount,4,29,https://www.gjel.com/motorcycle-accident-lawyers/verdicts-results,1,https://www.gjel.com/electric-scooter-injury-attorneys/settlement-calculator
wrongful death,4,6,https://www.gjel.com/wrongful-death-lawyers,3,https://www.gjel.com/bus-accident-lawyers
wrongful death,4,6,https://www.gjel.com/san-jose/wrongful-death-lawyers,1,https://www.gjel.com/
wrongful death,4,6,https://www.gjel.com/car-accident-lawyers/resulting-death,1,https://www.gjel.com/car-accident-lawyers/resulting-death/settlement-calculator
wrongful death,4,6,https://www.gjel.com/wrongful-death-lawyers/the-elements-of-a-successful-california-wrongful-death-claim,1,https://www.gjel.com/motorcycle-accident-lawyers
office location,3,26,https://www.gjel.com/oakland,15,https://www.gjel.com/amputation-injury-lawyers/settlement-calculator
office location,3,26,https://www.gjel.com/san-francisco,10,https://www.gjel.com/bus-accident-lawyers/settlement-calculator
office location,3,26,https://www.gjel.com/locations,1,https://www.gjel.com/catastrophic-injury-lawyer/settlement-calculator
california personal injury lawyers,3,6,https://www.gjel.com/personal-injury-attorneys,3,https://www.gjel.com/broken-hip-injury-attorney
california personal injury lawyers,3,6,https://www.gjel.com,2,https://www.gjel.com/broken-bones-lawyer
california personal injury lawyers,3,6,https://www.gjel.com/10-benefits-of-hiring-a-personal-injury-lawyer,1,https://www.gjel.com/california-construction-accident-lawyers
car accidents,2,5,https://www.gjel.com/car-accident-lawyers,4,https://www.gjel.com/
car accidents,2,5,https://www.gjel.com/california-car-accident-statistics-what-you-need-to-know,1,https://www.gjel.com/motorcycle-accident-lawyers
motorcycle accidents,2,5,https://www.gjel.com/motorcycle-accident-lawyers,4,https://www.gjel.com/
motorcycle accidents,2,5,https://www.gjel.com/motorcycle-accident-lawyers/types-accidents,1,https://www.gjel.com/motorcycle-accident-settlement-calculator
settlement calculators,2,5,https://www.gjel.com/blog,4,https://www.gjel.com/car-accident-lawyers/resulting-death/settlement-calculator
settlement calculators,2,5,https://www.gjel.com/personal-injury-settlement-calculator,1,https://www.gjel.com/quadriplegia-injury-lawyers/settlement-calculator-3
fresno,2,4,https://www.gjel.com/fresno,3,https://www.gjel.com/california-bicycle-accident-lawyers
fresno,2,4,https://www.gjel.com/fresno/fresno-scooter-accident-lawyers,1,https://www.gjel.com/electric-scooter-injury-attorneys
pleasanton,2,4,https://www.gjel.com/pleasanton,3,https://www.gjel.com/california-bicycle-accident-lawyers
pleasanton,2,4,https://www.gjel.com/pleasanton/scooter-accidents,1,https://www.gjel.com/electric-scooter-injury-attorneys
stockton,2,4,https://www.gjel.com/stockton,3,https://www.gjel.com/california-bicycle-accident-lawyers
stockton,2,4,https://www.gjel.com/stockton/scooter-accidents-stockton,1,https://www.gjel.com/electric-scooter-injury-attorneys
car accident,2,4,https://www.gjel.com/car-accident-lawyers,3,https://www.gjel.com/crush-injury-lawyers
car accident,2,4,https://www.gjel.com/top-causes-car-accidents,1,https://www.gjel.com/car-accident-lawyers
bicycle accidents,2,3,https://www.gjel.com/california-bicycle-accident-lawyers,2,https://www.gjel.com/
bicycle accidents,2,3,https://www.gjel.com/california-bicycle-accident-lawyers/results,1,https://www.gjel.com/california-bicycle-accident-lawyers/settlement-calculator
richmond,2,3,https://www.gjel.com/richmond,2,https://www.gjel.com/california-bicycle-accident-lawyers
richmond,2,3,https://www.gjel.com/richmond/richmond-scooter-accident-lawyers,1,https://www.gjel.com/electric-scooter-injury-attorneys
gjel,2,3,https://www.gjel.com,2,https://www.gjel.com/taxi-accident-attorney
gjel,2,3,https://www.gjel.com/about,1,https://www.gjel.com/broken-bones-lawyer/settlement-calculator
office,2,2,https://www.gjel.com/san-francisco,1,https://www.gjel.com/acid-burn-injury-lawyer/settlement-calculator
office,2,2,https://www.gjel.com/oakland,1,https://www.gjel.com/boat-accident-lawyers/settlement-calculator
view case,2,2,https://www.gjel.com/verdicts/accident-settlement-tbi-pedestrian-case-study,1,https://www.gjel.com/brain-injury-lawyers
view case,2,2,https://www.gjel.com/winning-car-accident-results/womani80,1,https://www.gjel.com/seatback-failure-attorneys
wrongful death claims,2,2,https://www.gjel.com/wrongful-death-lawyers,1,https://www.gjel.com/car-accident-lawyers
wrongful death claims,2,2,https://www.gjel.com/wrongful-death-lawyers/chances-winning,1,https://www.gjel.com/car-accident-lawyers/resulting-death/settlement-calculator
settlement offer,2,2,https://www.gjel.com/car-accident-lawyers/fair-settlement-offer,1,https://www.gjel.com/crush-injury-lawyers
settlement offer,2,2,https://www.gjel.com/wrongful-death-lawyers/settlements,1,https://www.gjel.com/wrongful-death-lawyers
scarring and disfigurement lawyer,2,2,https://www.gjel.com/wp-content/uploads/2018/07/scarring-and-disfigurement-lawyer.jpg,1,https://www.gjel.com/scarring-and-disfigurement-lawyer
scarring and disfigurement lawyer,2,2,https://www.gjel.com/about,1,https://www.gjel.com/scarring-and-disfigurement-lawyer
