source_page,link_href_(redirecting),anchor_text,region,nofollow,final_url,final_status,hops
https://www.gjel.com/archives/fatal-head-on-collision-on-highway-132-claims-one-life-injures-two-in-stanislaus-county,http://www.gjel.com/,[empty],boiler-class,False,https://www.gjel.com/,200,1
https://www.gjel.com/archives/multi-vehicle-crash-sacramento,http://www.gjel.com/,[empty],boiler-class,False,https://www.gjel.com/,200,1
https://www.gjel.com/blog/san-jose-semi-truck-crash-leaves-two-injured,http://www.gjel.com/,www.gjel.com,boiler-class,False,https://www.gjel.com/,200,1
https://www.gjel.com/blog/pedestrian-killed-hit-and-run-in-sacramento,https://gjel.com/,gjel.com,boiler-class,True,https://www.gjel.com/,200,1
https://www.gjel.com/sacramento,https://gjel.com/car-accident-lawyers/winning-results,proven results,boiler-class,True,https://www.gjel.com/car-accident-lawyers/winning-results,200,1
https://www.gjel.com/2023-motorcycle-crash-statistics,https://www.gjel.com/attorneys/,View All Attorneys,boiler-class,False,https://www.gjel.com/attorneys,200,1
https://www.gjel.com/5-essential-steps-after-car-accident-california,https://www.gjel.com/attorneys/,View All Attorneys,boiler-class,False,https://www.gjel.com/attorneys,200,1
https://www.gjel.com/about/community-involvement,https://www.gjel.com/attorneys/,View All Attorneys,boiler-class,False,https://www.gjel.com/attorneys,200,1
https://www.gjel.com/about/firm,https://www.gjel.com/attorneys/,View All Attorneys,boiler-class,False,https://www.gjel.com/attorneys,200,1
https://www.gjel.com/about/free-holiday-cab-ride,https://www.gjel.com/attorneys/,View All Attorneys,boiler-class,False,https://www.gjel.com/attorneys,200,1
https://www.gjel.com/about/our-track-record,https://www.gjel.com/attorneys/,View All Attorneys,boiler-class,False,https://www.gjel.com/attorneys,200,1
https://www.gjel.com/about/results,https://www.gjel.com/attorneys/,View All Attorneys,boiler-class,False,https://www.gjel.com/attorneys,200,1
https://www.gjel.com/amputation-injury-lawyers/can-recover-financial-assistance,https://www.gjel.com/attorneys/,View All Attorneys,boiler-class,False,https://www.gjel.com/attorneys,200,1
https://www.gjel.com/amputation-injury-lawyers/role-attorney-recovery,https://www.gjel.com/attorneys/,View All Attorneys,boiler-class,False,https://www.gjel.com/attorneys,200,1
https://www.gjel.com/amputation-injury-lawyers/understanding-different-types,https://www.gjel.com/attorneys/,View All Attorneys,boiler-class,False,https://www.gjel.com/attorneys,200,1
https://www.gjel.com/amputation-injury-lawyers/understanding-medical-expenses,https://www.gjel.com/attorneys/,View All Attorneys,boiler-class,False,https://www.gjel.com/attorneys,200,1
https://www.gjel.com/amputation-injury-lawyers/what-kind-of-compensation-can-i-receive-for-my-amputation,https://www.gjel.com/attorneys/,View All Attorneys,boiler-class,False,https://www.gjel.com/attorneys,200,1
https://www.gjel.com/andrew-gillin,https://www.gjel.com/attorneys/,View All Attorneys,boiler-class,False,https://www.gjel.com/attorneys,200,1
https://www.gjel.com/andrew-gillin/andy-gillin-awarded-nations-top-one-attorney-percent-by-the-national-association-of-distinguished-counsel,https://www.gjel.com/attorneys/,View All Attorneys,boiler-class,False,https://www.gjel.com/attorneys,200,1
https://www.gjel.com/antioch,https://www.gjel.com/attorneys/,View All Attorneys,boiler-class,False,https://www.gjel.com/attorneys,200,1
https://www.gjel.com/antioch/amputation-injury-lawyers,https://www.gjel.com/attorneys/,View All Attorneys,boiler-class,False,https://www.gjel.com/attorneys,200,1
https://www.gjel.com/antioch/bicycle-accident-lawyer,https://www.gjel.com/attorneys/,View All Attorneys,boiler-class,False,https://www.gjel.com/attorneys,200,1
https://www.gjel.com/antioch/brain-injury-lawyers,https://www.gjel.com/attorneys/,View All Attorneys,boiler-class,False,https://www.gjel.com/attorneys,200,1
https://www.gjel.com/antioch/car-accident-attorneys/most-dangerous-roads-intersections-in-antioch,https://www.gjel.com/attorneys/,View All Attorneys,boiler-class,False,https://www.gjel.com/attorneys,200,1
https://www.gjel.com/antioch/motorcycle-accident-lawyers,https://www.gjel.com/attorneys/,View All Attorneys,boiler-class,False,https://www.gjel.com/attorneys,200,1
https://www.gjel.com/antioch/scooter-accidents,https://www.gjel.com/attorneys/,View All Attorneys,boiler-class,False,https://www.gjel.com/attorneys,200,1
https://www.gjel.com/antioch/truck-accidents,https://www.gjel.com/attorneys/,View All Attorneys,boiler-class,False,https://www.gjel.com/attorneys,200,1
https://www.gjel.com/antioch/wrongful-death-lawyers-antioch,https://www.gjel.com/attorneys/,View All Attorneys,boiler-class,False,https://www.gjel.com/attorneys,200,1
https://www.gjel.com/are-motorcycle-accidents-treated-differently-than-car-accidents-in-california,https://www.gjel.com/attorneys/,View All Attorneys,boiler-class,False,https://www.gjel.com/attorneys,200,1
https://www.gjel.com/average-payout-for-car-accident-death-understanding-compensation-for-fatal-accidents,https://www.gjel.com/attorneys/,View All Attorneys,boiler-class,False,https://www.gjel.com/attorneys,200,1
https://www.gjel.com/average-settlement-lawsuit,https://www.gjel.com/attorneys/,View All Attorneys,boiler-class,False,https://www.gjel.com/attorneys,200,1
https://www.gjel.com/berkeley,https://www.gjel.com/attorneys/,View All Attorneys,boiler-class,False,https://www.gjel.com/attorneys,200,1
https://www.gjel.com/berkeley/amputation,https://www.gjel.com/attorneys/,View All Attorneys,boiler-class,False,https://www.gjel.com/attorneys,200,1
https://www.gjel.com/berkeley/bicycle-accidents,https://www.gjel.com/attorneys/,View All Attorneys,boiler-class,False,https://www.gjel.com/attorneys,200,1
https://www.gjel.com/berkeley/brain-injuries,https://www.gjel.com/attorneys/,View All Attorneys,boiler-class,False,https://www.gjel.com/attorneys,200,1
https://www.gjel.com/berkeley/motorcycle-accidents,https://www.gjel.com/attorneys/,View All Attorneys,boiler-class,False,https://www.gjel.com/attorneys,200,1
https://www.gjel.com/berkeley/scooter-accidents,https://www.gjel.com/attorneys/,View All Attorneys,boiler-class,False,https://www.gjel.com/attorneys,200,1
https://www.gjel.com/berkeley/truck-accidents,https://www.gjel.com/attorneys/,View All Attorneys,boiler-class,False,https://www.gjel.com/attorneys,200,1
https://www.gjel.com/berkeley/wrongful-death-attorneys,https://www.gjel.com/attorneys/,View All Attorneys,boiler-class,False,https://www.gjel.com/attorneys,200,1
https://www.gjel.com/brain-injury-lawyers/5-common-mistakes-to-avoid-when-filing-a-california-brain-injury-claim,https://www.gjel.com/attorneys/,View All Attorneys,boiler-class,False,https://www.gjel.com/attorneys,200,1
https://www.gjel.com/brain-injury-lawyers/brain-injury-lawsuits-4-things-you-should-know,https://www.gjel.com/attorneys/,View All Attorneys,boiler-class,False,https://www.gjel.com/attorneys,200,1
https://www.gjel.com/brain-injury-lawyers/brain-injury-pain-and-suffering-settlement-examples,https://www.gjel.com/attorneys/,View All Attorneys,boiler-class,False,https://www.gjel.com/attorneys,200,1
https://www.gjel.com/brain-injury-lawyers/brain-injury-settlement-calculator-how-to-accurately-estimate-your-settlement-value,https://www.gjel.com/attorneys/,View All Attorneys,boiler-class,False,https://www.gjel.com/attorneys,200,1
https://www.gjel.com/brain-injury-lawyers/can-you-get-a-concussion-without-hitting-your-head,https://www.gjel.com/attorneys/,View All Attorneys,boiler-class,False,https://www.gjel.com/attorneys,200,1
https://www.gjel.com/brain-injury-lawyers/common-signs-and-symptoms-of-a-traumatic-brain-injury,https://www.gjel.com/attorneys/,View All Attorneys,boiler-class,False,https://www.gjel.com/attorneys,200,1
https://www.gjel.com/brain-injury-lawyers/common-types-of-brain-injuries-from-car-accidents,https://www.gjel.com/attorneys/,View All Attorneys,boiler-class,False,https://www.gjel.com/attorneys,200,1
https://www.gjel.com/brain-injury-lawyers/compensation-traumatic-brain-injury-semi-truck-accident,https://www.gjel.com/attorneys/,View All Attorneys,boiler-class,False,https://www.gjel.com/attorneys,200,1
https://www.gjel.com/brain-injury-lawyers/concussion-injuries,https://www.gjel.com/attorneys/,View All Attorneys,boiler-class,False,https://www.gjel.com/attorneys,200,1
https://www.gjel.com/brain-injury-lawyers/coping-with-the-long-term-effects-of-traumatic-brain-injury,https://www.gjel.com/attorneys/,View All Attorneys,boiler-class,False,https://www.gjel.com/attorneys,200,1
https://www.gjel.com/brain-injury-lawyers/do-traumatic-brain-injuries-change-your-personality,https://www.gjel.com/attorneys/,View All Attorneys,boiler-class,False,https://www.gjel.com/attorneys,200,1
https://www.gjel.com/brain-injury-lawyers/does-a-brain-injury-increase-the-risk-of-stroke,https://www.gjel.com/attorneys/,View All Attorneys,boiler-class,False,https://www.gjel.com/attorneys,200,1
https://www.gjel.com/brain-injury-lawyers/four-post-concussion-syndrome-symptoms-to-watch-for-after-an-accident,https://www.gjel.com/attorneys/,View All Attorneys,boiler-class,False,https://www.gjel.com/attorneys,200,1
https://www.gjel.com/brain-injury-lawyers/how-brain-injury-settlements-help-improve-the-lives-of-tbi-survivors,https://www.gjel.com/attorneys/,View All Attorneys,boiler-class,False,https://www.gjel.com/attorneys,200,1
https://www.gjel.com/brain-injury-lawyers/how-common-are-traumatic-brain-injuries-in-california,https://www.gjel.com/attorneys/,View All Attorneys,boiler-class,False,https://www.gjel.com/attorneys,200,1
https://www.gjel.com/brain-injury-lawyers/how-do-you-know-if-you-have-a-concussion,https://www.gjel.com/attorneys/,View All Attorneys,boiler-class,False,https://www.gjel.com/attorneys,200,1
https://www.gjel.com/brain-injury-lawyers/how-long-do-you-have-to-file-a-brain-injury-claim-after-a-car-accident,https://www.gjel.com/attorneys/,View All Attorneys,boiler-class,False,https://www.gjel.com/attorneys,200,1
https://www.gjel.com/brain-injury-lawyers/how-much-does-it-really-cost-to-treat-a-traumatic-brain-injury,https://www.gjel.com/attorneys/,View All Attorneys,boiler-class,False,https://www.gjel.com/attorneys,200,1
https://www.gjel.com/brain-injury-lawyers/how-to-build-a-strong-case-for-a-brain-injury-lawsuit-in-california,https://www.gjel.com/attorneys/,View All Attorneys,boiler-class,False,https://www.gjel.com/attorneys,200,1
https://www.gjel.com/brain-injury-lawyers/how-to-find-the-best-brain-injury-lawyer-near-me,https://www.gjel.com/attorneys/,View All Attorneys,boiler-class,False,https://www.gjel.com/attorneys,200,1
https://www.gjel.com/brain-injury-lawyers/how-to-get-compensation-for-a-brain-injury-from-a-car-accident,https://www.gjel.com/attorneys/,View All Attorneys,boiler-class,False,https://www.gjel.com/attorneys,200,1
https://www.gjel.com/brain-injury-lawyers/how-well-do-helmets-prevent-brain-injury,https://www.gjel.com/attorneys/,View All Attorneys,boiler-class,False,https://www.gjel.com/attorneys,200,1
https://www.gjel.com/brain-injury-lawyers/is-it-normal-to-have-headaches-after-a-concussion,https://www.gjel.com/attorneys/,View All Attorneys,boiler-class,False,https://www.gjel.com/attorneys,200,1
https://www.gjel.com/brain-injury-lawyers/most-common-types-of-traumatic-brain-injury,https://www.gjel.com/attorneys/,View All Attorneys,boiler-class,False,https://www.gjel.com/attorneys,200,1
https://www.gjel.com/brain-injury-lawyers/non-traumatic-brain-injury-claims,https://www.gjel.com/attorneys/,View All Attorneys,boiler-class,False,https://www.gjel.com/attorneys,200,1
https://www.gjel.com/brain-injury-lawyers/post-concussion-syndrome-attorney,https://www.gjel.com/attorneys/,View All Attorneys,boiler-class,False,https://www.gjel.com/attorneys,200,1
https://www.gjel.com/brain-injury-lawyers/seven-common-myths-about-brain-injury,https://www.gjel.com/attorneys/,View All Attorneys,boiler-class,False,https://www.gjel.com/attorneys,200,1
https://www.gjel.com/brain-injury-lawyers/should-i-consider-finding-a-life-care-planner-following-a-brain-injury,https://www.gjel.com/attorneys/,View All Attorneys,boiler-class,False,https://www.gjel.com/attorneys,200,1
https://www.gjel.com/brain-injury-lawyers/signs-symptoms-head-injury-in-adults,https://www.gjel.com/attorneys/,View All Attorneys,boiler-class,False,https://www.gjel.com/attorneys,200,1
https://www.gjel.com/brain-injury-lawyers/symptoms-of-a-concussion-understanding-the-signs-and-symptoms-of-mild-traumatic-brain-injury,https://www.gjel.com/attorneys/,View All Attorneys,boiler-class,False,https://www.gjel.com/attorneys,200,1
https://www.gjel.com/brain-injury-lawyers/symptoms-of-concussion-what-you-need-to-know,https://www.gjel.com/attorneys/,View All Attorneys,boiler-class,False,https://www.gjel.com/attorneys,200,1
https://www.gjel.com/brain-injury-lawyers/tbi-settlements-understanding-case-value,https://www.gjel.com/attorneys/,View All Attorneys,boiler-class,False,https://www.gjel.com/attorneys,200,1
https://www.gjel.com/brain-injury-lawyers/tbi-side-effects-and-complications,https://www.gjel.com/attorneys/,View All Attorneys,boiler-class,False,https://www.gjel.com/attorneys,200,1
https://www.gjel.com/brain-injury-lawyers/the-difference-between-traumatic-and-acquired-brain-injuries,https://www.gjel.com/attorneys/,View All Attorneys,boiler-class,False,https://www.gjel.com/attorneys,200,1
https://www.gjel.com/brain-injury-lawyers/the-ten-brain-injury-symptoms-you-shouldnt-ignore,https://www.gjel.com/attorneys/,View All Attorneys,boiler-class,False,https://www.gjel.com/attorneys,200,1
https://www.gjel.com/brain-injury-lawyers/traumatic-brain-injury-tbi-a-dive-into-the-cdcs-statistics,https://www.gjel.com/attorneys/,View All Attorneys,boiler-class,False,https://www.gjel.com/attorneys,200,1
https://www.gjel.com/brain-injury-lawyers/what-are-the-different-types-of-concussion,https://www.gjel.com/attorneys/,View All Attorneys,boiler-class,False,https://www.gjel.com/attorneys,200,1
https://www.gjel.com/brain-injury-lawyers/what-is-a-brain-stem-injury,https://www.gjel.com/attorneys/,View All Attorneys,boiler-class,False,https://www.gjel.com/attorneys,200,1
https://www.gjel.com/brain-injury-lawyers/what-is-cte,https://www.gjel.com/attorneys/,View All Attorneys,boiler-class,False,https://www.gjel.com/attorneys,200,1
https://www.gjel.com/brain-injury-lawyers/what-is-tbi,https://www.gjel.com/attorneys/,View All Attorneys,boiler-class,False,https://www.gjel.com/attorneys,200,1
https://www.gjel.com/brain-injury-lawyers/what-is-the-risk-of-death-after-a-brain-injury,https://www.gjel.com/attorneys/,View All Attorneys,boiler-class,False,https://www.gjel.com/attorneys,200,1
https://www.gjel.com/brain-injury-lawyers/what-qualities-should-you-look-for-in-a-brain-injury-attorney,https://www.gjel.com/attorneys/,View All Attorneys,boiler-class,False,https://www.gjel.com/attorneys,200,1
https://www.gjel.com/brain-injury-lawyers/what-to-do-if-you-suffer-brain-injury-from-a-fall,https://www.gjel.com/attorneys/,View All Attorneys,boiler-class,False,https://www.gjel.com/attorneys,200,1
https://www.gjel.com/brain-injury-lawyers/will-i-be-able-to-drive-in-california-after-a-brain-injury,https://www.gjel.com/attorneys/,View All Attorneys,boiler-class,False,https://www.gjel.com/attorneys,200,1
https://www.gjel.com/bus-accident-lawyers/next-steps-after-bus-accident,https://www.gjel.com/attorneys/,View All Attorneys,boiler-class,False,https://www.gjel.com/attorneys,200,1
https://www.gjel.com/bus-accident-lawyers/serious-accidents,https://www.gjel.com/attorneys/,View All Attorneys,boiler-class,False,https://www.gjel.com/attorneys,200,1
https://www.gjel.com/bus-accident-lawyers/what-to-do-if-youre-injured-in-a-bus-accident,https://www.gjel.com/attorneys/,View All Attorneys,boiler-class,False,https://www.gjel.com/attorneys,200,1
https://www.gjel.com/california-bicycle-accident-lawyers/bicycle-accident-statistics-us-bay-area,https://www.gjel.com/attorneys/,View All Attorneys,boiler-class,False,https://www.gjel.com/attorneys,200,1
https://www.gjel.com/california-bicycle-accident-lawyers/bicycle-dooring-accident,https://www.gjel.com/attorneys/,View All Attorneys,boiler-class,False,https://www.gjel.com/attorneys,200,1
https://www.gjel.com/california-bicycle-accident-lawyers/bicycle-safety,https://www.gjel.com/attorneys/,View All Attorneys,boiler-class,False,https://www.gjel.com/attorneys,200,1
https://www.gjel.com/california-bicycle-accident-lawyers/bike-accident-hit-by-car-on-sidewalk,https://www.gjel.com/attorneys/,View All Attorneys,boiler-class,False,https://www.gjel.com/attorneys,200,1
https://www.gjel.com/california-bicycle-accident-lawyers/california-bicycle-laws-safety,https://www.gjel.com/attorneys/,View All Attorneys,boiler-class,False,https://www.gjel.com/attorneys,200,1
https://www.gjel.com/california-bicycle-accident-lawyers/cyclist-car-accident-compensation,https://www.gjel.com/attorneys/,View All Attorneys,boiler-class,False,https://www.gjel.com/attorneys,200,1
https://www.gjel.com/california-bicycle-accident-lawyers/electric-scooter-laws-injuries-in-the-bay-area-what-riders-must-know,https://www.gjel.com/attorneys/,View All Attorneys,boiler-class,False,https://www.gjel.com/attorneys,200,1
https://www.gjel.com/california-bicycle-accident-lawyers/hit-by-a-car-bicycle-accident,https://www.gjel.com/attorneys/,View All Attorneys,boiler-class,False,https://www.gjel.com/attorneys,200,1
https://www.gjel.com/california-bicycle-accident-lawyers/how-long-do-i-have-to-file-a-bike-accident-claim-in-california,https://www.gjel.com/attorneys/,View All Attorneys,boiler-class,False,https://www.gjel.com/attorneys,200,1
https://www.gjel.com/california-bicycle-accident-lawyers/important-bike-accident-lawsuits,https://www.gjel.com/attorneys/,View All Attorneys,boiler-class,False,https://www.gjel.com/attorneys,200,1
https://www.gjel.com/california-bicycle-accident-lawyers/legal-ride-bike-wrong-side,https://www.gjel.com/attorneys/,View All Attorneys,boiler-class,False,https://www.gjel.com/attorneys,200,1
https://www.gjel.com/california-bicycle-accident-lawyers/results,https://www.gjel.com/attorneys/,View All Attorneys,boiler-class,False,https://www.gjel.com/attorneys,200,1
https://www.gjel.com/california-bicycle-accident-lawyers/safest-states,https://www.gjel.com/attorneys/,View All Attorneys,boiler-class,False,https://www.gjel.com/attorneys,200,1
https://www.gjel.com/california-bicycle-accident-lawyers/signs-you-need-an-attorney-after-your-bicycle-accident,https://www.gjel.com/attorneys/,View All Attorneys,boiler-class,False,https://www.gjel.com/attorneys,200,1
https://www.gjel.com/california-bicycle-accident-lawyers/what-to-do-after-a-bicycle-accident,https://www.gjel.com/attorneys/,View All Attorneys,boiler-class,False,https://www.gjel.com/attorneys,200,1
https://www.gjel.com/california-crps-attorneys/crps-settlement-amounts,https://www.gjel.com/attorneys/,View All Attorneys,boiler-class,False,https://www.gjel.com/attorneys,200,1
https://www.gjel.com/california-crps-attorneys/verdicts-settlements,https://www.gjel.com/attorneys/,View All Attorneys,boiler-class,False,https://www.gjel.com/attorneys,200,1
https://www.gjel.com/california-motorcycle-accident-statistics-you-need-to-be-aware-of,https://www.gjel.com/attorneys/,View All Attorneys,boiler-class,False,https://www.gjel.com/attorneys,200,1
https://www.gjel.com/californias-doctrine-of-primary-assumption-of-the-risk-what-when-and-how-far,https://www.gjel.com/attorneys/,View All Attorneys,boiler-class,False,https://www.gjel.com/attorneys,200,1
https://www.gjel.com/campbell-personal-injury-lawyer,https://www.gjel.com/attorneys/,View All Attorneys,boiler-class,False,https://www.gjel.com/attorneys,200,1
https://www.gjel.com/can-i-claim-for-anxiety-after-a-car-accident,https://www.gjel.com/attorneys/,View All Attorneys,boiler-class,False,https://www.gjel.com/attorneys,200,1
https://www.gjel.com/can-lawyer-settle-without-consent,https://www.gjel.com/attorneys/,View All Attorneys,boiler-class,False,https://www.gjel.com/attorneys,200,1
https://www.gjel.com/car-accident-lawyers/accident-reconstruction,https://www.gjel.com/attorneys/,View All Attorneys,boiler-class,False,https://www.gjel.com/attorneys,200,1
https://www.gjel.com/car-accident-lawyers/broken-bones-fractures-car-accident,https://www.gjel.com/attorneys/,View All Attorneys,boiler-class,False,https://www.gjel.com/attorneys,200,1
https://www.gjel.com/car-accident-lawyers/can-i-sue-uber-after-a-car-accident,https://www.gjel.com/attorneys/,View All Attorneys,boiler-class,False,https://www.gjel.com/attorneys,200,1
https://www.gjel.com/car-accident-lawyers/car-accident-attorneys-alameda,https://www.gjel.com/attorneys/,View All Attorneys,boiler-class,False,https://www.gjel.com/attorneys,200,1
https://www.gjel.com/car-accident-lawyers/car-accident-attorneys-albany,https://www.gjel.com/attorneys/,View All Attorneys,boiler-class,False,https://www.gjel.com/attorneys,200,1
https://www.gjel.com/car-accident-lawyers/car-accident-attorneys-anderson,https://www.gjel.com/attorneys/,View All Attorneys,boiler-class,False,https://www.gjel.com/attorneys,200,1
https://www.gjel.com/car-accident-lawyers/car-accident-attorneys-benicia,https://www.gjel.com/attorneys/,View All Attorneys,boiler-class,False,https://www.gjel.com/attorneys,200,1
https://www.gjel.com/car-accident-lawyers/car-accident-attorneys-brentwood,https://www.gjel.com/attorneys/,View All Attorneys,boiler-class,False,https://www.gjel.com/attorneys,200,1
https://www.gjel.com/car-accident-lawyers/car-accident-attorneys-campbell,https://www.gjel.com/attorneys/,View All Attorneys,boiler-class,False,https://www.gjel.com/attorneys,200,1
https://www.gjel.com/car-accident-lawyers/car-accident-attorneys-citrus-heights,https://www.gjel.com/attorneys/,View All Attorneys,boiler-class,False,https://www.gjel.com/attorneys,200,1
https://www.gjel.com/car-accident-lawyers/car-accident-attorneys-clayton,https://www.gjel.com/attorneys/,View All Attorneys,boiler-class,False,https://www.gjel.com/attorneys,200,1
https://www.gjel.com/car-accident-lawyers/car-accident-attorneys-cloverdale,https://www.gjel.com/attorneys/,View All Attorneys,boiler-class,False,https://www.gjel.com/attorneys,200,1
https://www.gjel.com/car-accident-lawyers/car-accident-attorneys-clovis,https://www.gjel.com/attorneys/,View All Attorneys,boiler-class,False,https://www.gjel.com/attorneys,200,1
https://www.gjel.com/car-accident-lawyers/car-accident-attorneys-coalinga,https://www.gjel.com/attorneys/,View All Attorneys,boiler-class,False,https://www.gjel.com/attorneys,200,1
https://www.gjel.com/car-accident-lawyers/car-accident-attorneys-cotati,https://www.gjel.com/attorneys/,View All Attorneys,boiler-class,False,https://www.gjel.com/attorneys,200,1
https://www.gjel.com/car-accident-lawyers/car-accident-attorneys-cupertino,https://www.gjel.com/attorneys/,View All Attorneys,boiler-class,False,https://www.gjel.com/attorneys,200,1
https://www.gjel.com/car-accident-lawyers/car-accident-attorneys-danville,https://www.gjel.com/attorneys/,View All Attorneys,boiler-class,False,https://www.gjel.com/attorneys,200,1
https://www.gjel.com/car-accident-lawyers/car-accident-attorneys-dixon,https://www.gjel.com/attorneys/,View All Attorneys,boiler-class,False,https://www.gjel.com/attorneys,200,1
https://www.gjel.com/car-accident-lawyers/car-accident-attorneys-dublin,https://www.gjel.com/attorneys/,View All Attorneys,boiler-class,False,https://www.gjel.com/attorneys,200,1
https://www.gjel.com/car-accident-lawyers/car-accident-attorneys-elcerrito,https://www.gjel.com/attorneys/,View All Attorneys,boiler-class,False,https://www.gjel.com/attorneys,200,1
https://www.gjel.com/car-accident-lawyers/car-accident-attorneys-elk-grove,https://www.gjel.com/attorneys/,View All Attorneys,boiler-class,False,https://www.gjel.com/attorneys,200,1
https://www.gjel.com/car-accident-lawyers/car-accident-attorneys-emeryville,https://www.gjel.com/attorneys/,View All Attorneys,boiler-class,False,https://www.gjel.com/attorneys,200,1
https://www.gjel.com/car-accident-lawyers/car-accident-attorneys-escalon,https://www.gjel.com/attorneys/,View All Attorneys,boiler-class,False,https://www.gjel.com/attorneys,200,1
https://www.gjel.com/car-accident-lawyers/car-accident-attorneys-firebaugh,https://www.gjel.com/attorneys/,View All Attorneys,boiler-class,False,https://www.gjel.com/attorneys,200,1
https://www.gjel.com/car-accident-lawyers/car-accident-attorneys-folsom,https://www.gjel.com/attorneys/,View All Attorneys,boiler-class,False,https://www.gjel.com/attorneys,200,1
https://www.gjel.com/car-accident-lawyers/car-accident-attorneys-fowler,https://www.gjel.com/attorneys/,View All Attorneys,boiler-class,False,https://www.gjel.com/attorneys,200,1
https://www.gjel.com/car-accident-lawyers/car-accident-attorneys-galt,https://www.gjel.com/attorneys/,View All Attorneys,boiler-class,False,https://www.gjel.com/attorneys,200,1
https://www.gjel.com/car-accident-lawyers/car-accident-attorneys-healdsburg,https://www.gjel.com/attorneys/,View All Attorneys,boiler-class,False,https://www.gjel.com/attorneys,200,1
https://www.gjel.com/car-accident-lawyers/car-accident-attorneys-hercules,https://www.gjel.com/attorneys/,View All Attorneys,boiler-class,False,https://www.gjel.com/attorneys,200,1
https://www.gjel.com/car-accident-lawyers/car-accident-attorneys-huron,https://www.gjel.com/attorneys/,View All Attorneys,boiler-class,False,https://www.gjel.com/attorneys,200,1
https://www.gjel.com/car-accident-lawyers/car-accident-attorneys-isleton,https://www.gjel.com/attorneys/,View All Attorneys,boiler-class,False,https://www.gjel.com/attorneys,200,1
https://www.gjel.com/car-accident-lawyers/car-accident-attorneys-kerman,https://www.gjel.com/attorneys/,View All Attorneys,boiler-class,False,https://www.gjel.com/attorneys,200,1
https://www.gjel.com/car-accident-lawyers/car-accident-attorneys-kingsburg,https://www.gjel.com/attorneys/,View All Attorneys,boiler-class,False,https://www.gjel.com/attorneys,200,1
https://www.gjel.com/car-accident-lawyers/car-accident-attorneys-lafayette,https://www.gjel.com/attorneys/,View All Attorneys,boiler-class,False,https://www.gjel.com/attorneys,200,1
https://www.gjel.com/car-accident-lawyers/car-accident-attorneys-lathrop,https://www.gjel.com/attorneys/,View All Attorneys,boiler-class,False,https://www.gjel.com/attorneys,200,1
https://www.gjel.com/car-accident-lawyers/car-accident-attorneys-lodi,https://www.gjel.com/attorneys/,View All Attorneys,boiler-class,False,https://www.gjel.com/attorneys,200,1
https://www.gjel.com/car-accident-lawyers/car-accident-attorneys-los-altos,https://www.gjel.com/attorneys/,View All Attorneys,boiler-class,False,https://www.gjel.com/attorneys,200,1
https://www.gjel.com/car-accident-lawyers/car-accident-attorneys-los-altos-hills,https://www.gjel.com/attorneys/,View All Attorneys,boiler-class,False,https://www.gjel.com/attorneys,200,1
https://www.gjel.com/car-accident-lawyers/car-accident-attorneys-los-gatos,https://www.gjel.com/attorneys/,View All Attorneys,boiler-class,False,https://www.gjel.com/attorneys,200,1
https://www.gjel.com/car-accident-lawyers/car-accident-attorneys-manteca,https://www.gjel.com/attorneys/,View All Attorneys,boiler-class,False,https://www.gjel.com/attorneys,200,1
https://www.gjel.com/car-accident-lawyers/car-accident-attorneys-martinez,https://www.gjel.com/attorneys/,View All Attorneys,boiler-class,False,https://www.gjel.com/attorneys,200,1
https://www.gjel.com/car-accident-lawyers/car-accident-attorneys-mendota,https://www.gjel.com/attorneys/,View All Attorneys,boiler-class,False,https://www.gjel.com/attorneys,200,1
https://www.gjel.com/car-accident-lawyers/car-accident-attorneys-milpitas,https://www.gjel.com/attorneys/,View All Attorneys,boiler-class,False,https://www.gjel.com/attorneys,200,1
https://www.gjel.com/car-accident-lawyers/car-accident-attorneys-monte-sereno,https://www.gjel.com/attorneys/,View All Attorneys,boiler-class,False,https://www.gjel.com/attorneys,200,1
https://www.gjel.com/car-accident-lawyers/car-accident-attorneys-moraga,https://www.gjel.com/attorneys/,View All Attorneys,boiler-class,False,https://www.gjel.com/attorneys,200,1
https://www.gjel.com/car-accident-lawyers/car-accident-attorneys-mountain-view,https://www.gjel.com/attorneys/,View All Attorneys,boiler-class,False,https://www.gjel.com/attorneys,200,1
https://www.gjel.com/car-accident-lawyers/car-accident-attorneys-newark,https://www.gjel.com/attorneys/,View All Attorneys,boiler-class,False,https://www.gjel.com/attorneys,200,1
https://www.gjel.com/car-accident-lawyers/car-accident-attorneys-oakley,https://www.gjel.com/attorneys/,View All Attorneys,boiler-class,False,https://www.gjel.com/attorneys,200,1
https://www.gjel.com/car-accident-lawyers/car-accident-attorneys-orange-cove,https://www.gjel.com/attorneys/,View All Attorneys,boiler-class,False,https://www.gjel.com/attorneys,200,1
https://www.gjel.com/car-accident-lawyers/car-accident-attorneys-palo-alto,https://www.gjel.com/attorneys/,View All Attorneys,boiler-class,False,https://www.gjel.com/attorneys,200,1
https://www.gjel.com/car-accident-lawyers/car-accident-attorneys-parlier,https://www.gjel.com/attorneys/,View All Attorneys,boiler-class,False,https://www.gjel.com/attorneys,200,1
https://www.gjel.com/car-accident-lawyers/car-accident-attorneys-petaluma,https://www.gjel.com/attorneys/,View All Attorneys,boiler-class,False,https://www.gjel.com/attorneys,200,1
https://www.gjel.com/car-accident-lawyers/car-accident-attorneys-pinole,https://www.gjel.com/attorneys/,View All Attorneys,boiler-class,False,https://www.gjel.com/attorneys,200,1
https://www.gjel.com/car-accident-lawyers/car-accident-attorneys-pittsburg,https://www.gjel.com/attorneys/,View All Attorneys,boiler-class,False,https://www.gjel.com/attorneys,200,1
https://www.gjel.com/car-accident-lawyers/car-accident-attorneys-pleasant-hill,https://www.gjel.com/attorneys/,View All Attorneys,boiler-class,False,https://www.gjel.com/attorneys,200,1
https://www.gjel.com/car-accident-lawyers/car-accident-attorneys-rancho-cordova,https://www.gjel.com/attorneys/,View All Attorneys,boiler-class,False,https://www.gjel.com/attorneys,200,1
https://www.gjel.com/car-accident-lawyers/car-accident-attorneys-reedley,https://www.gjel.com/attorneys/,View All Attorneys,boiler-class,False,https://www.gjel.com/attorneys,200,1
https://www.gjel.com/car-accident-lawyers/car-accident-attorneys-rio-vista,https://www.gjel.com/attorneys/,View All Attorneys,boiler-class,False,https://www.gjel.com/attorneys,200,1
https://www.gjel.com/car-accident-lawyers/car-accident-attorneys-ripon,https://www.gjel.com/attorneys/,View All Attorneys,boiler-class,False,https://www.gjel.com/attorneys,200,1
https://www.gjel.com/car-accident-lawyers/car-accident-attorneys-rohnert-park,https://www.gjel.com/attorneys/,View All Attorneys,boiler-class,False,https://www.gjel.com/attorneys,200,1
https://www.gjel.com/car-accident-lawyers/car-accident-attorneys-san-joaquin,https://www.gjel.com/attorneys/,View All Attorneys,boiler-class,False,https://www.gjel.com/attorneys,200,1
https://www.gjel.com/car-accident-lawyers/car-accident-attorneys-san-leandro,https://www.gjel.com/attorneys/,View All Attorneys,boiler-class,False,https://www.gjel.com/attorneys,200,1
https://www.gjel.com/car-accident-lawyers/car-accident-attorneys-san-pablo,https://www.gjel.com/attorneys/,View All Attorneys,boiler-class,False,https://www.gjel.com/attorneys,200,1
https://www.gjel.com/car-accident-lawyers/car-accident-attorneys-sanger,https://www.gjel.com/attorneys/,View All Attorneys,boiler-class,False,https://www.gjel.com/attorneys,200,1
https://www.gjel.com/car-accident-lawyers/car-accident-attorneys-santa-clara,https://www.gjel.com/attorneys/,View All Attorneys,boiler-class,False,https://www.gjel.com/attorneys,200,1
https://www.gjel.com/car-accident-lawyers/car-accident-attorneys-saratoga,https://www.gjel.com/attorneys/,View All Attorneys,boiler-class,False,https://www.gjel.com/attorneys,200,1
https://www.gjel.com/car-accident-lawyers/car-accident-attorneys-sebastopol,https://www.gjel.com/attorneys/,View All Attorneys,boiler-class,False,https://www.gjel.com/attorneys,200,1
https://www.gjel.com/car-accident-lawyers/car-accident-attorneys-selma,https://www.gjel.com/attorneys/,View All Attorneys,boiler-class,False,https://www.gjel.com/attorneys,200,1
https://www.gjel.com/car-accident-lawyers/car-accident-attorneys-shasta-lake,https://www.gjel.com/attorneys/,View All Attorneys,boiler-class,False,https://www.gjel.com/attorneys,200,1
https://www.gjel.com/car-accident-lawyers/car-accident-attorneys-sonoma,https://www.gjel.com/attorneys/,View All Attorneys,boiler-class,False,https://www.gjel.com/attorneys,200,1
https://www.gjel.com/car-accident-lawyers/car-accident-attorneys-suisun-city,https://www.gjel.com/attorneys/,View All Attorneys,boiler-class,False,https://www.gjel.com/attorneys,200,1
https://www.gjel.com/car-accident-lawyers/car-accident-attorneys-sunnyvale,https://www.gjel.com/attorneys/,View All Attorneys,boiler-class,False,https://www.gjel.com/attorneys,200,1
https://www.gjel.com/car-accident-lawyers/car-accident-attorneys-tracy,https://www.gjel.com/attorneys/,View All Attorneys,boiler-class,False,https://www.gjel.com/attorneys,200,1
https://www.gjel.com/car-accident-lawyers/car-accident-attorneys-union-city,https://www.gjel.com/attorneys/,View All Attorneys,boiler-class,False,https://www.gjel.com/attorneys,200,1
https://www.gjel.com/car-accident-lawyers/car-accident-attorneys-vacaville,https://www.gjel.com/attorneys/,View All Attorneys,boiler-class,False,https://www.gjel.com/attorneys,200,1
https://www.gjel.com/car-accident-lawyers/car-accident-attorneys-vallejo,https://www.gjel.com/attorneys/,View All Attorneys,boiler-class,False,https://www.gjel.com/attorneys,200,1
https://www.gjel.com/car-accident-lawyers/car-accident-attorneys-windsor,https://www.gjel.com/attorneys/,View All Attorneys,boiler-class,False,https://www.gjel.com/attorneys,200,1
https://www.gjel.com/car-accident-lawyers/car-accident-checklist,https://www.gjel.com/attorneys/,View All Attorneys,boiler-class,False,https://www.gjel.com/attorneys,200,1
https://www.gjel.com/car-accident-lawyers/car-accident-deposition,https://www.gjel.com/attorneys/,View All Attorneys,boiler-class,False,https://www.gjel.com/attorneys,200,1
https://www.gjel.com/car-accident-lawyers/car-accident-impact-to-mental-health,https://www.gjel.com/attorneys/,View All Attorneys,boiler-class,False,https://www.gjel.com/attorneys,200,1
https://www.gjel.com/car-accident-lawyers/car-accident-lawyer-reviews,https://www.gjel.com/attorneys/,View All Attorneys,boiler-class,False,https://www.gjel.com/attorneys,200,1
https://www.gjel.com/car-accident-lawyers/car-accident-pain-suffering-sue-ca,https://www.gjel.com/attorneys/,View All Attorneys,boiler-class,False,https://www.gjel.com/attorneys,200,1
https://www.gjel.com/car-accident-lawyers/car-accident-questions,https://www.gjel.com/attorneys/,View All Attorneys,boiler-class,False,https://www.gjel.com/attorneys,200,1
https://www.gjel.com/car-accident-lawyers/car-accident-settlement-negotiation-tips,https://www.gjel.com/attorneys/,View All Attorneys,boiler-class,False,https://www.gjel.com/attorneys,200,1
https://www.gjel.com/car-accident-lawyers/daly-city-attorneys,https://www.gjel.com/attorneys/,View All Attorneys,boiler-class,False,https://www.gjel.com/attorneys,200,1
https://www.gjel.com/car-accident-lawyers/delayed-injury-claiming-compensation-car-accident-ca,https://www.gjel.com/attorneys/,View All Attorneys,boiler-class,False,https://www.gjel.com/attorneys,200,1
https://www.gjel.com/car-accident-lawyers/do-you-need-a-lawyer-after-a-car-accident,https://www.gjel.com/attorneys/,View All Attorneys,boiler-class,False,https://www.gjel.com/attorneys,200,1
https://www.gjel.com/car-accident-lawyers/duty-issues-in-california-runaway-vehicle-pedal-error-cases,https://www.gjel.com/attorneys/,View All Attorneys,boiler-class,False,https://www.gjel.com/attorneys,200,1
https://www.gjel.com/car-accident-lawyers/fair-settlement-offer,https://www.gjel.com/attorneys/,View All Attorneys,boiler-class,False,https://www.gjel.com/attorneys,200,1
https://www.gjel.com/car-accident-lawyers/gjel-com-car-accident-attorneys-livermore,https://www.gjel.com/attorneys/,View All Attorneys,boiler-class,False,https://www.gjel.com/attorneys,200,1
https://www.gjel.com/car-accident-lawyers/how-long-does-it-take-to-settle-a-car-accident-case-in-california,https://www.gjel.com/attorneys/,View All Attorneys,boiler-class,False,https://www.gjel.com/attorneys,200,1
https://www.gjel.com/car-accident-lawyers/i-dont-feel-hurt-after-my-car-accident-should-i-see-a-doctor,https://www.gjel.com/attorneys/,View All Attorneys,boiler-class,False,https://www.gjel.com/attorneys,200,1
https://www.gjel.com/car-accident-lawyers/mistakes-to-avoid-after-accident,https://www.gjel.com/attorneys/,View All Attorneys,boiler-class,False,https://www.gjel.com/attorneys,200,1
https://www.gjel.com/car-accident-lawyers/no-police-report,https://www.gjel.com/attorneys/,View All Attorneys,boiler-class,False,https://www.gjel.com/attorneys,200,1
https://www.gjel.com/car-accident-lawyers/rear-ended-always-other-persons-fault,https://www.gjel.com/attorneys/,View All Attorneys,boiler-class,False,https://www.gjel.com/attorneys,200,1
https://www.gjel.com/car-accident-lawyers/report-car-accident-california,https://www.gjel.com/attorneys/,View All Attorneys,boiler-class,False,https://www.gjel.com/attorneys,200,1
https://www.gjel.com/car-accident-lawyers/rideshare-uber-lyft-accidents/potential-liability,https://www.gjel.com/attorneys/,View All Attorneys,boiler-class,False,https://www.gjel.com/attorneys,200,1
https://www.gjel.com/car-accident-lawyers/rideshare-uber-lyft-accidents/uber-and-lyft,https://www.gjel.com/attorneys/,View All Attorneys,boiler-class,False,https://www.gjel.com/attorneys,200,1
https://www.gjel.com/car-accident-lawyers/settlement-negotiation-tips,https://www.gjel.com/attorneys/,View All Attorneys,boiler-class,False,https://www.gjel.com/attorneys,200,1
https://www.gjel.com/car-accident-lawyers/statute-limitations,https://www.gjel.com/attorneys/,View All Attorneys,boiler-class,False,https://www.gjel.com/attorneys,200,1
https://www.gjel.com/car-accident-lawyers/the-safety-implications-of-driverless-cars,https://www.gjel.com/attorneys/,View All Attorneys,boiler-class,False,https://www.gjel.com/attorneys,200,1
https://www.gjel.com/car-accident-lawyers/tips-to-prevent-car-accidents,https://www.gjel.com/attorneys/,View All Attorneys,boiler-class,False,https://www.gjel.com/attorneys,200,1
https://www.gjel.com/car-accident-lawyers/what-is-a-t-bone-accident-car-accident-lawyers,https://www.gjel.com/attorneys/,View All Attorneys,boiler-class,False,https://www.gjel.com/attorneys,200,1
https://www.gjel.com/car-accident-lawyers/what-is-the-california-hit-and-run-law-everything-you-need-to-know,https://www.gjel.com/attorneys/,View All Attorneys,boiler-class,False,https://www.gjel.com/attorneys,200,1
https://www.gjel.com/car-accident-lawyers/what-to-do-after-a-car-accident,https://www.gjel.com/attorneys/,View All Attorneys,boiler-class,False,https://www.gjel.com/attorneys,200,1
https://www.gjel.com/car-accident-lawyers/when-should-you-call-a-lawyer-after-a-car-accident,https://www.gjel.com/attorneys/,View All Attorneys,boiler-class,False,https://www.gjel.com/attorneys,200,1
https://www.gjel.com/car-accident-lawyers/when-should-you-hire-an-attorney,https://www.gjel.com/attorneys/,View All Attorneys,boiler-class,False,https://www.gjel.com/attorneys,200,1
https://www.gjel.com/car-accident-settlement-in-contra-costa-county,https://www.gjel.com/attorneys/,View All Attorneys,boiler-class,False,https://www.gjel.com/attorneys,200,1
https://www.gjel.com/car-accident-settlement-lowball-offer,https://www.gjel.com/attorneys/,View All Attorneys,boiler-class,False,https://www.gjel.com/attorneys,200,1
https://www.gjel.com/car-accident-visiting-california,https://www.gjel.com/attorneys/,View All Attorneys,boiler-class,False,https://www.gjel.com/attorneys,200,1
https://www.gjel.com/community-involvement-scholarship,https://www.gjel.com/attorneys/,View All Attorneys,boiler-class,False,https://www.gjel.com/attorneys,200,1
https://www.gjel.com/complex-regional-pain-syndrome-understanding-the-hardest-injury-to-treat,https://www.gjel.com/attorneys/,View All Attorneys,boiler-class,False,https://www.gjel.com/attorneys,200,1
https://www.gjel.com/concord,https://www.gjel.com/attorneys/,View All Attorneys,boiler-class,False,https://www.gjel.com/attorneys,200,1
https://www.gjel.com/concord/amputation,https://www.gjel.com/attorneys/,View All Attorneys,boiler-class,False,https://www.gjel.com/attorneys,200,1
https://www.gjel.com/concord/bicycle-accidents,https://www.gjel.com/attorneys/,View All Attorneys,boiler-class,False,https://www.gjel.com/attorneys,200,1
https://www.gjel.com/concord/brain-injury,https://www.gjel.com/attorneys/,View All Attorneys,boiler-class,False,https://www.gjel.com/attorneys,200,1
https://www.gjel.com/concord/motorcycle-accidents,https://www.gjel.com/attorneys/,View All Attorneys,boiler-class,False,https://www.gjel.com/attorneys,200,1
https://www.gjel.com/concord/scooter-accidents,https://www.gjel.com/attorneys/,View All Attorneys,boiler-class,False,https://www.gjel.com/attorneys,200,1
https://www.gjel.com/concord/truck-accidents,https://www.gjel.com/attorneys/,View All Attorneys,boiler-class,False,https://www.gjel.com/attorneys,200,1
https://www.gjel.com/concord/wrongful-death-lawyers-concord-ca,https://www.gjel.com/attorneys/,View All Attorneys,boiler-class,False,https://www.gjel.com/attorneys,200,1
https://www.gjel.com/consequences-not-hiring-attorney,https://www.gjel.com/attorneys/,View All Attorneys,boiler-class,False,https://www.gjel.com/attorneys,200,1
https://www.gjel.com/contingency-fee,https://www.gjel.com/attorneys/,View All Attorneys,boiler-class,False,https://www.gjel.com/attorneys,200,1
https://www.gjel.com/damages-against-deceased-defendants,https://www.gjel.com/attorneys/,View All Attorneys,boiler-class,False,https://www.gjel.com/attorneys,200,1
https://www.gjel.com/degloving-injury-lawyer/understanding-causes,https://www.gjel.com/attorneys/,View All Attorneys,boiler-class,False,https://www.gjel.com/attorneys,200,1
https://www.gjel.com/did-you-get-a-low-ball-insurance-offer-for-your-personal-injury-case,https://www.gjel.com/attorneys/,View All Attorneys,boiler-class,False,https://www.gjel.com/attorneys,200,1
https://www.gjel.com/do-i-need-a-lawyer-for-my-accident,https://www.gjel.com/attorneys/,View All Attorneys,boiler-class,False,https://www.gjel.com/attorneys,200,1
https://www.gjel.com/do-i-need-money-to-hire-a-lawyer,https://www.gjel.com/attorneys/,View All Attorneys,boiler-class,False,https://www.gjel.com/attorneys,200,1
https://www.gjel.com/electric-scoot-accident-lawyers,https://www.gjel.com/attorneys/,View All Attorneys,boiler-class,False,https://www.gjel.com/attorneys,200,1
https://www.gjel.com/fairfield,https://www.gjel.com/attorneys/,View All Attorneys,boiler-class,False,https://www.gjel.com/attorneys,200,1
https://www.gjel.com/fairfield/amputation,https://www.gjel.com/attorneys/,View All Attorneys,boiler-class,False,https://www.gjel.com/attorneys,200,1
https://www.gjel.com/fairfield/bicycle-accidents,https://www.gjel.com/attorneys/,View All Attorneys,boiler-class,False,https://www.gjel.com/attorneys,200,1
https://www.gjel.com/fairfield/brain-injuries,https://www.gjel.com/attorneys/,View All Attorneys,boiler-class,False,https://www.gjel.com/attorneys,200,1
https://www.gjel.com/fairfield/motorcycle-accidents,https://www.gjel.com/attorneys/,View All Attorneys,boiler-class,False,https://www.gjel.com/attorneys,200,1
https://www.gjel.com/fairfield/scooter-accidents,https://www.gjel.com/attorneys/,View All Attorneys,boiler-class,False,https://www.gjel.com/attorneys,200,1
https://www.gjel.com/fairfield/truck-accidents,https://www.gjel.com/attorneys/,View All Attorneys,boiler-class,False,https://www.gjel.com/attorneys,200,1
https://www.gjel.com/fairfield/wrongful-death,https://www.gjel.com/attorneys/,View All Attorneys,boiler-class,False,https://www.gjel.com/attorneys,200,1
https://www.gjel.com/florida-car-accident-lawyer-hire-after-accident,https://www.gjel.com/attorneys/,View All Attorneys,boiler-class,False,https://www.gjel.com/attorneys,200,1
https://www.gjel.com/four-things-a-tbi-survivor-should-know-about-their-legal-rights,https://www.gjel.com/attorneys/,View All Attorneys,boiler-class,False,https://www.gjel.com/attorneys,200,1
https://www.gjel.com/fremont,https://www.gjel.com/attorneys/,View All Attorneys,boiler-class,False,https://www.gjel.com/attorneys,200,1
https://www.gjel.com/fremont/amputation-lawyers,https://www.gjel.com/attorneys/,View All Attorneys,boiler-class,False,https://www.gjel.com/attorneys,200,1
https://www.gjel.com/fremont/bicycle-accidents,https://www.gjel.com/attorneys/,View All Attorneys,boiler-class,False,https://www.gjel.com/attorneys,200,1
https://www.gjel.com/fremont/brain-injuries,https://www.gjel.com/attorneys/,View All Attorneys,boiler-class,False,https://www.gjel.com/attorneys,200,1
https://www.gjel.com/fremont/motorcycle-accidents,https://www.gjel.com/attorneys/,View All Attorneys,boiler-class,False,https://www.gjel.com/attorneys,200,1
https://www.gjel.com/fremont/scooter-accidents,https://www.gjel.com/attorneys/,View All Attorneys,boiler-class,False,https://www.gjel.com/attorneys,200,1
https://www.gjel.com/fremont/truck-accidents,https://www.gjel.com/attorneys/,View All Attorneys,boiler-class,False,https://www.gjel.com/attorneys,200,1
https://www.gjel.com/fremont/wrongful-death,https://www.gjel.com/attorneys/,View All Attorneys,boiler-class,False,https://www.gjel.com/attorneys,200,1
https://www.gjel.com/fresno,https://www.gjel.com/attorneys/,View All Attorneys,boiler-class,False,https://www.gjel.com/attorneys,200,1
https://www.gjel.com/fresno/amputation-lawyers,https://www.gjel.com/attorneys/,View All Attorneys,boiler-class,False,https://www.gjel.com/attorneys,200,1
https://www.gjel.com/fresno/bicycle-accidents,https://www.gjel.com/attorneys/,View All Attorneys,boiler-class,False,https://www.gjel.com/attorneys,200,1
https://www.gjel.com/fresno/brain-injury-attorneys,https://www.gjel.com/attorneys/,View All Attorneys,boiler-class,False,https://www.gjel.com/attorneys,200,1
https://www.gjel.com/fresno/fresno-scooter-accident-lawyers,https://www.gjel.com/attorneys/,View All Attorneys,boiler-class,False,https://www.gjel.com/attorneys,200,1
https://www.gjel.com/fresno/fresno-wrongful-death-lawyers,https://www.gjel.com/attorneys/,View All Attorneys,boiler-class,False,https://www.gjel.com/attorneys,200,1
https://www.gjel.com/fresno/motorcycle-accident-lawyer,https://www.gjel.com/attorneys/,View All Attorneys,boiler-class,False,https://www.gjel.com/attorneys,200,1
https://www.gjel.com/fresno/truck-accidents,https://www.gjel.com/attorneys/,View All Attorneys,boiler-class,False,https://www.gjel.com/attorneys,200,1
https://www.gjel.com/gilroy,https://www.gjel.com/attorneys/,View All Attorneys,boiler-class,False,https://www.gjel.com/attorneys,200,1
https://www.gjel.com/gilroy/amputation,https://www.gjel.com/attorneys/,View All Attorneys,boiler-class,False,https://www.gjel.com/attorneys,200,1
https://www.gjel.com/gilroy/bicycle-accidents,https://www.gjel.com/attorneys/,View All Attorneys,boiler-class,False,https://www.gjel.com/attorneys,200,1
https://www.gjel.com/gilroy/brain-injuries,https://www.gjel.com/attorneys/,View All Attorneys,boiler-class,False,https://www.gjel.com/attorneys,200,1
https://www.gjel.com/gilroy/motorcycle-accidents,https://www.gjel.com/attorneys/,View All Attorneys,boiler-class,False,https://www.gjel.com/attorneys,200,1
https://www.gjel.com/gilroy/scooter-accidents,https://www.gjel.com/attorneys/,View All Attorneys,boiler-class,False,https://www.gjel.com/attorneys,200,1
https://www.gjel.com/gilroy/truck-accidents,https://www.gjel.com/attorneys/,View All Attorneys,boiler-class,False,https://www.gjel.com/attorneys,200,1
https://www.gjel.com/gilroy/wrongful-death,https://www.gjel.com/attorneys/,View All Attorneys,boiler-class,False,https://www.gjel.com/attorneys,200,1
https://www.gjel.com/giveaway,https://www.gjel.com/attorneys/,View All Attorneys,boiler-class,False,https://www.gjel.com/attorneys,200,1
https://www.gjel.com/guide-download,https://www.gjel.com/attorneys/,View All Attorneys,boiler-class,False,https://www.gjel.com/attorneys,200,1
https://www.gjel.com/hayward,https://www.gjel.com/attorneys/,View All Attorneys,boiler-class,False,https://www.gjel.com/attorneys,200,1
https://www.gjel.com/hayward/amputation,https://www.gjel.com/attorneys/,View All Attorneys,boiler-class,False,https://www.gjel.com/attorneys,200,1
https://www.gjel.com/hayward/bicycle-accidents,https://www.gjel.com/attorneys/,View All Attorneys,boiler-class,False,https://www.gjel.com/attorneys,200,1
https://www.gjel.com/hayward/brain-injuries,https://www.gjel.com/attorneys/,View All Attorneys,boiler-class,False,https://www.gjel.com/attorneys,200,1
https://www.gjel.com/hayward/motorcycle-accidents,https://www.gjel.com/attorneys/,View All Attorneys,boiler-class,False,https://www.gjel.com/attorneys,200,1
https://www.gjel.com/hayward/scooter-accidents,https://www.gjel.com/attorneys/,View All Attorneys,boiler-class,False,https://www.gjel.com/attorneys,200,1
https://www.gjel.com/hayward/truck-accident,https://www.gjel.com/attorneys/,View All Attorneys,boiler-class,False,https://www.gjel.com/attorneys,200,1
https://www.gjel.com/hayward/wrongful-death-lawyers,https://www.gjel.com/attorneys/,View All Attorneys,boiler-class,False,https://www.gjel.com/attorneys,200,1
https://www.gjel.com/haywards-deadly-tennyson-i880-interchange,https://www.gjel.com/attorneys/,View All Attorneys,boiler-class,False,https://www.gjel.com/attorneys,200,1
https://www.gjel.com/history-of-the-firm,https://www.gjel.com/attorneys/,View All Attorneys,boiler-class,False,https://www.gjel.com/attorneys,200,1
https://www.gjel.com/how-can-accident-victims-maintain-a-positive-mindset-during-recovery,https://www.gjel.com/attorneys/,View All Attorneys,boiler-class,False,https://www.gjel.com/attorneys,200,1
https://www.gjel.com/how-is-fault-determined-in-bicycle-vs-car-accidents,https://www.gjel.com/attorneys/,View All Attorneys,boiler-class,False,https://www.gjel.com/attorneys,200,1
https://www.gjel.com/how-long-does-case-take,https://www.gjel.com/attorneys/,View All Attorneys,boiler-class,False,https://www.gjel.com/attorneys,200,1
https://www.gjel.com/how-to-file-a-personal-injury-lawsuit-in-california,https://www.gjel.com/attorneys/,View All Attorneys,boiler-class,False,https://www.gjel.com/attorneys,200,1
https://www.gjel.com/how-to-find-the-best-personal-injury-lawyer-in-san-jose,https://www.gjel.com/attorneys/,View All Attorneys,boiler-class,False,https://www.gjel.com/attorneys,200,1
https://www.gjel.com/injured-in-an-accident-speak-with-an-attorney,https://www.gjel.com/attorneys/,View All Attorneys,boiler-class,False,https://www.gjel.com/attorneys,200,1
https://www.gjel.com/is-it-legal-to-cross-the-street-during-a-countdown-signal,https://www.gjel.com/attorneys/,View All Attorneys,boiler-class,False,https://www.gjel.com/attorneys,200,1
https://www.gjel.com/jim-larsen,https://www.gjel.com/attorneys/,View All Attorneys,boiler-class,False,https://www.gjel.com/attorneys,200,1
https://www.gjel.com/kristin-m-lucey,https://www.gjel.com/attorneys/,View All Attorneys,boiler-class,False,https://www.gjel.com/attorneys,200,1
https://www.gjel.com/law-student-scholarship,https://www.gjel.com/attorneys/,View All Attorneys,boiler-class,False,https://www.gjel.com/attorneys,200,1
https://www.gjel.com/law-student-scholarship/scholarship-winner,https://www.gjel.com/attorneys/,View All Attorneys,boiler-class,False,https://www.gjel.com/attorneys,200,1
https://www.gjel.com/lawyers-cover-airlift-cost,https://www.gjel.com/attorneys/,View All Attorneys,boiler-class,False,https://www.gjel.com/attorneys,200,1
https://www.gjel.com/leave-gjel-a-review,https://www.gjel.com/attorneys/,View All Attorneys,boiler-class,False,https://www.gjel.com/attorneys,200,1
https://www.gjel.com/legal-ride-bike-crosswalk,https://www.gjel.com/attorneys/,View All Attorneys,boiler-class,False,https://www.gjel.com/attorneys,200,1
https://www.gjel.com/locations/piedmont-california-personal-injury-lawyer-named-one-best,https://www.gjel.com/attorneys/,View All Attorneys,boiler-class,False,https://www.gjel.com/attorneys,200,1
https://www.gjel.com/locations/redding-personal-injury-attorneys,https://www.gjel.com/attorneys/,View All Attorneys,boiler-class,False,https://www.gjel.com/attorneys,200,1
https://www.gjel.com/locations/vacaville-personal-injury-car-accident-lawyers,https://www.gjel.com/attorneys/,View All Attorneys,boiler-class,False,https://www.gjel.com/attorneys,200,1
https://www.gjel.com/luke-ellis,https://www.gjel.com/attorneys/,View All Attorneys,boiler-class,False,https://www.gjel.com/attorneys,200,1
https://www.gjel.com/luke-ellis/gjel-attorney-luke-ellis-named-to-national-trial-lawyers-top-100,https://www.gjel.com/attorneys/,View All Attorneys,boiler-class,False,https://www.gjel.com/attorneys,200,1
https://www.gjel.com/miss-work-due-to-accident-injuries-recover-lost-wages,https://www.gjel.com/attorneys/,View All Attorneys,boiler-class,False,https://www.gjel.com/attorneys,200,1
https://www.gjel.com/missing-a-deadline-or-making-a-mistake,https://www.gjel.com/attorneys/,View All Attorneys,boiler-class,False,https://www.gjel.com/attorneys,200,1
https://www.gjel.com/mock-trial-scholarship-nomination-page,https://www.gjel.com/attorneys/,View All Attorneys,boiler-class,False,https://www.gjel.com/attorneys,200,1
https://www.gjel.com/morgan-hill-personal-injury-lawyer,https://www.gjel.com/attorneys/,View All Attorneys,boiler-class,False,https://www.gjel.com/attorneys,200,1
https://www.gjel.com/motorcycle-accident-lawyers/can-i-file-a-lawsuit-for-a-motorcycle-accident-in-california,https://www.gjel.com/attorneys/,View All Attorneys,boiler-class,False,https://www.gjel.com/attorneys,200,1
https://www.gjel.com/motorcycle-accident-lawyers/can-i-get-a-free-consultation-on-my-motorcycle-accident-case,https://www.gjel.com/attorneys/,View All Attorneys,boiler-class,False,https://www.gjel.com/attorneys,200,1
https://www.gjel.com/motorcycle-accident-lawyers/do-i-need-a-motorcycle-accident-attorney-even-if-i-have-motorcycle-insurance,https://www.gjel.com/attorneys/,View All Attorneys,boiler-class,False,https://www.gjel.com/attorneys,200,1
https://www.gjel.com/motorcycle-accident-lawyers/do-i-need-to-hire-an-attorney-for-a-motorcycle-accident-case-in-california,https://www.gjel.com/attorneys/,View All Attorneys,boiler-class,False,https://www.gjel.com/attorneys,200,1
https://www.gjel.com/motorcycle-accident-lawyers/how-much-can-i-expect-to-receive-in-damages-for-a-motorcycle-accident-case-in-california,https://www.gjel.com/attorneys/,View All Attorneys,boiler-class,False,https://www.gjel.com/attorneys,200,1
https://www.gjel.com/motorcycle-accident-lawyers/motorcycle-accident-faq,https://www.gjel.com/attorneys/,View All Attorneys,boiler-class,False,https://www.gjel.com/attorneys,200,1
https://www.gjel.com/motorcycle-accident-lawyers/teen-motorcycle-information,https://www.gjel.com/attorneys/,View All Attorneys,boiler-class,False,https://www.gjel.com/attorneys,200,1
https://www.gjel.com/motorcycle-accident-lawyers/types-accidents,https://www.gjel.com/attorneys/,View All Attorneys,boiler-class,False,https://www.gjel.com/attorneys,200,1
https://www.gjel.com/motorcycle-accident-lawyers/verdicts-results,https://www.gjel.com/attorneys/,View All Attorneys,boiler-class,False,https://www.gjel.com/attorneys,200,1
https://www.gjel.com/motorcycle-accident-lawyers/what-should-you-do-after-a-motorcycle-accident-in-california,https://www.gjel.com/attorneys/,View All Attorneys,boiler-class,False,https://www.gjel.com/attorneys,200,1
https://www.gjel.com/motorcycle-accident-lawyers/what-to-do-after-a-motorcycle-accident-in-california,https://www.gjel.com/attorneys/,View All Attorneys,boiler-class,False,https://www.gjel.com/attorneys,200,1
https://www.gjel.com/motorist-claims-insurance-up,https://www.gjel.com/attorneys/,View All Attorneys,boiler-class,False,https://www.gjel.com/attorneys,200,1
https://www.gjel.com/mountain-view-personal-injury-lawyer,https://www.gjel.com/attorneys/,View All Attorneys,boiler-class,False,https://www.gjel.com/attorneys,200,1
https://www.gjel.com/my-role-in-litigation-as-a-plaintiff,https://www.gjel.com/attorneys/,View All Attorneys,boiler-class,False,https://www.gjel.com/attorneys,200,1
https://www.gjel.com/no-minimum-for-personal-injury-settlement,https://www.gjel.com/attorneys/,View All Attorneys,boiler-class,False,https://www.gjel.com/attorneys,200,1
https://www.gjel.com/oakland,https://www.gjel.com/attorneys/,View All Attorneys,boiler-class,False,https://www.gjel.com/attorneys,200,1
https://www.gjel.com/oakland/bicycle-accident-lawyers,https://www.gjel.com/attorneys/,View All Attorneys,boiler-class,False,https://www.gjel.com/attorneys,200,1
https://www.gjel.com/oakland/car-accident/accident-statistics,https://www.gjel.com/attorneys/,View All Attorneys,boiler-class,False,https://www.gjel.com/attorneys,200,1
https://www.gjel.com/oakland/motorcycle-accidents,https://www.gjel.com/attorneys/,View All Attorneys,boiler-class,False,https://www.gjel.com/attorneys,200,1
https://www.gjel.com/oakland/the-top-5-hospitals-in-oakland-california,https://www.gjel.com/attorneys/,View All Attorneys,boiler-class,False,https://www.gjel.com/attorneys,200,1
https://www.gjel.com/oakland/truck-accident-lawyers,https://www.gjel.com/attorneys/,View All Attorneys,boiler-class,False,https://www.gjel.com/attorneys,200,1
https://www.gjel.com/oakland/wrongful-death-lawyers,https://www.gjel.com/attorneys/,View All Attorneys,boiler-class,False,https://www.gjel.com/attorneys,200,1
https://www.gjel.com/orinda,https://www.gjel.com/attorneys/,View All Attorneys,boiler-class,False,https://www.gjel.com/attorneys,200,1
https://www.gjel.com/orinda/amputation,https://www.gjel.com/attorneys/,View All Attorneys,boiler-class,False,https://www.gjel.com/attorneys,200,1
https://www.gjel.com/orinda/bicycle-accidents,https://www.gjel.com/attorneys/,View All Attorneys,boiler-class,False,https://www.gjel.com/attorneys,200,1
https://www.gjel.com/orinda/brain-injuries,https://www.gjel.com/attorneys/,View All Attorneys,boiler-class,False,https://www.gjel.com/attorneys,200,1
https://www.gjel.com/orinda/motorcycle-accidents,https://www.gjel.com/attorneys/,View All Attorneys,boiler-class,False,https://www.gjel.com/attorneys,200,1
https://www.gjel.com/orinda/scooter-accidents,https://www.gjel.com/attorneys/,View All Attorneys,boiler-class,False,https://www.gjel.com/attorneys,200,1
https://www.gjel.com/orinda/truck-accidents,https://www.gjel.com/attorneys/,View All Attorneys,boiler-class,False,https://www.gjel.com/attorneys,200,1
https://www.gjel.com/orinda/wrongful-death,https://www.gjel.com/attorneys/,View All Attorneys,boiler-class,False,https://www.gjel.com/attorneys,200,1
https://www.gjel.com/palo-alto-personal-injury-lawyer,https://www.gjel.com/attorneys/,View All Attorneys,boiler-class,False,https://www.gjel.com/attorneys,200,1
https://www.gjel.com/pedestrian-accident-lawyers/are-marked-crosswalks-more-dangerous-for-pedestrians,https://www.gjel.com/attorneys/,View All Attorneys,boiler-class,False,https://www.gjel.com/attorneys,200,1
https://www.gjel.com/personal-injury-lawsuit-timeline,https://www.gjel.com/attorneys/,View All Attorneys,boiler-class,False,https://www.gjel.com/attorneys,200,1
https://www.gjel.com/personal-injury-settlement-calculator,https://www.gjel.com/attorneys/,View All Attorneys,boiler-class,False,https://www.gjel.com/attorneys,200,1
https://www.gjel.com/pleasanton,https://www.gjel.com/attorneys/,View All Attorneys,boiler-class,False,https://www.gjel.com/attorneys,200,1
https://www.gjel.com/pleasanton/amputation-lawyers,https://www.gjel.com/attorneys/,View All Attorneys,boiler-class,False,https://www.gjel.com/attorneys,200,1
https://www.gjel.com/pleasanton/bicycle-accident-lawyers-pleasanton,https://www.gjel.com/attorneys/,View All Attorneys,boiler-class,False,https://www.gjel.com/attorneys,200,1
https://www.gjel.com/pleasanton/motorcycle-accident-lawyer-pleasanton,https://www.gjel.com/attorneys/,View All Attorneys,boiler-class,False,https://www.gjel.com/attorneys,200,1
https://www.gjel.com/pleasanton/pleasanton-brain-injury-attorney-free-consultations-gjel,https://www.gjel.com/attorneys/,View All Attorneys,boiler-class,False,https://www.gjel.com/attorneys,200,1
https://www.gjel.com/pleasanton/scooter-accidents,https://www.gjel.com/attorneys/,View All Attorneys,boiler-class,False,https://www.gjel.com/attorneys,200,1
https://www.gjel.com/pleasanton/truck-accident-attorney,https://www.gjel.com/attorneys/,View All Attorneys,boiler-class,False,https://www.gjel.com/attorneys,200,1
https://www.gjel.com/pleasanton/wrongful-death-attorneys-pleasanton-ca,https://www.gjel.com/attorneys/,View All Attorneys,boiler-class,False,https://www.gjel.com/attorneys,200,1
https://www.gjel.com/privacy-policy,https://www.gjel.com/attorneys/,View All Attorneys,boiler-class,False,https://www.gjel.com/attorneys,200,1
https://www.gjel.com/privacy-policy-2,https://www.gjel.com/attorneys/,View All Attorneys,boiler-class,False,https://www.gjel.com/attorneys,200,1
https://www.gjel.com/pros-and-cons-of-filing-your-own-personal-injury-claim,https://www.gjel.com/attorneys/,View All Attorneys,boiler-class,False,https://www.gjel.com/attorneys,200,1
https://www.gjel.com/questions-i-ask-when-interviewing-lawyer,https://www.gjel.com/attorneys/,View All Attorneys,boiler-class,False,https://www.gjel.com/attorneys,200,1
https://www.gjel.com/ralph-l-jacobson,https://www.gjel.com/attorneys/,View All Attorneys,boiler-class,False,https://www.gjel.com/attorneys,200,1
https://www.gjel.com/ralph-l-jacobson/employment-gig-economy,https://www.gjel.com/attorneys/,View All Attorneys,boiler-class,False,https://www.gjel.com/attorneys,200,1
https://www.gjel.com/reimbursement,https://www.gjel.com/attorneys/,View All Attorneys,boiler-class,False,https://www.gjel.com/attorneys,200,1
https://www.gjel.com/richmond,https://www.gjel.com/attorneys/,View All Attorneys,boiler-class,False,https://www.gjel.com/attorneys,200,1
https://www.gjel.com/richmond/amputation-lawyers,https://www.gjel.com/attorneys/,View All Attorneys,boiler-class,False,https://www.gjel.com/attorneys,200,1
https://www.gjel.com/richmond/bicycle-accident-lawyers,https://www.gjel.com/attorneys/,View All Attorneys,boiler-class,False,https://www.gjel.com/attorneys,200,1
https://www.gjel.com/richmond/brain-injury-lawyers,https://www.gjel.com/attorneys/,View All Attorneys,boiler-class,False,https://www.gjel.com/attorneys,200,1
https://www.gjel.com/richmond/richmond-scooter-accident-lawyers,https://www.gjel.com/attorneys/,View All Attorneys,boiler-class,False,https://www.gjel.com/attorneys,200,1
https://www.gjel.com/richmond/truck-accidents,https://www.gjel.com/attorneys/,View All Attorneys,boiler-class,False,https://www.gjel.com/attorneys,200,1
https://www.gjel.com/richmond/wrongful-death-lawyer-richmond-ca,https://www.gjel.com/attorneys/,View All Attorneys,boiler-class,False,https://www.gjel.com/attorneys,200,1
https://www.gjel.com/sacramento,https://www.gjel.com/attorneys/,View All Attorneys,boiler-class,False,https://www.gjel.com/attorneys,200,1
https://www.gjel.com/sacramento/amputation-injury-lawyers,https://www.gjel.com/attorneys/,View All Attorneys,boiler-class,False,https://www.gjel.com/attorneys,200,1
https://www.gjel.com/sacramento/bicycle-accidents,https://www.gjel.com/attorneys/,View All Attorneys,boiler-class,False,https://www.gjel.com/attorneys,200,1
https://www.gjel.com/sacramento/brain-injury-lawyers,https://www.gjel.com/attorneys/,View All Attorneys,boiler-class,False,https://www.gjel.com/attorneys,200,1
https://www.gjel.com/sacramento/car-accident-statistics,https://www.gjel.com/attorneys/,View All Attorneys,boiler-class,False,https://www.gjel.com/attorneys,200,1
https://www.gjel.com/sacramento/electric-scooter-accidents,https://www.gjel.com/attorneys/,View All Attorneys,boiler-class,False,https://www.gjel.com/attorneys,200,1
https://www.gjel.com/sacramento/motorcycle-accidents,https://www.gjel.com/attorneys/,View All Attorneys,boiler-class,False,https://www.gjel.com/attorneys,200,1
https://www.gjel.com/sacramento/sacramento-wrongful-death-lawyers,https://www.gjel.com/attorneys/,View All Attorneys,boiler-class,False,https://www.gjel.com/attorneys,200,1
https://www.gjel.com/sacramento/truck-accident-lawyers,https://www.gjel.com/attorneys/,View All Attorneys,boiler-class,False,https://www.gjel.com/attorneys,200,1
https://www.gjel.com/san-francisco,https://www.gjel.com/attorneys/,View All Attorneys,boiler-class,False,https://www.gjel.com/attorneys,200,1
https://www.gjel.com/san-francisco/bicycle-accident-lawyers,https://www.gjel.com/attorneys/,View All Attorneys,boiler-class,False,https://www.gjel.com/attorneys,200,1
https://www.gjel.com/san-francisco/brain-injury-attorney,https://www.gjel.com/attorneys/,View All Attorneys,boiler-class,False,https://www.gjel.com/attorneys,200,1
https://www.gjel.com/san-francisco/electric-scooter-accidents,https://www.gjel.com/attorneys/,View All Attorneys,boiler-class,False,https://www.gjel.com/attorneys,200,1
https://www.gjel.com/san-francisco/fatal-car-accidents,https://www.gjel.com/attorneys/,View All Attorneys,boiler-class,False,https://www.gjel.com/attorneys,200,1
https://www.gjel.com/san-francisco/motorcycle-accidents,https://www.gjel.com/attorneys/,View All Attorneys,boiler-class,False,https://www.gjel.com/attorneys,200,1
https://www.gjel.com/san-francisco/san-francisco-wrongful-death-attorney,https://www.gjel.com/attorneys/,View All Attorneys,boiler-class,False,https://www.gjel.com/attorneys,200,1
https://www.gjel.com/san-francisco/san-francisco-wrongful-death-attorney/settlements,https://www.gjel.com/attorneys/,View All Attorneys,boiler-class,False,https://www.gjel.com/attorneys,200,1
https://www.gjel.com/san-francisco/truck-accident,https://www.gjel.com/attorneys/,View All Attorneys,boiler-class,False,https://www.gjel.com/attorneys,200,1
https://www.gjel.com/san-francisco/what-to-do-after-accidents,https://www.gjel.com/attorneys/,View All Attorneys,boiler-class,False,https://www.gjel.com/attorneys,200,1
https://www.gjel.com/san-jose,https://www.gjel.com/attorneys/,View All Attorneys,boiler-class,False,https://www.gjel.com/attorneys,200,1
https://www.gjel.com/san-jose/bicycle-accident-lawyers,https://www.gjel.com/attorneys/,View All Attorneys,boiler-class,False,https://www.gjel.com/attorneys,200,1
https://www.gjel.com/san-jose/brain-injury-lawyers,https://www.gjel.com/attorneys/,View All Attorneys,boiler-class,False,https://www.gjel.com/attorneys,200,1
https://www.gjel.com/san-jose/motorcycle-accident-lawyers,https://www.gjel.com/attorneys/,View All Attorneys,boiler-class,False,https://www.gjel.com/attorneys,200,1
https://www.gjel.com/san-jose/truck-accident-lawyer,https://www.gjel.com/attorneys/,View All Attorneys,boiler-class,False,https://www.gjel.com/attorneys,200,1
https://www.gjel.com/san-jose/wrongful-death-lawyers,https://www.gjel.com/attorneys/,View All Attorneys,boiler-class,False,https://www.gjel.com/attorneys,200,1
https://www.gjel.com/santa-clara-personal-injury-lawyer,https://www.gjel.com/attorneys/,View All Attorneys,boiler-class,False,https://www.gjel.com/attorneys,200,1
https://www.gjel.com/santa-rosa,https://www.gjel.com/attorneys/,View All Attorneys,boiler-class,False,https://www.gjel.com/attorneys,200,1
https://www.gjel.com/should-ignore-medical-bills,https://www.gjel.com/attorneys/,View All Attorneys,boiler-class,False,https://www.gjel.com/attorneys,200,1
https://www.gjel.com/sitemap,https://www.gjel.com/attorneys/,View All Attorneys,boiler-class,False,https://www.gjel.com/attorneys,200,1
https://www.gjel.com/sitemap-2,https://www.gjel.com/attorneys/,View All Attorneys,boiler-class,False,https://www.gjel.com/attorneys,200,1
https://www.gjel.com/stages-crps,https://www.gjel.com/attorneys/,View All Attorneys,boiler-class,False,https://www.gjel.com/attorneys,200,1
https://www.gjel.com/stockton,https://www.gjel.com/attorneys/,View All Attorneys,boiler-class,False,https://www.gjel.com/attorneys,200,1
https://www.gjel.com/stockton/amputation-lawyers,https://www.gjel.com/attorneys/,View All Attorneys,boiler-class,False,https://www.gjel.com/attorneys,200,1
https://www.gjel.com/stockton/bicycle-accidents,https://www.gjel.com/attorneys/,View All Attorneys,boiler-class,False,https://www.gjel.com/attorneys,200,1
https://www.gjel.com/stockton/brain-injuries,https://www.gjel.com/attorneys/,View All Attorneys,boiler-class,False,https://www.gjel.com/attorneys,200,1
https://www.gjel.com/stockton/motorcycle-accident-lawyer,https://www.gjel.com/attorneys/,View All Attorneys,boiler-class,False,https://www.gjel.com/attorneys,200,1
https://www.gjel.com/stockton/scooter-accidents-stockton,https://www.gjel.com/attorneys/,View All Attorneys,boiler-class,False,https://www.gjel.com/attorneys,200,1
https://www.gjel.com/stockton/stockton-car-accident-attorneys/dangerous-roads-in-stockton,https://www.gjel.com/attorneys/,View All Attorneys,boiler-class,False,https://www.gjel.com/attorneys,200,1
https://www.gjel.com/stockton/truck-accidents,https://www.gjel.com/attorneys/,View All Attorneys,boiler-class,False,https://www.gjel.com/attorneys,200,1
https://www.gjel.com/stockton/wrongful-death-attorneys,https://www.gjel.com/attorneys/,View All Attorneys,boiler-class,False,https://www.gjel.com/attorneys,200,1
https://www.gjel.com/sunnyvale-personal-injury-lawyer,https://www.gjel.com/attorneys/,View All Attorneys,boiler-class,False,https://www.gjel.com/attorneys,200,1
https://www.gjel.com/talk-to-a-lawyer,https://www.gjel.com/attorneys/,View All Attorneys,boiler-class,False,https://www.gjel.com/attorneys,200,1
https://www.gjel.com/talk-to-an-attorney,https://www.gjel.com/attorneys/,View All Attorneys,boiler-class,False,https://www.gjel.com/attorneys,200,1
https://www.gjel.com/teen-brain-development,https://www.gjel.com/attorneys/,View All Attorneys,boiler-class,False,https://www.gjel.com/attorneys,200,1
https://www.gjel.com/testimonials-reviews,https://www.gjel.com/attorneys/,View All Attorneys,boiler-class,False,https://www.gjel.com/attorneys,200,1
https://www.gjel.com/the-most-prolonged-road-to-recovery-understanding-injuries-that-take-the-longest-to-heal,https://www.gjel.com/attorneys/,View All Attorneys,boiler-class,False,https://www.gjel.com/attorneys,200,1
https://www.gjel.com/tips-for-hiring-a-personal-injury-lawyers-from-actual-injury-attorneys,https://www.gjel.com/attorneys/,View All Attorneys,boiler-class,False,https://www.gjel.com/attorneys,200,1
https://www.gjel.com/top-causes-car-accidents,https://www.gjel.com/attorneys/,View All Attorneys,boiler-class,False,https://www.gjel.com/attorneys,200,1
https://www.gjel.com/truck-accident-lawyers/can-i-still-file-a-lawsuit-if-the-truck-driver-or-trucking-company-is-from-another-state,https://www.gjel.com/attorneys/,View All Attorneys,boiler-class,False,https://www.gjel.com/attorneys,200,1
https://www.gjel.com/truck-accident-lawyers/the-benefits-of-hiring-a-truck-accident-attorney-a-message-from-andy-gillin,https://www.gjel.com/attorneys/,View All Attorneys,boiler-class,False,https://www.gjel.com/attorneys,200,1
https://www.gjel.com/truck-accident-lawyers/tips-avoid-rollovers,https://www.gjel.com/attorneys/,View All Attorneys,boiler-class,False,https://www.gjel.com/attorneys,200,1
https://www.gjel.com/truck-accident-lawyers/truck-driver-fatigue,https://www.gjel.com/attorneys/,View All Attorneys,boiler-class,False,https://www.gjel.com/attorneys,200,1
https://www.gjel.com/truck-accident-lawyers/what-are-the-main-responsibilities-of-a-semi-truck-crash-accident-attorney,https://www.gjel.com/attorneys/,View All Attorneys,boiler-class,False,https://www.gjel.com/attorneys,200,1
https://www.gjel.com/truck-accident-lawyers/what-causes-trucks-to-jackknife,https://www.gjel.com/attorneys/,View All Attorneys,boiler-class,False,https://www.gjel.com/attorneys,200,1
https://www.gjel.com/truck-accident-lawyers/what-is-an-underride-crash,https://www.gjel.com/attorneys/,View All Attorneys,boiler-class,False,https://www.gjel.com/attorneys,200,1
https://www.gjel.com/truck-accident-lawyers/when-to-hire-a-truck-accident-attorney-what-you-need-to-know,https://www.gjel.com/attorneys/,View All Attorneys,boiler-class,False,https://www.gjel.com/attorneys,200,1
https://www.gjel.com/uncovering-the-truth-why-insurance-companies-often-try-to-minimize-payouts,https://www.gjel.com/attorneys/,View All Attorneys,boiler-class,False,https://www.gjel.com/attorneys,200,1
https://www.gjel.com/uninsured-motorist-lawyers,https://www.gjel.com/attorneys/,View All Attorneys,boiler-class,False,https://www.gjel.com/attorneys,200,1
https://www.gjel.com/verdicts-settlements,https://www.gjel.com/attorneys/,View All Attorneys,boiler-class,False,https://www.gjel.com/attorneys,200,1
https://www.gjel.com/walnut-creek,https://www.gjel.com/attorneys/,View All Attorneys,boiler-class,False,https://www.gjel.com/attorneys,200,1
https://www.gjel.com/walnut-creek/amputation-lawyers-walnut-creek-gjel-attorneys,https://www.gjel.com/attorneys/,View All Attorneys,boiler-class,False,https://www.gjel.com/attorneys,200,1
https://www.gjel.com/walnut-creek/bicycle-accidents,https://www.gjel.com/attorneys/,View All Attorneys,boiler-class,False,https://www.gjel.com/attorneys,200,1
https://www.gjel.com/walnut-creek/brain-injury-lawyers,https://www.gjel.com/attorneys/,View All Attorneys,boiler-class,False,https://www.gjel.com/attorneys,200,1
https://www.gjel.com/walnut-creek/motorcycle-accidents,https://www.gjel.com/attorneys/,View All Attorneys,boiler-class,False,https://www.gjel.com/attorneys,200,1
https://www.gjel.com/walnut-creek/scooter-accidents,https://www.gjel.com/attorneys/,View All Attorneys,boiler-class,False,https://www.gjel.com/attorneys,200,1
https://www.gjel.com/walnut-creek/truck-accidents,https://www.gjel.com/attorneys/,View All Attorneys,boiler-class,False,https://www.gjel.com/attorneys,200,1
https://www.gjel.com/walnut-creek/wrongful-death-attorneys,https://www.gjel.com/attorneys/,View All Attorneys,boiler-class,False,https://www.gjel.com/attorneys,200,1
https://www.gjel.com/what-happens-if-i-lose-my-job-as-a-result-of-my-accident-injuries,https://www.gjel.com/attorneys/,View All Attorneys,boiler-class,False,https://www.gjel.com/attorneys,200,1
https://www.gjel.com/what-if-i-was-in-a-bike-accident-and-wasnt-wearing-a-helmet,https://www.gjel.com/attorneys/,View All Attorneys,boiler-class,False,https://www.gjel.com/attorneys,200,1
https://www.gjel.com/what-is-the-difference-between-mediation-and-arbitration,https://www.gjel.com/attorneys/,View All Attorneys,boiler-class,False,https://www.gjel.com/attorneys,200,1
https://www.gjel.com/why-californians-shouldnt-wait-to-talk-to-a-personal-injury-attorney-after-an-accident,https://www.gjel.com/attorneys/,View All Attorneys,boiler-class,False,https://www.gjel.com/attorneys,200,1
https://www.gjel.com/will-hiring-a-personal-injury-attorney-increase-the-value-of-my-case,https://www.gjel.com/attorneys/,View All Attorneys,boiler-class,False,https://www.gjel.com/attorneys,200,1
https://www.gjel.com/will-i-pay-taxes-on-recovery,https://www.gjel.com/attorneys/,View All Attorneys,boiler-class,False,https://www.gjel.com/attorneys,200,1
https://www.gjel.com/will-my-lost-wages-be-fully-covered-in-a-personal-injury-settlement,https://www.gjel.com/attorneys/,View All Attorneys,boiler-class,False,https://www.gjel.com/attorneys,200,1
https://www.gjel.com/write-for-us,https://www.gjel.com/attorneys/,View All Attorneys,boiler-class,False,https://www.gjel.com/attorneys,200,1
https://www.gjel.com/wrongful-death-lawyers/10-essential-questions-to-ask-when-choosing-a-wrongful-death-attorney-to-represent-your-loved-ones-case,https://www.gjel.com/attorneys/,View All Attorneys,boiler-class,False,https://www.gjel.com/attorneys,200,1
https://www.gjel.com/wrongful-death-lawyers/are-taxes-owed-on-a-wrongful-death-settlement-in-california,https://www.gjel.com/attorneys/,View All Attorneys,boiler-class,False,https://www.gjel.com/attorneys,200,1
https://www.gjel.com/wrongful-death-lawyers/best-wrongful-death-lawyers,https://www.gjel.com/attorneys/,View All Attorneys,boiler-class,False,https://www.gjel.com/attorneys,200,1
https://www.gjel.com/wrongful-death-lawyers/can-i-bring-a-wrongful-death-action-if-the-deceased-never-held-a-job,https://www.gjel.com/attorneys/,View All Attorneys,boiler-class,False,https://www.gjel.com/attorneys,200,1
https://www.gjel.com/wrongful-death-lawyers/can-you-sue-uber-for-injuries-or-wrongful-death-heres-what-you-need-to-know,https://www.gjel.com/attorneys/,View All Attorneys,boiler-class,False,https://www.gjel.com/attorneys,200,1
https://www.gjel.com/wrongful-death-lawyers/chances-winning,https://www.gjel.com/attorneys/,View All Attorneys,boiler-class,False,https://www.gjel.com/attorneys,200,1
https://www.gjel.com/wrongful-death-lawyers/contra-costa-wrongful-death-case,https://www.gjel.com/attorneys/,View All Attorneys,boiler-class,False,https://www.gjel.com/attorneys,200,1
https://www.gjel.com/wrongful-death-lawyers/do-california-courts-undervalue-life-in-wrongful-death-lawsuits,https://www.gjel.com/attorneys/,View All Attorneys,boiler-class,False,https://www.gjel.com/attorneys,200,1
https://www.gjel.com/wrongful-death-lawyers/faq-wrongful-death-cases,https://www.gjel.com/attorneys/,View All Attorneys,boiler-class,False,https://www.gjel.com/attorneys,200,1
https://www.gjel.com/wrongful-death-lawyers/find-the-right-los-angeles-wrongful-death-attorney-for-your-case,https://www.gjel.com/attorneys/,View All Attorneys,boiler-class,False,https://www.gjel.com/attorneys,200,1
https://www.gjel.com/wrongful-death-lawyers/how-a-wrongful-death-lawsuit-works,https://www.gjel.com/attorneys/,View All Attorneys,boiler-class,False,https://www.gjel.com/attorneys,200,1
https://www.gjel.com/wrongful-death-lawyers/how-is-compensation-divided,https://www.gjel.com/attorneys/,View All Attorneys,boiler-class,False,https://www.gjel.com/attorneys,200,1
https://www.gjel.com/wrongful-death-lawyers/how-paid-out,https://www.gjel.com/attorneys/,View All Attorneys,boiler-class,False,https://www.gjel.com/attorneys,200,1
https://www.gjel.com/wrongful-death-lawyers/krouse-vs-graham,https://www.gjel.com/attorneys/,View All Attorneys,boiler-class,False,https://www.gjel.com/attorneys,200,1
https://www.gjel.com/wrongful-death-lawyers/navigating-grief-and-loss-after-a-loved-ones-fatal-car-accident,https://www.gjel.com/attorneys/,View All Attorneys,boiler-class,False,https://www.gjel.com/attorneys,200,1
https://www.gjel.com/wrongful-death-lawyers/plaintiffs-problems-wrongful-death-cases,https://www.gjel.com/attorneys/,View All Attorneys,boiler-class,False,https://www.gjel.com/attorneys,200,1
https://www.gjel.com/wrongful-death-lawyers/proving-case,https://www.gjel.com/attorneys/,View All Attorneys,boiler-class,False,https://www.gjel.com/attorneys,200,1
https://www.gjel.com/wrongful-death-lawyers/recoverable-damages,https://www.gjel.com/attorneys/,View All Attorneys,boiler-class,False,https://www.gjel.com/attorneys,200,1
https://www.gjel.com/wrongful-death-lawyers/settlements,https://www.gjel.com/attorneys/,View All Attorneys,boiler-class,False,https://www.gjel.com/attorneys,200,1
https://www.gjel.com/wrongful-death-lawyers/should-i-hire-a-wrongful-death-lawyer-near-me,https://www.gjel.com/attorneys/,View All Attorneys,boiler-class,False,https://www.gjel.com/attorneys,200,1
https://www.gjel.com/wrongful-death-lawyers/status-of-stepchildren-under-californias-wrongful-death-statute,https://www.gjel.com/attorneys/,View All Attorneys,boiler-class,False,https://www.gjel.com/attorneys,200,1
https://www.gjel.com/wrongful-death-lawyers/statute-limitations-california,https://www.gjel.com/attorneys/,View All Attorneys,boiler-class,False,https://www.gjel.com/attorneys,200,1
https://www.gjel.com/wrongful-death-lawyers/sue-not-sue-wrongful-death,https://www.gjel.com/attorneys/,View All Attorneys,boiler-class,False,https://www.gjel.com/attorneys,200,1
https://www.gjel.com/wrongful-death-lawyers/the-2021-amendments-to-code-civ-proc-377-34-what-they-mean-to-plaintiffs,https://www.gjel.com/attorneys/,View All Attorneys,boiler-class,False,https://www.gjel.com/attorneys,200,1
https://www.gjel.com/wrongful-death-lawyers/the-elements-of-a-successful-california-wrongful-death-claim,https://www.gjel.com/attorneys/,View All Attorneys,boiler-class,False,https://www.gjel.com/attorneys,200,1
https://www.gjel.com/wrongful-death-lawyers/the-leading-causes-of-wrongful-death,https://www.gjel.com/attorneys/,View All Attorneys,boiler-class,False,https://www.gjel.com/attorneys,200,1
https://www.gjel.com/wrongful-death-lawyers/the-role-of-expert-witnesses,https://www.gjel.com/attorneys/,View All Attorneys,boiler-class,False,https://www.gjel.com/attorneys,200,1
https://www.gjel.com/wrongful-death-lawyers/the-significance-of-the-statute-of-limitations-in-wrongful-death-cases-and-why-its-important-to-act-quickly,https://www.gjel.com/attorneys/,View All Attorneys,boiler-class,False,https://www.gjel.com/attorneys,200,1
https://www.gjel.com/wrongful-death-lawyers/understanding-damages,https://www.gjel.com/attorneys/,View All Attorneys,boiler-class,False,https://www.gjel.com/attorneys,200,1
https://www.gjel.com/wrongful-death-lawyers/understanding-wrongful-death-claim-california,https://www.gjel.com/attorneys/,View All Attorneys,boiler-class,False,https://www.gjel.com/attorneys,200,1
https://www.gjel.com/wrongful-death-lawyers/what-kind-of-lawyer-handles-wrongful-death-cases,https://www.gjel.com/attorneys/,View All Attorneys,boiler-class,False,https://www.gjel.com/attorneys,200,1
https://www.gjel.com/wrongful-death-lawyers/whats-the-difference-between-personal-injury-wrongful-death-cases,https://www.gjel.com/attorneys/,View All Attorneys,boiler-class,False,https://www.gjel.com/attorneys,200,1
https://www.gjel.com/wrongful-death-lawyers/who-can-file-a-wrongful-death-lawsuit-in-california,https://www.gjel.com/attorneys/,View All Attorneys,boiler-class,False,https://www.gjel.com/attorneys,200,1
https://www.gjel.com/wrongful-death-lawyers/will-i-need-to-go-to-court-if-i-file-a-wrongful-death-lawsuit-in-california,https://www.gjel.com/attorneys/,View All Attorneys,boiler-class,False,https://www.gjel.com/attorneys,200,1
https://www.gjel.com/wrongful-death-lawyers/wrongful-death-attorney-fees,https://www.gjel.com/attorneys/,View All Attorneys,boiler-class,False,https://www.gjel.com/attorneys,200,1
https://www.gjel.com/wrongful-death-lawyers/wrongful-death-claims-presented-by-dependent-parents-or-stepchildren,https://www.gjel.com/attorneys/,View All Attorneys,boiler-class,False,https://www.gjel.com/attorneys,200,1
https://www.gjel.com/wrongful-death-lawyers/wrongful-death-recovery-divorced-parents,https://www.gjel.com/attorneys/,View All Attorneys,boiler-class,False,https://www.gjel.com/attorneys,200,1
https://www.gjel.com/wrongful-death-lawyers/wrongful-death-settlement-calculator-how-to-estimate-compensation,https://www.gjel.com/attorneys/,View All Attorneys,boiler-class,False,https://www.gjel.com/attorneys,200,1
https://www.gjel.com/wrongful-death-lawyers/wrongful-death-v-survival-actions-in-california,https://www.gjel.com/attorneys/,View All Attorneys,boiler-class,False,https://www.gjel.com/attorneys,200,1
https://www.gjel.com/wrongful-death-lawyers/wrongful-death-vs-manslaughter-understanding-the-difference,https://www.gjel.com/attorneys/,View All Attorneys,boiler-class,False,https://www.gjel.com/attorneys,200,1
https://www.gjel.com/wrongful-death-settlement-santa-clara-county,https://www.gjel.com/attorneys/,View All Attorneys,boiler-class,False,https://www.gjel.com/attorneys,200,1
https://www.gjel.com/acid-burn-injury-lawyer,https://www.gjel.com/author/andy,Andrew (Andy) R. Gillin,content,False,https://www.gjel.com,200,1
https://www.gjel.com/amputation-injury-lawyer-california,https://www.gjel.com/author/andy,Andrew (Andy) R. Gillin,content,False,https://www.gjel.com,200,1
https://www.gjel.com/amputation-injury-lawyers,https://www.gjel.com/author/andy,Andrew (Andy) R. Gillin,content,False,https://www.gjel.com,200,1
https://www.gjel.com/archives/100k-bike-accident-settlement-in-union-city,https://www.gjel.com/author/andy,Andy Gillin,boiler-class,False,https://www.gjel.com,200,1
https://www.gjel.com/archives/100k-pedestrian-settlement-in-san-diego,https://www.gjel.com/author/andy,Andy Gillin,boiler-class,False,https://www.gjel.com,200,1
https://www.gjel.com/archives/15-back-to-school-safety-tips-for-kids-and-drivers,https://www.gjel.com/author/andy,Andy Gillin,boiler-class,False,https://www.gjel.com,200,1
https://www.gjel.com/archives/1m-semi-truck-collision-settlement,https://www.gjel.com/author/andy,Andy Gillin,boiler-class,False,https://www.gjel.com,200,1
https://www.gjel.com/archives/212k-bicycle-accident-settlement-in-napa,https://www.gjel.com/author/andy,Andy Gillin,boiler-class,False,https://www.gjel.com,200,1
https://www.gjel.com/archives/400k-motorcycle-knee-injury-settlement,https://www.gjel.com/author/andy,Andy Gillin,boiler-class,False,https://www.gjel.com,200,1
https://www.gjel.com/archives/420k-car-crash-settlement-in-monterey,https://www.gjel.com/author/andy,Andy Gillin,boiler-class,False,https://www.gjel.com,200,1
https://www.gjel.com/archives/737k-bike-accident-settlement-in-contra-costa,https://www.gjel.com/author/andy,Andy Gillin,boiler-class,False,https://www.gjel.com,200,1
https://www.gjel.com/archives/american-lawyer-and-professor-peter-erlinder-arrested-in-rwanda-on-genocide-denial-charges,https://www.gjel.com/author/andy,Andy Gillin,boiler-class,False,https://www.gjel.com,200,1
https://www.gjel.com/archives/berkeley-bart-reopens-after-track-collision,https://www.gjel.com/author/andy,Andy Gillin,boiler-class,False,https://www.gjel.com,200,1
https://www.gjel.com/archives/bicycle-accident-in-north-highlands,https://www.gjel.com/author/andy,Andy Gillin,boiler-class,False,https://www.gjel.com,200,1
https://www.gjel.com/archives/bicycle-accident-settlement-in-santa-clara-county,https://www.gjel.com/author/andy,Andy Gillin,boiler-class,False,https://www.gjel.com,200,1
https://www.gjel.com/archives/bike-accident-in-santa-clara-100k-settlement,https://www.gjel.com/author/andy,Andy Gillin,boiler-class,False,https://www.gjel.com,200,1
https://www.gjel.com/archives/bike-helmet-safety-survey-results-helmet-laws-should-cover-children,https://www.gjel.com/author/andy,Andy Gillin,boiler-class,False,https://www.gjel.com,200,1
https://www.gjel.com/archives/bp-oil-spill-lawsuits-sent-to-new-orleans,https://www.gjel.com/author/andy,Andy Gillin,boiler-class,False,https://www.gjel.com,200,1
https://www.gjel.com/archives/bright-green-bike-lanes-help-increase-driver-awareness-of-cyclists-boost-biker-safety,https://www.gjel.com/author/andy,Andy Gillin,boiler-class,False,https://www.gjel.com,200,1
https://www.gjel.com/archives/buy-a-bike-get-a-helmet-now-through-august-31st-at-select-local-bike-shops,https://www.gjel.com/author/andy,Andy Gillin,boiler-class,False,https://www.gjel.com,200,1
https://www.gjel.com/archives/california-lawmakers-get-serious-about-bike-safety,https://www.gjel.com/author/andy,Andy Gillin,boiler-class,False,https://www.gjel.com,200,1
https://www.gjel.com/archives/car-accident-195k-settlement-in-pleasanton,https://www.gjel.com/author/andy,Andy Gillin,boiler-class,False,https://www.gjel.com,200,1
https://www.gjel.com/archives/car-accident-settlement-275k-in-fremont,https://www.gjel.com/author/andy,Andy Gillin,boiler-class,False,https://www.gjel.com,200,1
https://www.gjel.com/archives/chp-tickets-168-alameda-drivers-in-less-than-4-hours-for-not-yielding-to-pedestrians,https://www.gjel.com/author/andy,Andy Gillin,boiler-class,False,https://www.gjel.com,200,1
https://www.gjel.com/archives/collision-accident-settlement-in-walnut-creek,https://www.gjel.com/author/andy,Andy Gillin,boiler-class,False,https://www.gjel.com,200,1
https://www.gjel.com/archives/contra-costa-car-accident-100k-settlement,https://www.gjel.com/author/andy,Andy Gillin,boiler-class,False,https://www.gjel.com,200,1
https://www.gjel.com/archives/court-shields-google-maps-pedestrian-injury-lawsuits,https://www.gjel.com/author/andy,Andy Gillin,boiler-class,False,https://www.gjel.com,200,1
https://www.gjel.com/archives/depuy-hip-implants-blamed-for-faulty-california-hip-surgeries,https://www.gjel.com/author/andy,Andy Gillin,boiler-class,False,https://www.gjel.com,200,1
https://www.gjel.com/archives/distracted-walking-law-proposed-to-ease-uptick-in-pedestrian-accidents,https://www.gjel.com/author/andy,Andy Gillin,boiler-class,False,https://www.gjel.com,200,1
https://www.gjel.com/archives/do-bicycle-accident-injury-reports-improve-safety-or-scare-potential-cyclists,https://www.gjel.com/author/andy,Andy Gillin,boiler-class,False,https://www.gjel.com,200,1
https://www.gjel.com/archives/dump-truck-driver-crash-injuries,https://www.gjel.com/author/andy,Andy Gillin,boiler-class,False,https://www.gjel.com,200,1
https://www.gjel.com/archives/eight-injured-in-fresno-county-suv-rollover-crash,https://www.gjel.com/author/andy,Andy Gillin,boiler-class,False,https://www.gjel.com,200,1
https://www.gjel.com/archives/elderly-drivers-car-goes-airborne-in-dublin-crash,https://www.gjel.com/author/andy,Andy Gillin,boiler-class,False,https://www.gjel.com,200,1
https://www.gjel.com/archives/electric-bike-hit-and-run-accident,https://www.gjel.com/author/andy,Andy Gillin,boiler-class,False,https://www.gjel.com,200,1
https://www.gjel.com/archives/encroachments-on-high-pressure-jet-fuel-pipeline-along-iron-horse-trail-create-major-safety-concern,https://www.gjel.com/author/andy,Andy Gillin,boiler-class,False,https://www.gjel.com,200,1
https://www.gjel.com/archives/fata-bicycle-accident-in-merced-county,https://www.gjel.com/author/andy,Andy Gillin,boiler-class,False,https://www.gjel.com,200,1
https://www.gjel.com/archives/fata-hit-and-run-accident-in-atwater,https://www.gjel.com/author/andy,Andy Gillin,boiler-class,False,https://www.gjel.com,200,1
https://www.gjel.com/archives/fatal-bicycle-accident-in-petaluma,https://www.gjel.com/author/andy,Andy Gillin,boiler-class,False,https://www.gjel.com,200,1
https://www.gjel.com/archives/fatal-bicycle-accident-safety-concerns-for-cyclists-in-elk-grove,https://www.gjel.com/author/andy,Andy Gillin,boiler-class,False,https://www.gjel.com,200,1
https://www.gjel.com/archives/fatal-big-rig-collision-on-highway-20-near-williams-highlights-rural-road-risks,https://www.gjel.com/author/andy,Andy Gillin,boiler-class,False,https://www.gjel.com,200,1
https://www.gjel.com/archives/fatal-canal-accident-in-sutter-county-highlights-rural-road-safety-concerns,https://www.gjel.com/author/andy,Andy Gillin,boiler-class,False,https://www.gjel.com,200,1
https://www.gjel.com/archives/fatal-chain-reaction-crash-in-fresno,https://www.gjel.com/author/andy,Andy Gillin,boiler-class,False,https://www.gjel.com,200,1
https://www.gjel.com/archives/fatal-dui-crash-claims-life-of-67-year-old-man,https://www.gjel.com/author/andy,Andy Gillin,boiler-class,False,https://www.gjel.com,200,1
https://www.gjel.com/archives/fatal-dui-crash-in-fresno-county-one-dead,https://www.gjel.com/author/andy,Andy Gillin,boiler-class,False,https://www.gjel.com,200,1
https://www.gjel.com/archives/fatal-head-on-collision-in-fairfield-claims-life-of-young-driver,https://www.gjel.com/author/andy,Andy Gillin,boiler-class,False,https://www.gjel.com,200,1
https://www.gjel.com/archives/fatal-head-on-collision-in-gilroy-claims-life-of-elderly-san-mateo-driver,https://www.gjel.com/author/andy,Andy Gillin,boiler-class,False,https://www.gjel.com,200,1
https://www.gjel.com/archives/fatal-head-on-collision-in-monterey,https://www.gjel.com/author/andy,Andy Gillin,boiler-class,False,https://www.gjel.com,200,1
https://www.gjel.com/archives/fatal-head-on-collision-on-highway-132-claims-one-life-injures-two-in-stanislaus-county,https://www.gjel.com/author/andy,Andy Gillin,boiler-class,False,https://www.gjel.com,200,1
https://www.gjel.com/archives/fatal-hit-and-run-in-san-bernardino-county,https://www.gjel.com/author/andy,Andy Gillin,boiler-class,False,https://www.gjel.com,200,1
https://www.gjel.com/archives/fatal-mobility-scooter-accident-claims-life,https://www.gjel.com/author/andy,Andy Gillin,boiler-class,False,https://www.gjel.com,200,1
https://www.gjel.com/archives/fatal-motorcycle-accident-claims-life-of-motorcyclist,https://www.gjel.com/author/andy,Andy Gillin,boiler-class,False,https://www.gjel.com,200,1
https://www.gjel.com/archives/fatal-motorcycle-accident-highway-99-sacramento,https://www.gjel.com/author/andy,Andy Gillin,boiler-class,False,https://www.gjel.com,200,1
https://www.gjel.com/archives/fatal-motorcycle-accident-in-oakland-dangers-of-traffic-violations,https://www.gjel.com/author/andy,Andy Gillin,boiler-class,False,https://www.gjel.com,200,1
https://www.gjel.com/archives/fatal-motorcycle-accident-in-sacramento,https://www.gjel.com/author/andy,Andy Gillin,boiler-class,False,https://www.gjel.com,200,1
https://www.gjel.com/archives/fatal-motorcycle-accident-legal-rights,https://www.gjel.com/author/andy,Andy Gillin,boiler-class,False,https://www.gjel.com,200,1
https://www.gjel.com/archives/fatal-motorcycle-accident-on-benicia-martinez-bridge,https://www.gjel.com/author/andy,Andy Gillin,boiler-class,False,https://www.gjel.com,200,1
https://www.gjel.com/archives/fatal-motorcycle-and-truck-accident-in-san-francisco,https://www.gjel.com/author/andy,Andy Gillin,boiler-class,False,https://www.gjel.com,200,1
https://www.gjel.com/archives/fatal-pedestrian-accident-berkeley,https://www.gjel.com/author/andy,Andy Gillin,boiler-class,False,https://www.gjel.com,200,1
https://www.gjel.com/archives/fatal-pedestrian-accident-central-fresno,https://www.gjel.com/author/andy,Andy Gillin,boiler-class,False,https://www.gjel.com,200,1
https://www.gjel.com/archives/fatal-pedestrian-accident-claims-life,https://www.gjel.com/author/andy,Andy Gillin,boiler-class,False,https://www.gjel.com,200,1
https://www.gjel.com/archives/fatal-pedestrian-accident-highway-safety-concerns-in-alameda-county,https://www.gjel.com/author/andy,Andy Gillin,boiler-class,False,https://www.gjel.com,200,1
https://www.gjel.com/archives/fatal-pedestrian-accident-safety-concerns,https://www.gjel.com/author/andy,Andy Gillin,boiler-class,False,https://www.gjel.com,200,1
https://www.gjel.com/archives/fatal-pedestrian-accident-san-jose,https://www.gjel.com/author/andy,Andy Gillin,boiler-class,False,https://www.gjel.com,200,1
https://www.gjel.com/archives/fatal-pedestrian-crash-accident-on-fairmont,https://www.gjel.com/author/andy,Andy Gillin,boiler-class,False,https://www.gjel.com,200,1
https://www.gjel.com/archives/fatal-power-pole-crash-in-madera-county-understanding-your-legal-rights-after-single-vehicle-accidents,https://www.gjel.com/author/andy,Andy Gillin,boiler-class,False,https://www.gjel.com,200,1
https://www.gjel.com/archives/fatal-rollover-crash-one-dead-others-injured,https://www.gjel.com/author/andy,Andy Gillin,boiler-class,False,https://www.gjel.com,200,1
https://www.gjel.com/archives/fatal-san-francisco-muni-bus-accident-dangerous-left-turns,https://www.gjel.com/author/andy,Andy Gillin,boiler-class,False,https://www.gjel.com,200,1
https://www.gjel.com/archives/fatal-semi-truck-collision-claims-life-of-driver,https://www.gjel.com/author/andy,Andy Gillin,boiler-class,False,https://www.gjel.com,200,1
https://www.gjel.com/archives/fatal-seven-vehicle-crash-kills-bystander,https://www.gjel.com/author/andy,Andy Gillin,boiler-class,False,https://www.gjel.com,200,1
https://www.gjel.com/archives/fatal-single-vehicle-accident-in-calistoga,https://www.gjel.com/author/andy,Andy Gillin,boiler-class,False,https://www.gjel.com,200,1
https://www.gjel.com/archives/fatal-solo-vehicle-crash-in-napa-county-highlights-dangers-of-impaired-and-high-speed-driving,https://www.gjel.com/author/andy,Andy Gillin,boiler-class,False,https://www.gjel.com,200,1
https://www.gjel.com/archives/fatal-solo-vehicle-crash-in-north-sacramento,https://www.gjel.com/author/andy,Andy Gillin,boiler-class,False,https://www.gjel.com,200,1
https://www.gjel.com/archives/fatal-three-vehicle-crash-understanding-the-aftermath,https://www.gjel.com/author/andy,Andy Gillin,boiler-class,False,https://www.gjel.com,200,1
https://www.gjel.com/archives/fatal-traffic-collision-under-investigation-in-santa-clara,https://www.gjel.com/author/andy,Andy Gillin,boiler-class,False,https://www.gjel.com,200,1
https://www.gjel.com/archives/fatal-two-vehicle-crash-claims-life-of-passenger,https://www.gjel.com/author/andy,Andy Gillin,boiler-class,False,https://www.gjel.com,200,1
https://www.gjel.com/archives/fatal-workplace-accident-at-construction-site,https://www.gjel.com/author/andy,Andy Gillin,boiler-class,False,https://www.gjel.com,200,1
https://www.gjel.com/archives/five-injured-after-car-strikes-pedestrians-and-pole-in-stockton,https://www.gjel.com/author/andy,Andy Gillin,boiler-class,False,https://www.gjel.com,200,1
https://www.gjel.com/archives/fresno-atv-accident-teen-fatality,https://www.gjel.com/author/andy,Andy Gillin,boiler-class,False,https://www.gjel.com,200,1
https://www.gjel.com/archives/fresno-county-propane-truck-rollover-crash,https://www.gjel.com/author/andy,Andy Gillin,boiler-class,False,https://www.gjel.com,200,1
https://www.gjel.com/archives/good-news-for-lawyers-on-social-media,https://www.gjel.com/author/andy,Andy Gillin,boiler-class,False,https://www.gjel.com,200,1
https://www.gjel.com/archives/google-glasses-could-be-both-a-blessing-and-a-curse-to-drivers-and-pedestrians-alike,https://www.gjel.com/author/andy,Andy Gillin,boiler-class,False,https://www.gjel.com,200,1
https://www.gjel.com/archives/head-on-collision-in-stanislaus-county,https://www.gjel.com/author/andy,Andy Gillin,boiler-class,False,https://www.gjel.com,200,1
https://www.gjel.com/archives/headphone-related-pedestrian-deaths-up-300-percent-since-2004,https://www.gjel.com/author/andy,Andy Gillin,boiler-class,False,https://www.gjel.com,200,1
https://www.gjel.com/archives/highway-99-multi-vehicle-crash-injuries,https://www.gjel.com/author/andy,Andy Gillin,boiler-class,False,https://www.gjel.com,200,1
https://www.gjel.com/archives/hit-and-run-suspect-crashes-into-building,https://www.gjel.com/author/andy,Andy Gillin,boiler-class,False,https://www.gjel.com,200,1
https://www.gjel.com/archives/how-soon-to-file-lawsuit,https://www.gjel.com/author/andy,Andy Gillin,boiler-class,False,https://www.gjel.com,200,1
https://www.gjel.com/archives/hvac-technician-concussion-settlement,https://www.gjel.com/author/andy,Andy Gillin,boiler-class,False,https://www.gjel.com,200,1
https://www.gjel.com/archives/incident-in-littleton-reminds-cyclists-to-always-exercise-caution,https://www.gjel.com/author/andy,Andy Gillin,boiler-class,False,https://www.gjel.com,200,1
https://www.gjel.com/archives/injuries-in-a-rollover-accident-in-fresno,https://www.gjel.com/author/andy,Andy Gillin,boiler-class,False,https://www.gjel.com,200,1
https://www.gjel.com/archives/lane-splitting-100k-settlement-in-alameda-county,https://www.gjel.com/author/andy,Andy Gillin,boiler-class,False,https://www.gjel.com,200,1
https://www.gjel.com/archives/law-students-no-job-try-suing-your-school,https://www.gjel.com/author/andy,Andy Gillin,boiler-class,False,https://www.gjel.com,200,1
https://www.gjel.com/archives/list-of-fatal-san-francisco-pedestrian-accidents-2011,https://www.gjel.com/author/andy,Andy Gillin,boiler-class,False,https://www.gjel.com,200,1
https://www.gjel.com/archives/louisiana-considers-cutting-tulane-university-environmental-law-clinic-funding,https://www.gjel.com/author/andy,Andy Gillin,boiler-class,False,https://www.gjel.com,200,1
https://www.gjel.com/archives/major-injury-crash-on-i-80-in-fairfield,https://www.gjel.com/author/andy,Andy Gillin,boiler-class,False,https://www.gjel.com,200,1
https://www.gjel.com/archives/major-injury-crash-on-us-101-on-ramp-in-salinas,https://www.gjel.com/author/andy,Andy Gillin,boiler-class,False,https://www.gjel.com,200,1
https://www.gjel.com/archives/man-hospitalized-after-a-motorcycle-accident,https://www.gjel.com/author/andy,Andy Gillin,boiler-class,False,https://www.gjel.com,200,1
https://www.gjel.com/archives/man-injured-in-a-motorcycle-accident,https://www.gjel.com/author/andy,Andy Gillin,boiler-class,False,https://www.gjel.com,200,1
https://www.gjel.com/archives/mandatory-helmet-law-gutted-now-what,https://www.gjel.com/author/andy,Andy Gillin,boiler-class,False,https://www.gjel.com,200,1
https://www.gjel.com/archives/minor-injuries-u-turn-crash-in-yuba-county,https://www.gjel.com/author/andy,Andy Gillin,boiler-class,False,https://www.gjel.com,200,1
https://www.gjel.com/archives/more-taxis-in-san-francisco-equals-fewer-cars-safer-streets,https://www.gjel.com/author/andy,Andy Gillin,boiler-class,False,https://www.gjel.com,200,1
https://www.gjel.com/archives/motorcycle-accident-300k-settlement,https://www.gjel.com/author/andy,Andy Gillin,boiler-class,False,https://www.gjel.com,200,1
https://www.gjel.com/archives/motorcycle-accident-in-fresno,https://www.gjel.com/author/andy,Andy Gillin,boiler-class,False,https://www.gjel.com,200,1
https://www.gjel.com/archives/motorcycle-accident-in-napa-200k-settlement,https://www.gjel.com/author/andy,Andy Gillin,boiler-class,False,https://www.gjel.com,200,1
https://www.gjel.com/archives/motorcycle-accident-settlement-in-marin-county,https://www.gjel.com/author/andy,Andy Gillin,boiler-class,False,https://www.gjel.com,200,1
https://www.gjel.com/archives/motorcyclist-killed-in-suspected-fatal-dui-collision,https://www.gjel.com/author/andy,Andy Gillin,boiler-class,False,https://www.gjel.com,200,1
https://www.gjel.com/archives/motorist-strikes-cyclist-threatens-to-sue-for-damage-to-vehicle,https://www.gjel.com/author/andy,Andy Gillin,boiler-class,False,https://www.gjel.com,200,1
https://www.gjel.com/archives/multi-vehicle-collision-causes-extensive-delays,https://www.gjel.com/author/andy,Andy Gillin,boiler-class,False,https://www.gjel.com,200,1
https://www.gjel.com/archives/multi-vehicle-collision-in-oakland,https://www.gjel.com/author/andy,Andy Gillin,boiler-class,False,https://www.gjel.com,200,1
https://www.gjel.com/archives/multi-vehicle-crash-causes-major-traffic-disruption,https://www.gjel.com/author/andy,Andy Gillin,boiler-class,False,https://www.gjel.com,200,1
https://www.gjel.com/archives/multi-vehicle-crash-in-san-francisco,https://www.gjel.com/author/andy,Andy Gillin,boiler-class,False,https://www.gjel.com,200,1
https://www.gjel.com/archives/multi-vehicle-crash-leaves-several-injured,https://www.gjel.com/author/andy,Andy Gillin,boiler-class,False,https://www.gjel.com,200,1
https://www.gjel.com/archives/multi-vehicle-crash-sacramento,https://www.gjel.com/author/andy,Andy Gillin,boiler-class,False,https://www.gjel.com,200,1
https://www.gjel.com/archives/multi-vehicle-traffic-accident-injures-people,https://www.gjel.com/author/andy,Andy Gillin,boiler-class,False,https://www.gjel.com,200,1
https://www.gjel.com/archives/multiple-injuries-in-modesto-crash,https://www.gjel.com/author/andy,Andy Gillin,boiler-class,False,https://www.gjel.com,200,1
https://www.gjel.com/archives/napa-construction-zone-accident-leaves-man-hospitalized,https://www.gjel.com/author/andy,Andy Gillin,boiler-class,False,https://www.gjel.com,200,1
https://www.gjel.com/archives/new-distracted-driving-gizmo-could-make-it-easier-to-text,https://www.gjel.com/author/andy,Andy Gillin,boiler-class,False,https://www.gjel.com,200,1
https://www.gjel.com/archives/oakland-police-car-crash,https://www.gjel.com/author/andy,Andy Gillin,boiler-class,False,https://www.gjel.com,200,1
https://www.gjel.com/archives/pedestrian-accident-claims-life-in-stockton,https://www.gjel.com/author/andy,Andy Gillin,boiler-class,False,https://www.gjel.com,200,1
https://www.gjel.com/archives/pedestrian-accident-injuries-in-sacramento,https://www.gjel.com/author/andy,Andy Gillin,boiler-class,False,https://www.gjel.com,200,1
https://www.gjel.com/archives/pedestrian-injury-settlement-in-walnut-creek,https://www.gjel.com/author/andy,Andy Gillin,boiler-class,False,https://www.gjel.com,200,1
https://www.gjel.com/archives/pedestrians-dying-at-disproportionate-rates-in-americas-poorer-neighborhoods,https://www.gjel.com/author/andy,Andy Gillin,boiler-class,False,https://www.gjel.com,200,1
https://www.gjel.com/archives/pediatrics-organization-alters-car-seat-advice-to-reduce-accident-injuries-and-fatalities,https://www.gjel.com/author/andy,Andy Gillin,boiler-class,False,https://www.gjel.com,200,1
https://www.gjel.com/archives/personal-injury-plaintiff-ordered-to-reveal-facebook-data,https://www.gjel.com/author/andy,Andy Gillin,boiler-class,False,https://www.gjel.com,200,1
https://www.gjel.com/archives/pge-san-bruno-pipeline-explosion-lawsuits-blame,https://www.gjel.com/author/andy,Andy Gillin,boiler-class,False,https://www.gjel.com,200,1
https://www.gjel.com/archives/pleasant-hill-california-launches-plan-to-reduce-pedestrian-bicycle-accidents,https://www.gjel.com/author/andy,Andy Gillin,boiler-class,False,https://www.gjel.com,200,1
https://www.gjel.com/archives/portland-continues-to-invest-in-biking-amid-ongoing-budget-constraints,https://www.gjel.com/author/andy,Andy Gillin,boiler-class,False,https://www.gjel.com,200,1
https://www.gjel.com/archives/post-office-building-crash-in-san-jose,https://www.gjel.com/author/andy,Andy Gillin,boiler-class,False,https://www.gjel.com,200,1
https://www.gjel.com/archives/pregnant-woman-dies-in-san-jose-fatal-collision,https://www.gjel.com/author/andy,Andy Gillin,boiler-class,False,https://www.gjel.com,200,1
https://www.gjel.com/archives/rear-end-collision-in-mountain-view,https://www.gjel.com/author/andy,Andy Gillin,boiler-class,False,https://www.gjel.com,200,1
https://www.gjel.com/archives/rear-end-settlement-100k-in-oakley,https://www.gjel.com/author/andy,Andy Gillin,boiler-class,False,https://www.gjel.com,200,1
https://www.gjel.com/archives/redwood-city-fatal-pedestrian-accident,https://www.gjel.com/author/andy,Andy Gillin,boiler-class,False,https://www.gjel.com,200,1
https://www.gjel.com/archives/sacramento-bicycle-accident-cyclist-safety-awareness,https://www.gjel.com/author/andy,Andy Gillin,boiler-class,False,https://www.gjel.com,200,1
https://www.gjel.com/archives/sacramento-bicycle-accident-cyclist-struck,https://www.gjel.com/author/andy,Andy Gillin,boiler-class,False,https://www.gjel.com,200,1
https://www.gjel.com/archives/sacramento-pedestrian-hit-and-run,https://www.gjel.com/author/andy,Andy Gillin,boiler-class,False,https://www.gjel.com,200,1
https://www.gjel.com/archives/safety-light-offers-cyclists-moving-diy-bike-lane,https://www.gjel.com/author/andy,Andy Gillin,boiler-class,False,https://www.gjel.com,200,1
https://www.gjel.com/archives/san-francisco-pedestrian-accident-death-highlights-urgent-street-safety-need,https://www.gjel.com/author/andy,Andy Gillin,boiler-class,False,https://www.gjel.com,200,1
https://www.gjel.com/archives/san-francisco-pedestrian-accident-death-proves-need-for-masonic-avenue-safety-plan,https://www.gjel.com/author/andy,Andy Gillin,boiler-class,False,https://www.gjel.com,200,1
https://www.gjel.com/archives/san-jose-traffic-sensors-bike-motorcycle-safety,https://www.gjel.com/author/andy,Andy Gillin,boiler-class,False,https://www.gjel.com,200,1
https://www.gjel.com/archives/santa-cruz-fatal-pedestrian-accident,https://www.gjel.com/author/andy,Andy Gillin,boiler-class,False,https://www.gjel.com,200,1
https://www.gjel.com/archives/santa-rosa-dui-accident-legal-rights-victims,https://www.gjel.com/author/andy,Andy Gillin,boiler-class,False,https://www.gjel.com,200,1
https://www.gjel.com/archives/scooter-accident-100k-settlement-in-brentwood,https://www.gjel.com/author/andy,Andy Gillin,boiler-class,False,https://www.gjel.com,200,1
https://www.gjel.com/archives/semi-truck-collision-leaves-two-with-major-injuries,https://www.gjel.com/author/andy,Andy Gillin,boiler-class,False,https://www.gjel.com,200,1
https://www.gjel.com/archives/sf-muni-turns-100-with-weeklong-celebration,https://www.gjel.com/author/andy,Andy Gillin,boiler-class,False,https://www.gjel.com,200,1
https://www.gjel.com/archives/should-school-buses-have-seat-belts-crash-in-indianapolis-renews-debate,https://www.gjel.com/author/andy,Andy Gillin,boiler-class,False,https://www.gjel.com,200,1
https://www.gjel.com/archives/should-sf-police-set-up-distracted-driving-stings,https://www.gjel.com/author/andy,Andy Gillin,boiler-class,False,https://www.gjel.com,200,1
https://www.gjel.com/archives/slough-crash-in-stockton,https://www.gjel.com/author/andy,Andy Gillin,boiler-class,False,https://www.gjel.com,200,1
https://www.gjel.com/archives/stanford-university-student-killed-in-bicycle-accident,https://www.gjel.com/author/andy,Andy Gillin,boiler-class,False,https://www.gjel.com,200,1
https://www.gjel.com/archives/the-long-road-to-recovery-understanding-the-rehabilitation-process-after-a-catastrophic-injury,https://www.gjel.com/author/andy,Andy Gillin,boiler-class,False,https://www.gjel.com,200,1
https://www.gjel.com/archives/three-injured-in-fiery-two-vehicle-crash-at-oakdale-intersection,https://www.gjel.com/author/andy,Andy Gillin,boiler-class,False,https://www.gjel.com,200,1
https://www.gjel.com/archives/three-vehicle-accident-on-highway-242-near-concord-avenue-injures-one,https://www.gjel.com/author/andy,Andy Gillin,boiler-class,False,https://www.gjel.com,200,1
https://www.gjel.com/archives/tracy-traffic-collision-leaves-four-people-injured,https://www.gjel.com/author/andy,Andy Gillin,boiler-class,False,https://www.gjel.com,200,1
https://www.gjel.com/archives/tragic-collision-claims-four-lives-on-state-route-165-in-stanislaus-county,https://www.gjel.com/author/andy,Andy Gillin,boiler-class,False,https://www.gjel.com,200,1
https://www.gjel.com/archives/tragic-fireworks-facility-explosion-in-esparto,https://www.gjel.com/author/andy,Andy Gillin,boiler-class,False,https://www.gjel.com,200,1
https://www.gjel.com/archives/tragic-head-on-crash-claims-two-lives-injures-four,https://www.gjel.com/author/andy,Andy Gillin,boiler-class,False,https://www.gjel.com,200,1
https://www.gjel.com/archives/train-safety-and-trespassing-recent-amtrak-tragic-incident-highlights-ongoing-safety-concerns,https://www.gjel.com/author/andy,Andy Gillin,boiler-class,False,https://www.gjel.com,200,1
https://www.gjel.com/archives/two-vehicle-collision-causes-traffic-disruptions,https://www.gjel.com/author/andy,Andy Gillin,boiler-class,False,https://www.gjel.com,200,1
https://www.gjel.com/archives/two-vehicle-crash-in-rancho-cordova,https://www.gjel.com/author/andy,Andy Gillin,boiler-class,False,https://www.gjel.com,200,1
https://www.gjel.com/archives/two-vehicle-crash-injures-one-in-oakland,https://www.gjel.com/author/andy,Andy Gillin,boiler-class,False,https://www.gjel.com,200,1
https://www.gjel.com/archives/two-vehicle-crash-injuries-in-rancho-cordova,https://www.gjel.com/author/andy,Andy Gillin,boiler-class,False,https://www.gjel.com,200,1
https://www.gjel.com/archives/volvo-designs-external-vehicle-airbags-to-help-increase-pedestrian-safety,https://www.gjel.com/author/andy,Andy Gillin,boiler-class,False,https://www.gjel.com,200,1
https://www.gjel.com/archives/what-stravas-pending-lawsuit-could-mean-for-the-company-and-its-users,https://www.gjel.com/author/andy,Andy Gillin,boiler-class,False,https://www.gjel.com,200,1
https://www.gjel.com/archives/woodland-california-bicycle-accident,https://www.gjel.com/author/andy,Andy Gillin,boiler-class,False,https://www.gjel.com,200,1
https://www.gjel.com/archives/world-naked-bike-ride-aims-to-promote-greener-communities-and-safer-streets-for-cyclists,https://www.gjel.com/author/andy,Andy Gillin,boiler-class,False,https://www.gjel.com,200,1
https://www.gjel.com/archives/would-automotive-black-boxes-clarify-car-accident-lawsuits,https://www.gjel.com/author/andy,Andy Gillin,boiler-class,False,https://www.gjel.com,200,1
https://www.gjel.com/archives/wrongful-death-settlement-2-2m-in-dublin,https://www.gjel.com/author/andy,Andy Gillin,boiler-class,False,https://www.gjel.com,200,1
https://www.gjel.com/archives/young-cyclist-hospitalized-in-a-bicycle-accident,https://www.gjel.com/author/andy,Andy Gillin,boiler-class,False,https://www.gjel.com,200,1
https://www.gjel.com/archives/young-lives-at-risk-underage-drinking-and-driving-in-concord,https://www.gjel.com/author/andy,Andy Gillin,boiler-class,False,https://www.gjel.com,200,1
https://www.gjel.com/back-injury-attorneys,https://www.gjel.com/author/andy,Andrew (Andy) R. Gillin,content,False,https://www.gjel.com,200,1
https://www.gjel.com/blog/10-biggest-personal-injury-settlements,https://www.gjel.com/author/andy,Andy Gillin,boiler-class,False,https://www.gjel.com,200,1
https://www.gjel.com/blog/16-year-old-girl-killed-in-dui-crash,https://www.gjel.com/author/andy,Andy Gillin,boiler-class,False,https://www.gjel.com,200,1
https://www.gjel.com/blog/19-year-old-woman-dies-in-fatal-big-rig-collision,https://www.gjel.com/author/andy,Andy Gillin,boiler-class,False,https://www.gjel.com,200,1
https://www.gjel.com/blog/3-killed-in-oakland-crash-speeding-pickup-truck,https://www.gjel.com/author/andy,Andy Gillin,boiler-class,False,https://www.gjel.com,200,1
https://www.gjel.com/blog/3-year-old-child-hospitalized-after-construction-truck-accident,https://www.gjel.com/author/andy,Andy Gillin,boiler-class,False,https://www.gjel.com,200,1
https://www.gjel.com/blog/a-fatal-head-on-collision-kills-one,https://www.gjel.com/author/andy,Andy Gillin,boiler-class,False,https://www.gjel.com,200,1
https://www.gjel.com/blog/accident-prone-constantly-covered-in-bruises-or-visiting-the-er-see-if-your-name-makes-it-onto-our-list-of-americas-clumsiest-names,https://www.gjel.com/author/andy,Andy Gillin,boiler-class,False,https://www.gjel.com,200,1
https://www.gjel.com/blog/adverse-reckless-driver-ran-red-light-resulting-in-100000-settlement,https://www.gjel.com/author/andy,Andy Gillin,boiler-class,False,https://www.gjel.com,200,1
https://www.gjel.com/blog/antioch-woman-killed-ejected-single-vehicle-crash,https://www.gjel.com/author/andy,Andy Gillin,boiler-class,False,https://www.gjel.com,200,1
https://www.gjel.com/blog/arden-arcade-motorcycle-accident-major-injuries,https://www.gjel.com/author/andy,Andy Gillin,boiler-class,False,https://www.gjel.com,200,1
https://www.gjel.com/blog/atv-driver-killed-in-rear-end-crash,https://www.gjel.com/author/andy,Andy Gillin,boiler-class,False,https://www.gjel.com,200,1
https://www.gjel.com/blog/atv-rider-killed-in-rear-end-collision,https://www.gjel.com/author/andy,Andy Gillin,boiler-class,False,https://www.gjel.com,200,1
https://www.gjel.com/blog/basketball-named-the-most-dangerous-sport-in-america,https://www.gjel.com/author/andy,Andy Gillin,boiler-class,False,https://www.gjel.com,200,1
https://www.gjel.com/blog/bicycle-accident-bicyclist-seriously-injured,https://www.gjel.com/author/andy,Andy Gillin,boiler-class,False,https://www.gjel.com,200,1
https://www.gjel.com/blog/bicycle-accident-on-rural-marin-county-road,https://www.gjel.com/author/andy,Andy Gillin,boiler-class,False,https://www.gjel.com,200,1
https://www.gjel.com/blog/bicycle-crash-bicyclist-suffers-major-injuries,https://www.gjel.com/author/andy,Andy Gillin,boiler-class,False,https://www.gjel.com,200,1
https://www.gjel.com/blog/bicyclist-killed-industrial-harbor-boulevard,https://www.gjel.com/author/andy,Andy Gillin,boiler-class,False,https://www.gjel.com,200,1
https://www.gjel.com/blog/boat-crash-injures-six-during-fishing-competition,https://www.gjel.com/author/andy,Andy Gillin,boiler-class,False,https://www.gjel.com,200,1
https://www.gjel.com/blog/box-truck-accident-injures-multiple-parties,https://www.gjel.com/author/andy,Andy Gillin,boiler-class,False,https://www.gjel.com,200,1
https://www.gjel.com/blog/chain-reaction-crash-multi-vehicle-collision,https://www.gjel.com/author/andy,Andy Gillin,boiler-class,False,https://www.gjel.com,200,1
https://www.gjel.com/blog/child-critical-condition-after-bicycle-accident,https://www.gjel.com/author/andy,Andy Gillin,boiler-class,False,https://www.gjel.com,200,1
https://www.gjel.com/blog/child-dies-at-after-school-program-tragedy,https://www.gjel.com/author/andy,Andy Gillin,boiler-class,False,https://www.gjel.com,200,1
https://www.gjel.com/blog/cyclist-injured-in-morning-bicycle-accident,https://www.gjel.com/author/andy,Andy Gillin,boiler-class,False,https://www.gjel.com,200,1
https://www.gjel.com/blog/davis-e-bike-and-bicycle-collision-accident,https://www.gjel.com/author/andy,Andy Gillin,boiler-class,False,https://www.gjel.com,200,1
https://www.gjel.com/blog/deadly-accident-after-car-plunges-off-dock,https://www.gjel.com/author/andy,Andy Gillin,boiler-class,False,https://www.gjel.com,200,1
https://www.gjel.com/blog/deadly-head-on-collision-kills-one-injures-five,https://www.gjel.com/author/andy,Andy Gillin,boiler-class,False,https://www.gjel.com,200,1
https://www.gjel.com/blog/deadly-lake-tahoe-boat-accident-6-dead-2-missing,https://www.gjel.com/author/andy,Andy Gillin,boiler-class,False,https://www.gjel.com,200,1
https://www.gjel.com/blog/driver-killed-in-christmas-eve-single-vehicle-crash,https://www.gjel.com/author/andy,Andy Gillin,boiler-class,False,https://www.gjel.com,200,1
https://www.gjel.com/blog/driver-killed-in-fiery-head-on-crash-in-fresno,https://www.gjel.com/author/andy,Andy Gillin,boiler-class,False,https://www.gjel.com,200,1
https://www.gjel.com/blog/drivers-injured-in-two-vehicle-crash,https://www.gjel.com/author/andy,Andy Gillin,boiler-class,False,https://www.gjel.com,200,1
https://www.gjel.com/blog/dui-crash-kills-one-adult-injures-three-children,https://www.gjel.com/author/andy,Andy Gillin,boiler-class,False,https://www.gjel.com,200,1
https://www.gjel.com/blog/dui-driver-arrested-after-fatal-motorcycle-crash,https://www.gjel.com/author/andy,Andy Gillin,boiler-class,False,https://www.gjel.com,200,1
https://www.gjel.com/blog/dui-driver-causes-multi-vehicle-rollover-crash,https://www.gjel.com/author/andy,Andy Gillin,boiler-class,False,https://www.gjel.com,200,1
https://www.gjel.com/blog/dui-driver-kills-pedestrian-in-crosswalk,https://www.gjel.com/author/andy,Andy Gillin,boiler-class,False,https://www.gjel.com,200,1
https://www.gjel.com/blog/dui-driver-kills-pedestrian-in-south-san-jose,https://www.gjel.com/author/andy,Andy Gillin,boiler-class,False,https://www.gjel.com,200,1
https://www.gjel.com/blog/early-morning-bicycle-collision-in-calistoga,https://www.gjel.com/author/andy,Andy Gillin,boiler-class,False,https://www.gjel.com,200,1
https://www.gjel.com/blog/early-morning-crash-claims-pedestrians-life,https://www.gjel.com/author/andy,Andy Gillin,boiler-class,False,https://www.gjel.com,200,1
https://www.gjel.com/blog/fatal-bicycle-accident-claimed-mans-life,https://www.gjel.com/author/andy,Andy Gillin,boiler-class,False,https://www.gjel.com,200,1
https://www.gjel.com/blog/fatal-big-rig-accident-claims-one-life,https://www.gjel.com/author/andy,Andy Gillin,boiler-class,False,https://www.gjel.com,200,1
https://www.gjel.com/blog/fatal-big-rig-crash-in-tracy-claims-truck-drivers-life,https://www.gjel.com/author/andy,Andy Gillin,boiler-class,False,https://www.gjel.com,200,1
https://www.gjel.com/blog/fatal-boating-accident-claims-life-of-a-man,https://www.gjel.com/author/andy,Andy Gillin,boiler-class,False,https://www.gjel.com,200,1
https://www.gjel.com/blog/fatal-chain-reaction-crash-kills-woman,https://www.gjel.com/author/andy,Andy Gillin,boiler-class,False,https://www.gjel.com,200,1
https://www.gjel.com/blog/fatal-christmas-day-collision-in-golden-gate-park-claims-one-life,https://www.gjel.com/author/andy,Andy Gillin,boiler-class,False,https://www.gjel.com,200,1
https://www.gjel.com/blog/fatal-cliff-crash-claims-life-of-santa-rosa-man,https://www.gjel.com/author/andy,Andy Gillin,boiler-class,False,https://www.gjel.com,200,1
https://www.gjel.com/blog/fatal-collision-danville,https://www.gjel.com/author/andy,Andy Gillin,boiler-class,False,https://www.gjel.com,200,1
https://www.gjel.com/blog/fatal-collision-shuts-down-southbound-lanes,https://www.gjel.com/author/andy,Andy Gillin,boiler-class,False,https://www.gjel.com,200,1
https://www.gjel.com/blog/fatal-cow-related-crash,https://www.gjel.com/author/andy,Andy Gillin,boiler-class,False,https://www.gjel.com,200,1
https://www.gjel.com/blog/fatal-crash-claims-one-life-in-willows,https://www.gjel.com/author/andy,Andy Gillin,boiler-class,False,https://www.gjel.com,200,1
https://www.gjel.com/blog/fatal-crash-kills-driver,https://www.gjel.com/author/andy,Andy Gillin,boiler-class,False,https://www.gjel.com,200,1
https://www.gjel.com/blog/fatal-crash-multi-vehicle-crash-kills-one,https://www.gjel.com/author/andy,Andy Gillin,boiler-class,False,https://www.gjel.com,200,1
https://www.gjel.com/blog/fatal-dui-crash-in-lassen-county-claims-life-critically-injures-child,https://www.gjel.com/author/andy,Andy Gillin,boiler-class,False,https://www.gjel.com,200,1
https://www.gjel.com/blog/fatal-dui-crash-in-roseville-claims-life-of-9-year-old-girl-highlights-dangers-of-impaired-driving,https://www.gjel.com/author/andy,Andy Gillin,boiler-class,False,https://www.gjel.com,200,1
https://www.gjel.com/blog/fatal-dui-crash-woman-dies-in-multi-vehicle-collision,https://www.gjel.com/author/andy,Andy Gillin,boiler-class,False,https://www.gjel.com,200,1
https://www.gjel.com/blog/fatal-dui-pedestrian-accident-in-vallejo,https://www.gjel.com/author/andy,Andy Gillin,boiler-class,False,https://www.gjel.com,200,1
https://www.gjel.com/blog/fatal-e-scooter-accident-in-santa-rosa,https://www.gjel.com/author/andy,Andy Gillin,boiler-class,False,https://www.gjel.com,200,1
https://www.gjel.com/blog/fatal-e-scooter-crash-kills-rider-in-morgan-hill,https://www.gjel.com/author/andy,Andy Gillin,boiler-class,False,https://www.gjel.com,200,1
https://www.gjel.com/blog/fatal-early-morning-crash-man-dead,https://www.gjel.com/author/andy,Andy Gillin,boiler-class,False,https://www.gjel.com,200,1
https://www.gjel.com/blog/fatal-freeway-crash-in-north-sacramento,https://www.gjel.com/author/andy,Andy Gillin,boiler-class,False,https://www.gjel.com,200,1
https://www.gjel.com/blog/fatal-head-on-collision-claims-life-in-salinas,https://www.gjel.com/author/andy,Andy Gillin,boiler-class,False,https://www.gjel.com,200,1
https://www.gjel.com/blog/fatal-head-on-collision-claims-one-life-2,https://www.gjel.com/author/andy,Andy Gillin,boiler-class,False,https://www.gjel.com,200,1
https://www.gjel.com/blog/fatal-head-on-collision-in-san-mateo,https://www.gjel.com/author/andy,Andy Gillin,boiler-class,False,https://www.gjel.com,200,1
https://www.gjel.com/blog/fatal-head-on-crash-claims-womans-life,https://www.gjel.com/author/andy,Andy Gillin,boiler-class,False,https://www.gjel.com,200,1
https://www.gjel.com/blog/fatal-head-on-crash-on-leaves-one-dead-two-critically-injured,https://www.gjel.com/author/andy,Andy Gillin,boiler-class,False,https://www.gjel.com,200,1
https://www.gjel.com/blog/fatal-head-on-motorcycle-crash-kills-rider,https://www.gjel.com/author/andy,Andy Gillin,boiler-class,False,https://www.gjel.com,200,1
https://www.gjel.com/blog/fatal-highway-collision-claims-life-of-driver,https://www.gjel.com/author/andy,Andy Gillin,boiler-class,False,https://www.gjel.com,200,1
https://www.gjel.com/blog/fatal-highway-crash-claims-drivers-life,https://www.gjel.com/author/andy,Andy Gillin,boiler-class,False,https://www.gjel.com,200,1
https://www.gjel.com/blog/fatal-highway-crash-kills-man,https://www.gjel.com/author/andy,Andy Gillin,boiler-class,False,https://www.gjel.com,200,1
https://www.gjel.com/blog/fatal-highway-crash-kills-man-on-memorial-day,https://www.gjel.com/author/andy,Andy Gillin,boiler-class,False,https://www.gjel.com,200,1
https://www.gjel.com/blog/fatal-highway-crash-pedestrian-killed,https://www.gjel.com/author/andy,Andy Gillin,boiler-class,False,https://www.gjel.com,200,1
https://www.gjel.com/blog/fatal-hit-and-run-claims-life-of-san-jose-woman,https://www.gjel.com/author/andy,Andy Gillin,boiler-class,False,https://www.gjel.com,200,1
https://www.gjel.com/blog/fatal-hit-and-run-crash-claims-life-of-pedestrian,https://www.gjel.com/author/andy,Andy Gillin,boiler-class,False,https://www.gjel.com,200,1
https://www.gjel.com/blog/fatal-hit-and-run-pedestrian-crash-kills-one,https://www.gjel.com/author/andy,Andy Gillin,boiler-class,False,https://www.gjel.com,200,1
https://www.gjel.com/blog/fatal-hit-and-run-understanding-dui-related-traffic-deaths,https://www.gjel.com/author/andy,Andy Gillin,boiler-class,False,https://www.gjel.com,200,1
https://www.gjel.com/blog/fatal-motorcycle-accident-at-golden-gate-bridge-claims-life-of-rider,https://www.gjel.com/author/andy,Andy Gillin,boiler-class,False,https://www.gjel.com,200,1
https://www.gjel.com/blog/fatal-motorcycle-accident-claims-one-life,https://www.gjel.com/author/andy,Andy Gillin,boiler-class,False,https://www.gjel.com,200,1
https://www.gjel.com/blog/fatal-motorcycle-accident-claims-womans-life,https://www.gjel.com/author/andy,Andy Gillin,boiler-class,False,https://www.gjel.com,200,1
https://www.gjel.com/blog/fatal-motorcycle-accident-in-willow-glen-crash,https://www.gjel.com/author/andy,Andy Gillin,boiler-class,False,https://www.gjel.com,200,1
https://www.gjel.com/blog/fatal-motorcycle-collision-claims-life-of-teen-rider-in-pleasant-hill,https://www.gjel.com/author/andy,Andy Gillin,boiler-class,False,https://www.gjel.com,200,1
https://www.gjel.com/blog/fatal-motorcycle-collision-with-an-suv-in-concord,https://www.gjel.com/author/andy,Andy Gillin,boiler-class,False,https://www.gjel.com,200,1
https://www.gjel.com/blog/fatal-motorcycle-crash-in-fairfield-claims-one-life,https://www.gjel.com/author/andy,Andy Gillin,boiler-class,False,https://www.gjel.com,200,1
https://www.gjel.com/blog/fatal-motorcycle-crash-kills-oakland-man,https://www.gjel.com/author/andy,Andy Gillin,boiler-class,False,https://www.gjel.com,200,1
https://www.gjel.com/blog/fatal-motorcycle-crash-leaves-rider-dead-at-scene,https://www.gjel.com/author/andy,Andy Gillin,boiler-class,False,https://www.gjel.com,200,1
https://www.gjel.com/blog/fatal-motorcycle-crash-motorcyclist-killed,https://www.gjel.com/author/andy,Andy Gillin,boiler-class,False,https://www.gjel.com,200,1
https://www.gjel.com/blog/fatal-motorcycle-crash-rider-killed,https://www.gjel.com/author/andy,Andy Gillin,boiler-class,False,https://www.gjel.com,200,1
https://www.gjel.com/blog/fatal-multi-vehicle-collision-claims-one-life,https://www.gjel.com/author/andy,Andy Gillin,boiler-class,False,https://www.gjel.com,200,1
https://www.gjel.com/blog/fatal-multi-vehicle-crash-kills-one,https://www.gjel.com/author/andy,Andy Gillin,boiler-class,False,https://www.gjel.com,200,1
https://www.gjel.com/blog/fatal-pedestrian-accident-claimed-life,https://www.gjel.com/author/andy,Andy Gillin,boiler-class,False,https://www.gjel.com,200,1
https://www.gjel.com/blog/fatal-pedestrian-accident-in-antioch,https://www.gjel.com/author/andy,Andy Gillin,boiler-class,False,https://www.gjel.com,200,1
https://www.gjel.com/blog/fatal-pedestrian-accident-in-hayward-2,https://www.gjel.com/author/andy,Andy Gillin,boiler-class,False,https://www.gjel.com,200,1
https://www.gjel.com/blog/fatal-pedestrian-accident-in-pajaro-claims-life-on-salinas-road,https://www.gjel.com/author/andy,Andy Gillin,boiler-class,False,https://www.gjel.com,200,1
https://www.gjel.com/blog/fatal-pedestrian-accident-in-redwood-city,https://www.gjel.com/author/andy,Andy Gillin,boiler-class,False,https://www.gjel.com,200,1
https://www.gjel.com/blog/fatal-pedestrian-accident-in-sacramento-5,https://www.gjel.com/author/andy,Andy Gillin,boiler-class,False,https://www.gjel.com,200,1
https://www.gjel.com/blog/fatal-pedestrian-accident-in-san-joaquin-county-highlights-road-safety-concerns,https://www.gjel.com/author/andy,Andy Gillin,boiler-class,False,https://www.gjel.com,200,1
https://www.gjel.com/blog/fatal-pedestrian-accident-in-san-mateo,https://www.gjel.com/author/andy,Andy Gillin,boiler-class,False,https://www.gjel.com,200,1
https://www.gjel.com/blog/fatal-pedestrian-accident-kills-man-in-his-40s,https://www.gjel.com/author/andy,Andy Gillin,boiler-class,False,https://www.gjel.com,200,1
https://www.gjel.com/blog/fatal-pedestrian-accident-leaves-one-dead-another-critically-injured,https://www.gjel.com/author/andy,Andy Gillin,boiler-class,False,https://www.gjel.com,200,1
https://www.gjel.com/blog/fatal-pedestrian-crash-claims-mans-life,https://www.gjel.com/author/andy,Andy Gillin,boiler-class,False,https://www.gjel.com,200,1
https://www.gjel.com/blog/fatal-pedestrian-crash-claims-womans-life,https://www.gjel.com/author/andy,Andy Gillin,boiler-class,False,https://www.gjel.com,200,1
https://www.gjel.com/blog/fatal-pedestrian-crash-man-dead,https://www.gjel.com/author/andy,Andy Gillin,boiler-class,False,https://www.gjel.com,200,1
https://www.gjel.com/blog/fatal-pleasant-hill-crash-incident-grayson-road-updates,https://www.gjel.com/author/andy,Andy Gillin,boiler-class,False,https://www.gjel.com,200,1
https://www.gjel.com/blog/fatal-rear-end-collision-on-hayward-bridge-claims-one-life,https://www.gjel.com/author/andy,Andy Gillin,boiler-class,False,https://www.gjel.com,200,1
https://www.gjel.com/blog/fatal-redding-rollover-crash-woman-killed,https://www.gjel.com/author/andy,Andy Gillin,boiler-class,False,https://www.gjel.com,200,1
https://www.gjel.com/blog/fatal-rollover-collision-in-livermore,https://www.gjel.com/author/andy,Andy Gillin,boiler-class,False,https://www.gjel.com,200,1
https://www.gjel.com/blog/fatal-rollover-crash-claims-life-of-19-year-old,https://www.gjel.com/author/andy,Andy Gillin,boiler-class,False,https://www.gjel.com,200,1
https://www.gjel.com/blog/fatal-rollover-crash-claims-young-drivers-life,https://www.gjel.com/author/andy,Andy Gillin,boiler-class,False,https://www.gjel.com,200,1
https://www.gjel.com/blog/fatal-scooter-accident-kills-rider,https://www.gjel.com/author/andy,Andy Gillin,boiler-class,False,https://www.gjel.com,200,1
https://www.gjel.com/blog/fatal-scott-road-crash-kills-two-teen-girls,https://www.gjel.com/author/andy,Andy Gillin,boiler-class,False,https://www.gjel.com,200,1
https://www.gjel.com/blog/fatal-semi-truck-crash-claims-life,https://www.gjel.com/author/andy,Andy Gillin,boiler-class,False,https://www.gjel.com,200,1
https://www.gjel.com/blog/fatal-single-vehicle-crash-at-sr-121,https://www.gjel.com/author/andy,Andy Gillin,boiler-class,False,https://www.gjel.com,200,1
https://www.gjel.com/blog/fatal-single-vehicle-crash-claims-life,https://www.gjel.com/author/andy,Andy Gillin,boiler-class,False,https://www.gjel.com,200,1
https://www.gjel.com/blog/fatal-single-vehicle-crash-claims-life-of-fair-oaks-woman,https://www.gjel.com/author/andy,Andy Gillin,boiler-class,False,https://www.gjel.com,200,1
https://www.gjel.com/blog/fatal-single-vehicle-crash-claims-mans-life,https://www.gjel.com/author/andy,Andy Gillin,boiler-class,False,https://www.gjel.com,200,1
https://www.gjel.com/blog/fatal-single-vehicle-crash-claims-womans-life,https://www.gjel.com/author/andy,Andy Gillin,boiler-class,False,https://www.gjel.com,200,1
https://www.gjel.com/blog/fatal-single-vehicle-crash-in-a-rice-field-under-investigation,https://www.gjel.com/author/andy,Andy Gillin,boiler-class,False,https://www.gjel.com,200,1
https://www.gjel.com/blog/fatal-single-vehicle-crash-in-elk-grove,https://www.gjel.com/author/andy,Andy Gillin,boiler-class,False,https://www.gjel.com,200,1
https://www.gjel.com/blog/fatal-single-vehicle-crash-kills-chico-man,https://www.gjel.com/author/andy,Andy Gillin,boiler-class,False,https://www.gjel.com,200,1
https://www.gjel.com/blog/fatal-single-vehicle-crash-kills-driver,https://www.gjel.com/author/andy,Andy Gillin,boiler-class,False,https://www.gjel.com,200,1
https://www.gjel.com/blog/fatal-single-vehicle-crash-kills-passenger,https://www.gjel.com/author/andy,Andy Gillin,boiler-class,False,https://www.gjel.com,200,1
https://www.gjel.com/blog/fatal-single-vehicle-crash-kills-salinas-man,https://www.gjel.com/author/andy,Andy Gillin,boiler-class,False,https://www.gjel.com,200,1
https://www.gjel.com/blog/fatal-single-vehicle-rollover-crash-near-gonzales-injures-multiple-occupants-including-infant,https://www.gjel.com/author/andy,Andy Gillin,boiler-class,False,https://www.gjel.com,200,1
https://www.gjel.com/blog/fatal-solo-vehicle-crash-claims-womans-life,https://www.gjel.com/author/andy,Andy Gillin,boiler-class,False,https://www.gjel.com,200,1
https://www.gjel.com/blog/fatal-suv-crash-claims-one-life-on-memorial-day,https://www.gjel.com/author/andy,Andy Gillin,boiler-class,False,https://www.gjel.com,200,1
https://www.gjel.com/blog/fatal-tracy-ca-accident-dui-driver-causes-deadly-head-on-crash-on-sr-4,https://www.gjel.com/author/andy,Andy Gillin,boiler-class,False,https://www.gjel.com,200,1
https://www.gjel.com/blog/fatal-traffic-accident-claims-life-of-elderly-man,https://www.gjel.com/author/andy,Andy Gillin,boiler-class,False,https://www.gjel.com,200,1
https://www.gjel.com/blog/fatal-traffic-accident-understanding-your-rights,https://www.gjel.com/author/andy,Andy Gillin,boiler-class,False,https://www.gjel.com,200,1
https://www.gjel.com/blog/fatal-traffic-crash-claims-drivers-life,https://www.gjel.com/author/andy,Andy Gillin,boiler-class,False,https://www.gjel.com,200,1
https://www.gjel.com/blog/fatal-two-vehicle-collision-in-stockton-leaves-one-dead-another-injured,https://www.gjel.com/author/andy,Andy Gillin,boiler-class,False,https://www.gjel.com,200,1
https://www.gjel.com/blog/fatal-two-vehicle-collision-on-highway-4,https://www.gjel.com/author/andy,Andy Gillin,boiler-class,False,https://www.gjel.com,200,1
https://www.gjel.com/blog/fatal-two-vehicle-crash-in-morgan-hill-claims-one-life,https://www.gjel.com/author/andy,Andy Gillin,boiler-class,False,https://www.gjel.com,200,1
https://www.gjel.com/blog/fatal-two-vehicle-crash-kills-one-injures-two,https://www.gjel.com/author/andy,Andy Gillin,boiler-class,False,https://www.gjel.com,200,1
https://www.gjel.com/blog/fatal-vehicle-fire-crash-claimed-life,https://www.gjel.com/author/andy,Andy Gillin,boiler-class,False,https://www.gjel.com,200,1
https://www.gjel.com/blog/fiery-single-vehicle-crash,https://www.gjel.com/author/andy,Andy Gillin,boiler-class,False,https://www.gjel.com,200,1
https://www.gjel.com/blog/five-hospitalized-after-t-bone-collision,https://www.gjel.com/author/andy,Andy Gillin,boiler-class,False,https://www.gjel.com,200,1
https://www.gjel.com/blog/five-injured-in-multi-vehicle-crash,https://www.gjel.com/author/andy,Andy Gillin,boiler-class,False,https://www.gjel.com,200,1
https://www.gjel.com/blog/fleeing-driver-causes-fatal-crash-in-san-jose,https://www.gjel.com/author/andy,Andy Gillin,boiler-class,False,https://www.gjel.com,200,1
https://www.gjel.com/blog/four-killed-in-devastating-head-on-crash,https://www.gjel.com/author/andy,Andy Gillin,boiler-class,False,https://www.gjel.com,200,1
https://www.gjel.com/blog/fremont-bicycle-accident-kills-man,https://www.gjel.com/author/andy,Andy Gillin,boiler-class,False,https://www.gjel.com,200,1
https://www.gjel.com/blog/fresno-motorcycle-accident,https://www.gjel.com/author/andy,Andy Gillin,boiler-class,False,https://www.gjel.com,200,1
https://www.gjel.com/blog/granite-bay-head-on-collision-blocks-traffic,https://www.gjel.com/author/andy,Andy Gillin,boiler-class,False,https://www.gjel.com,200,1
https://www.gjel.com/blog/high-speed-crash-leaves-driver-in-critical-condition,https://www.gjel.com/author/andy,Andy Gillin,boiler-class,False,https://www.gjel.com,200,1
https://www.gjel.com/blog/hit-and-run-collision-leaves-victim-without-compensation,https://www.gjel.com/author/andy,Andy Gillin,boiler-class,False,https://www.gjel.com,200,1
https://www.gjel.com/blog/hit-and-run-crash-on-highway-70-at-palermo-road,https://www.gjel.com/author/andy,Andy Gillin,boiler-class,False,https://www.gjel.com,200,1
https://www.gjel.com/blog/hit-and-run-driver-crashes-into-rancho-cordova-structural-damage,https://www.gjel.com/author/andy,Andy Gillin,boiler-class,False,https://www.gjel.com,200,1
https://www.gjel.com/blog/how-is-the-trauma-center-at-santa-clara-valley-medical-center-for-serious-injuries,https://www.gjel.com/author/andy,Andy Gillin,boiler-class,False,https://www.gjel.com,200,1
https://www.gjel.com/blog/how-to-support-an-accident-victim-tips-for-friends-and-family,https://www.gjel.com/author/andy,Andy Gillin,boiler-class,False,https://www.gjel.com,200,1
https://www.gjel.com/blog/impaired-driver-causes-crash-injuring-pregnant-woman,https://www.gjel.com/author/andy,Andy Gillin,boiler-class,False,https://www.gjel.com,200,1
https://www.gjel.com/blog/injury-accident-at-east-laurel-drive-and-linwood-drive-in-salinas,https://www.gjel.com/author/andy,Andy Gillin,boiler-class,False,https://www.gjel.com,200,1
https://www.gjel.com/blog/injury-reported-after-multi-vehicle-collision,https://www.gjel.com/author/andy,Andy Gillin,boiler-class,False,https://www.gjel.com,200,1
https://www.gjel.com/blog/juvenile-killed-in-fatal-e-bike-crash,https://www.gjel.com/author/andy,Andy Gillin,boiler-class,False,https://www.gjel.com,200,1
https://www.gjel.com/blog/juveniles-seriously-injured-in-e-bike-collision,https://www.gjel.com/author/andy,Andy Gillin,boiler-class,False,https://www.gjel.com,200,1
https://www.gjel.com/blog/largest-class-action-settlements,https://www.gjel.com/author/andy,Andy Gillin,boiler-class,False,https://www.gjel.com,200,1
https://www.gjel.com/blog/legal-documentary-films,https://www.gjel.com/author/andy,Andy Gillin,boiler-class,False,https://www.gjel.com,200,1
https://www.gjel.com/blog/los-altos-multi-vehicle-crash,https://www.gjel.com/author/andy,Andy Gillin,boiler-class,False,https://www.gjel.com,200,1
https://www.gjel.com/blog/major-injury-collision-on-pepperweed-road,https://www.gjel.com/author/andy,Andy Gillin,boiler-class,False,https://www.gjel.com,200,1
https://www.gjel.com/blog/major-injury-collision-semi-truck-strikes-sedan,https://www.gjel.com/author/andy,Andy Gillin,boiler-class,False,https://www.gjel.com,200,1
https://www.gjel.com/blog/major-injury-crash-involving-two-commercial-trucks,https://www.gjel.com/author/andy,Andy Gillin,boiler-class,False,https://www.gjel.com,200,1
https://www.gjel.com/blog/major-injury-crash-leaves-multiple-victims-injured,https://www.gjel.com/author/andy,Andy Gillin,boiler-class,False,https://www.gjel.com,200,1
https://www.gjel.com/blog/major-injury-crash-school-bus-collision-in-fresno,https://www.gjel.com/author/andy,Andy Gillin,boiler-class,False,https://www.gjel.com,200,1
https://www.gjel.com/blog/major-injury-crash-sends-one-to-the-hospital,https://www.gjel.com/author/andy,Andy Gillin,boiler-class,False,https://www.gjel.com,200,1
https://www.gjel.com/blog/major-injury-rollover-crash-leaves-two-injured,https://www.gjel.com/author/andy,Andy Gillin,boiler-class,False,https://www.gjel.com,200,1
https://www.gjel.com/blog/man-arrested-for-alleged-dui-crash-that-killed-castro-valley-woman,https://www.gjel.com/author/andy,Andy Gillin,boiler-class,False,https://www.gjel.com,200,1
https://www.gjel.com/blog/man-killed-in-a-pedestrian-accident,https://www.gjel.com/author/andy,Andy Gillin,boiler-class,False,https://www.gjel.com,200,1
https://www.gjel.com/blog/man-killed-in-head-on-collision,https://www.gjel.com/author/andy,Andy Gillin,boiler-class,False,https://www.gjel.com,200,1
https://www.gjel.com/blog/man-killed-in-single-vehicle-crash-accident,https://www.gjel.com/author/andy,Andy Gillin,boiler-class,False,https://www.gjel.com,200,1
https://www.gjel.com/blog/man-killed-in-suspected-dui-pedestrian-crash,https://www.gjel.com/author/andy,Andy Gillin,boiler-class,False,https://www.gjel.com,200,1
https://www.gjel.com/blog/marina-woman-killed-in-head-on-collision,https://www.gjel.com/author/andy,Andy Gillin,boiler-class,False,https://www.gjel.com,200,1
https://www.gjel.com/blog/minor-injury-collision-on-big-ranch-road-in-napa,https://www.gjel.com/author/andy,Andy Gillin,boiler-class,False,https://www.gjel.com,200,1
https://www.gjel.com/blog/modesto-injury-involved-car-crash-accident,https://www.gjel.com/author/andy,Andy Gillin,boiler-class,False,https://www.gjel.com,200,1
https://www.gjel.com/blog/most-unlikely-coutroom-comedies,https://www.gjel.com/author/andy,Andy Gillin,boiler-class,False,https://www.gjel.com,200,1
https://www.gjel.com/blog/mother-and-son-killed-in-suspected-dui-hit-and-run-collision,https://www.gjel.com/author/andy,Andy Gillin,boiler-class,False,https://www.gjel.com,200,1
https://www.gjel.com/blog/motorcycle-accident-leaves-rider-hospitalized,https://www.gjel.com/author/andy,Andy Gillin,boiler-class,False,https://www.gjel.com,200,1
https://www.gjel.com/blog/motorcycle-accident-leaves-rider-with-critical-injuries,https://www.gjel.com/author/andy,Andy Gillin,boiler-class,False,https://www.gjel.com,200,1
https://www.gjel.com/blog/motorcycle-accident-leaves-rider-with-injuries-2,https://www.gjel.com/author/andy,Andy Gillin,boiler-class,False,https://www.gjel.com,200,1
https://www.gjel.com/blog/motorcycle-accident-rider-suffers-major-injuries,https://www.gjel.com/author/andy,Andy Gillin,boiler-class,False,https://www.gjel.com,200,1
https://www.gjel.com/blog/motorcycle-crash-rider-seriously-injured,https://www.gjel.com/author/andy,Andy Gillin,boiler-class,False,https://www.gjel.com,200,1
https://www.gjel.com/blog/motorcycle-rider-injured-in-collision,https://www.gjel.com/author/andy,Andy Gillin,boiler-class,False,https://www.gjel.com,200,1
https://www.gjel.com/blog/motorcyclist-injured-in-collision,https://www.gjel.com/author/andy,Andy Gillin,boiler-class,False,https://www.gjel.com,200,1
https://www.gjel.com/blog/motorcyclist-injured-in-collision-on-power-inn-road-in-sacramento,https://www.gjel.com/author/andy,Andy Gillin,boiler-class,False,https://www.gjel.com,200,1
https://www.gjel.com/blog/motorcyclist-killed-in-head-on-collision,https://www.gjel.com/author/andy,Andy Gillin,boiler-class,False,https://www.gjel.com,200,1
https://www.gjel.com/blog/motorcyclist-killed-in-stockton-accident,https://www.gjel.com/author/andy,Andy Gillin,boiler-class,False,https://www.gjel.com,200,1
https://www.gjel.com/blog/multi-vehicle-collision-causes-major-injuries,https://www.gjel.com/author/andy,Andy Gillin,boiler-class,False,https://www.gjel.com,200,1
https://www.gjel.com/blog/multi-vehicle-collision-in-san-jose,https://www.gjel.com/author/andy,Andy Gillin,boiler-class,False,https://www.gjel.com,200,1
https://www.gjel.com/blog/multi-vehicle-crash-injures-motorcyclist,https://www.gjel.com/author/andy,Andy Gillin,boiler-class,False,https://www.gjel.com,200,1
https://www.gjel.com/blog/multi-vehicle-crash-injures-multiple-people,https://www.gjel.com/author/andy,Andy Gillin,boiler-class,False,https://www.gjel.com,200,1
https://www.gjel.com/blog/multi-vehicle-crash-on-state-route-128-in-napa-county-leaves-multiple-injured,https://www.gjel.com/author/andy,Andy Gillin,boiler-class,False,https://www.gjel.com,200,1
https://www.gjel.com/blog/multi-vehicle-crash-with-fire-leaves-multiple-injured,https://www.gjel.com/author/andy,Andy Gillin,boiler-class,False,https://www.gjel.com,200,1
https://www.gjel.com/blog/muni-bus-collision-sends-two-to-the-hospital,https://www.gjel.com/author/andy,Andy Gillin,boiler-class,False,https://www.gjel.com,200,1
https://www.gjel.com/blog/nurse-killed-in-pedestrian-accident-at-va-medical-center,https://www.gjel.com/author/andy,Andy Gillin,boiler-class,False,https://www.gjel.com,200,1
https://www.gjel.com/blog/oakland-car-accident-leaves-one-with-head-injury,https://www.gjel.com/author/andy,Andy Gillin,boiler-class,False,https://www.gjel.com,200,1
https://www.gjel.com/blog/oakland-traffic-accident-results-in-hospitalization,https://www.gjel.com/author/andy,Andy Gillin,boiler-class,False,https://www.gjel.com,200,1
https://www.gjel.com/blog/on-ramp-crash-injures-victims-in-morgan-hill,https://www.gjel.com/author/andy,Andy Gillin,boiler-class,False,https://www.gjel.com,200,1
https://www.gjel.com/blog/one-dead-in-fatal-bicycle-accident,https://www.gjel.com/author/andy,Andy Gillin,boiler-class,False,https://www.gjel.com,200,1
https://www.gjel.com/blog/one-dead-in-fiery-rollover-crash,https://www.gjel.com/author/andy,Andy Gillin,boiler-class,False,https://www.gjel.com,200,1
https://www.gjel.com/blog/one-injured-after-fiery-three-vehicle-crash,https://www.gjel.com/author/andy,Andy Gillin,boiler-class,False,https://www.gjel.com,200,1
https://www.gjel.com/blog/one-killed-in-suspected-dui-rollover-crash,https://www.gjel.com/author/andy,Andy Gillin,boiler-class,False,https://www.gjel.com,200,1
https://www.gjel.com/blog/one-killed-three-injured-in-pedestrian-crash,https://www.gjel.com/author/andy,Andy Gillin,boiler-class,False,https://www.gjel.com,200,1
https://www.gjel.com/blog/one-killed-three-seriously-injured-in-fiery-crash,https://www.gjel.com/author/andy,Andy Gillin,boiler-class,False,https://www.gjel.com,200,1
https://www.gjel.com/blog/overturned-tanker-truck-causes-major-highway-closure,https://www.gjel.com/author/andy,Andy Gillin,boiler-class,False,https://www.gjel.com,200,1
https://www.gjel.com/blog/passenger-injury-875k-settlement,https://www.gjel.com/author/andy,Andy Gillin,boiler-class,False,https://www.gjel.com,200,1
https://www.gjel.com/blog/passenger-killed-in-head-on-road-collision,https://www.gjel.com/author/andy,Andy Gillin,boiler-class,False,https://www.gjel.com,200,1
https://www.gjel.com/blog/passenger-suffers-head-injury-after-bus-drivers-emergency-stop,https://www.gjel.com/author/andy,Andy Gillin,boiler-class,False,https://www.gjel.com,200,1
https://www.gjel.com/blog/pedestrian-accident-kills-91-year-old-man,https://www.gjel.com/author/andy,Andy Gillin,boiler-class,False,https://www.gjel.com,200,1
https://www.gjel.com/blog/pedestrian-accident-kills-one,https://www.gjel.com/author/andy,Andy Gillin,boiler-class,False,https://www.gjel.com,200,1
https://www.gjel.com/blog/pedestrian-accident-life-threatening-injuries,https://www.gjel.com/author/andy,Andy Gillin,boiler-class,False,https://www.gjel.com,200,1
https://www.gjel.com/blog/pedestrian-and-dogs-killed-in-hit-and-run-crash,https://www.gjel.com/author/andy,Andy Gillin,boiler-class,False,https://www.gjel.com,200,1
https://www.gjel.com/blog/pedestrian-critically-injured-after-being-struck,https://www.gjel.com/author/andy,Andy Gillin,boiler-class,False,https://www.gjel.com,200,1
https://www.gjel.com/blog/pedestrian-fatality-in-a-multi-vehicle-crash,https://www.gjel.com/author/andy,Andy Gillin,boiler-class,False,https://www.gjel.com,200,1
https://www.gjel.com/blog/pedestrian-killed-after-being-struck-by-vehicle,https://www.gjel.com/author/andy,Andy Gillin,boiler-class,False,https://www.gjel.com,200,1
https://www.gjel.com/blog/pedestrian-killed-at-santa-ana-car-wash-in-suspected-dui-collision,https://www.gjel.com/author/andy,Andy Gillin,boiler-class,False,https://www.gjel.com,200,1
https://www.gjel.com/blog/pedestrian-killed-hit-and-run-in-sacramento,https://www.gjel.com/author/andy,Andy Gillin,boiler-class,False,https://www.gjel.com,200,1
https://www.gjel.com/blog/pedestrian-killed-in-a-traffic-accident-in-san-rafael,https://www.gjel.com/author/andy,Andy Gillin,boiler-class,False,https://www.gjel.com,200,1
https://www.gjel.com/blog/pedestrian-killed-in-crash-in-tracy,https://www.gjel.com/author/andy,Andy Gillin,boiler-class,False,https://www.gjel.com,200,1
https://www.gjel.com/blog/pedestrian-killed-in-hit-and-run-crash,https://www.gjel.com/author/andy,Andy Gillin,boiler-class,False,https://www.gjel.com,200,1
https://www.gjel.com/blog/pedestrian-killed-in-san-leandro,https://www.gjel.com/author/andy,Andy Gillin,boiler-class,False,https://www.gjel.com,200,1
https://www.gjel.com/blog/pedestrian-killed-in-suspected-dui-crash-in-fairfield,https://www.gjel.com/author/andy,Andy Gillin,boiler-class,False,https://www.gjel.com,200,1
https://www.gjel.com/blog/pedestrian-struck-by-vehicle-in-reedley,https://www.gjel.com/author/andy,Andy Gillin,boiler-class,False,https://www.gjel.com,200,1
https://www.gjel.com/blog/petaluma-multi-vehicle-crash-injuries,https://www.gjel.com/author/andy,Andy Gillin,boiler-class,False,https://www.gjel.com,200,1
https://www.gjel.com/blog/plane-crash-truckee-tahoe-airport-pilot-killed,https://www.gjel.com/author/andy,Andy Gillin,boiler-class,False,https://www.gjel.com,200,1
https://www.gjel.com/blog/rear-end-collision-in-castro-valley,https://www.gjel.com/author/andy,Andy Gillin,boiler-class,False,https://www.gjel.com,200,1
https://www.gjel.com/blog/rider-killed-in-a-motorcycle-accident,https://www.gjel.com/author/andy,Andy Gillin,boiler-class,False,https://www.gjel.com,200,1
https://www.gjel.com/blog/rider-killed-in-motorcycle-solo-crash,https://www.gjel.com/author/andy,Andy Gillin,boiler-class,False,https://www.gjel.com,200,1
https://www.gjel.com/blog/rio-linda-plane-crash-leaves-two-men-in-critical-condition,https://www.gjel.com/author/andy,Andy Gillin,boiler-class,False,https://www.gjel.com,200,1
https://www.gjel.com/blog/rollover-crash-leaves-woman-seriously-injured,https://www.gjel.com/author/andy,Andy Gillin,boiler-class,False,https://www.gjel.com,200,1
https://www.gjel.com/blog/sacramento-bicyclist-killed-in-arden-arcade-crash,https://www.gjel.com/author/andy,Andy Gillin,boiler-class,False,https://www.gjel.com,200,1
https://www.gjel.com/blog/san-francisco-cable-car-accident-leaves-15-injured,https://www.gjel.com/author/andy,Andy Gillin,boiler-class,False,https://www.gjel.com,200,1
https://www.gjel.com/blog/san-jose-car-accident-leaves-one-with-head-injury,https://www.gjel.com/author/andy,Andy Gillin,boiler-class,False,https://www.gjel.com,200,1
https://www.gjel.com/blog/san-jose-semi-truck-crash-leaves-two-injured,https://www.gjel.com/author/andy,Andy Gillin,boiler-class,False,https://www.gjel.com,200,1
https://www.gjel.com/blog/seinfeld-lawsuits,https://www.gjel.com/author/andy,Andy Gillin,boiler-class,False,https://www.gjel.com,200,1
https://www.gjel.com/blog/semi-truck-and-suv-collide-in-a-freeway-crash,https://www.gjel.com/author/andy,Andy Gillin,boiler-class,False,https://www.gjel.com,200,1
https://www.gjel.com/blog/semitruck-collision-strikes-power-line,https://www.gjel.com/author/andy,Andy Gillin,boiler-class,False,https://www.gjel.com,200,1
https://www.gjel.com/blog/serious-early-morning-collision-injures-two,https://www.gjel.com/author/andy,Andy Gillin,boiler-class,False,https://www.gjel.com,200,1
https://www.gjel.com/blog/serious-multi-vehicle-crash-injures-four,https://www.gjel.com/author/andy,Andy Gillin,boiler-class,False,https://www.gjel.com,200,1
https://www.gjel.com/blog/seven-injured-in-five-vehicle-crash,https://www.gjel.com/author/andy,Andy Gillin,boiler-class,False,https://www.gjel.com,200,1
https://www.gjel.com/blog/seven-injured-in-sacramento-regional-transit-bus-crash,https://www.gjel.com/author/andy,Andy Gillin,boiler-class,False,https://www.gjel.com,200,1
https://www.gjel.com/blog/several-injured-in-two-vehicle-crash,https://www.gjel.com/author/andy,Andy Gillin,boiler-class,False,https://www.gjel.com,200,1
https://www.gjel.com/blog/single-vehicle-collision-left-three-people-dead,https://www.gjel.com/author/andy,Andy Gillin,boiler-class,False,https://www.gjel.com,200,1
https://www.gjel.com/blog/six-car-chain-reaction-crash-causes-injuries,https://www.gjel.com/author/andy,Andy Gillin,boiler-class,False,https://www.gjel.com,200,1
https://www.gjel.com/blog/six-killed-in-a-head-on-crash-in-richfield,https://www.gjel.com/author/andy,Andy Gillin,boiler-class,False,https://www.gjel.com,200,1
https://www.gjel.com/blog/six-people-injured-in-sacramento-hit-and-run-crash,https://www.gjel.com/author/andy,Andy Gillin,boiler-class,False,https://www.gjel.com,200,1
https://www.gjel.com/blog/state-driving-laws,https://www.gjel.com/author/andy,Andy Gillin,boiler-class,False,https://www.gjel.com,200,1
https://www.gjel.com/blog/student-killed-in-car-bicycle-collision,https://www.gjel.com/author/andy,Andy Gillin,boiler-class,False,https://www.gjel.com,200,1
https://www.gjel.com/blog/teen-killed-after-two-vehicle-collision,https://www.gjel.com/author/andy,Andy Gillin,boiler-class,False,https://www.gjel.com,200,1
https://www.gjel.com/blog/teenage-passengers-escape-serious-injury-after-rollover-crash,https://www.gjel.com/author/andy,Andy Gillin,boiler-class,False,https://www.gjel.com,200,1
https://www.gjel.com/blog/texting-driving-california,https://www.gjel.com/author/andy,Andy Gillin,boiler-class,False,https://www.gjel.com,200,1
https://www.gjel.com/blog/the-10-most-dangerous-roadways-in-california,https://www.gjel.com/author/andy,Andy Gillin,boiler-class,False,https://www.gjel.com,200,1
https://www.gjel.com/blog/the-most-common-reasons-cyclists-run-red-lights-and-how-to-make-intersections-safer,https://www.gjel.com/author/andy,Andy Gillin,boiler-class,False,https://www.gjel.com,200,1
https://www.gjel.com/blog/the-most-dangerous-days-to-drive-top-10-riskiest-times-on-the-road,https://www.gjel.com/author/andy,Andy Gillin,boiler-class,False,https://www.gjel.com,200,1
https://www.gjel.com/blog/three-injured-after-vehicle-rolled-off-a-cliff,https://www.gjel.com/author/andy,Andy Gillin,boiler-class,False,https://www.gjel.com,200,1
https://www.gjel.com/blog/three-injured-in-drive-crash,https://www.gjel.com/author/andy,Andy Gillin,boiler-class,False,https://www.gjel.com,200,1
https://www.gjel.com/blog/three-injured-in-sunday-evening-collision-in-clovis,https://www.gjel.com/author/andy,Andy Gillin,boiler-class,False,https://www.gjel.com,200,1
https://www.gjel.com/blog/three-killed-in-wrong-way-collision-in-fairfield,https://www.gjel.com/author/andy,Andy Gillin,boiler-class,False,https://www.gjel.com,200,1
https://www.gjel.com/blog/three-vehicle-collision-injures-motorcyclist,https://www.gjel.com/author/andy,Andy Gillin,boiler-class,False,https://www.gjel.com,200,1
https://www.gjel.com/blog/three-vehicle-collision-leaves-sparks-brush-fire,https://www.gjel.com/author/andy,Andy Gillin,boiler-class,False,https://www.gjel.com,200,1
https://www.gjel.com/blog/top-20-most-popular-fictional-tv-lawyers,https://www.gjel.com/author/andy,Andy Gillin,boiler-class,False,https://www.gjel.com,200,1
https://www.gjel.com/blog/tracy-man-killed-in-a-pedestrian-accident,https://www.gjel.com/author/andy,Andy Gillin,boiler-class,False,https://www.gjel.com,200,1
https://www.gjel.com/blog/traffic-collision-results-in-injuries-to-occupants,https://www.gjel.com/author/andy,Andy Gillin,boiler-class,False,https://www.gjel.com,200,1
https://www.gjel.com/blog/tragic-child-bicycle-accident,https://www.gjel.com/author/andy,Andy Gillin,boiler-class,False,https://www.gjel.com,200,1
https://www.gjel.com/blog/tragic-pedestrian-accident-in-fremont,https://www.gjel.com/author/andy,Andy Gillin,boiler-class,False,https://www.gjel.com,200,1
https://www.gjel.com/blog/two-dead-after-early-morning-crash,https://www.gjel.com/author/andy,Andy Gillin,boiler-class,False,https://www.gjel.com,200,1
https://www.gjel.com/blog/two-drivers-killed-in-wrong-way-head-on-crash,https://www.gjel.com/author/andy,Andy Gillin,boiler-class,False,https://www.gjel.com,200,1
https://www.gjel.com/blog/two-injured-in-multi-vehicle-accident-in-napa,https://www.gjel.com/author/andy,Andy Gillin,boiler-class,False,https://www.gjel.com,200,1
https://www.gjel.com/blog/two-killed-after-fatal-crash-in-elk-grove,https://www.gjel.com/author/andy,Andy Gillin,boiler-class,False,https://www.gjel.com,200,1
https://www.gjel.com/blog/two-killed-in-wrong-way-head-on-crash,https://www.gjel.com/author/andy,Andy Gillin,boiler-class,False,https://www.gjel.com,200,1
https://www.gjel.com/blog/two-people-died-after-suspected-dui-collision,https://www.gjel.com/author/andy,Andy Gillin,boiler-class,False,https://www.gjel.com,200,1
https://www.gjel.com/blog/two-seriously-injured-in-single-vehicle-crash,https://www.gjel.com/author/andy,Andy Gillin,boiler-class,False,https://www.gjel.com,200,1
https://www.gjel.com/blog/two-vehicle-accident-with-injuries-in-monterey,https://www.gjel.com/author/andy,Andy Gillin,boiler-class,False,https://www.gjel.com,200,1
https://www.gjel.com/blog/two-vehicle-collision-accident-causes-major-traffic-disruption,https://www.gjel.com/author/andy,Andy Gillin,boiler-class,False,https://www.gjel.com,200,1
https://www.gjel.com/blog/two-vehicle-collision-accident-in-sonoma,https://www.gjel.com/author/andy,Andy Gillin,boiler-class,False,https://www.gjel.com,200,1
https://www.gjel.com/blog/two-vehicle-collision-causes-major-injuries-in-fresno,https://www.gjel.com/author/andy,Andy Gillin,boiler-class,False,https://www.gjel.com,200,1
https://www.gjel.com/blog/two-vehicle-collision-in-santa-rosa-leaves-one-injured,https://www.gjel.com/author/andy,Andy Gillin,boiler-class,False,https://www.gjel.com,200,1
https://www.gjel.com/blog/two-vehicle-collision-leaves-at-least-one-injured,https://www.gjel.com/author/andy,Andy Gillin,boiler-class,False,https://www.gjel.com,200,1
https://www.gjel.com/blog/two-vehicle-collision-leaves-victims-injured-2,https://www.gjel.com/author/andy,Andy Gillin,boiler-class,False,https://www.gjel.com,200,1
https://www.gjel.com/blog/two-vehicle-collision-major-injuries,https://www.gjel.com/author/andy,Andy Gillin,boiler-class,False,https://www.gjel.com,200,1
https://www.gjel.com/blog/two-vehicle-crash-in-coalinga-sends-victims-to-hospital,https://www.gjel.com/author/andy,Andy Gillin,boiler-class,False,https://www.gjel.com,200,1
https://www.gjel.com/blog/two-vehicle-crash-in-orinda,https://www.gjel.com/author/andy,Andy Gillin,boiler-class,False,https://www.gjel.com,200,1
https://www.gjel.com/blog/two-vehicle-crash-leaves-victims-hospitalized,https://www.gjel.com/author/andy,Andy Gillin,boiler-class,False,https://www.gjel.com,200,1
https://www.gjel.com/blog/two-vehicle-crash-sends-pickup-truck-down,https://www.gjel.com/author/andy,Andy Gillin,boiler-class,False,https://www.gjel.com,200,1
https://www.gjel.com/blog/two-vehicle-crash-shuts-down-west-ripon-road-in-manteca-traffic-collision,https://www.gjel.com/author/andy,Andy Gillin,boiler-class,False,https://www.gjel.com,200,1
https://www.gjel.com/blog/two-vehicle-head-on-collision-in-folsom,https://www.gjel.com/author/andy,Andy Gillin,boiler-class,False,https://www.gjel.com,200,1
https://www.gjel.com/blog/two-vehicle-injury-crash-in-monterey,https://www.gjel.com/author/andy,Andy Gillin,boiler-class,False,https://www.gjel.com,200,1
https://www.gjel.com/blog/two-vehicle-traffic-collision-in-livermore,https://www.gjel.com/author/andy,Andy Gillin,boiler-class,False,https://www.gjel.com,200,1
https://www.gjel.com/blog/two-young-e-motorcycle-riders-killed,https://www.gjel.com/author/andy,Andy Gillin,boiler-class,False,https://www.gjel.com,200,1
https://www.gjel.com/blog/vehicle-crash-causes-power-lines-to-come-down,https://www.gjel.com/author/andy,Andy Gillin,boiler-class,False,https://www.gjel.com,200,1
https://www.gjel.com/blog/vehicle-crashes-through-starbucks-storefront-crash,https://www.gjel.com/author/andy,Andy Gillin,boiler-class,False,https://www.gjel.com,200,1
https://www.gjel.com/blog/west-sacramento-truck-accident-causes-major-delays,https://www.gjel.com/author/andy,Andy Gillin,boiler-class,False,https://www.gjel.com,200,1
https://www.gjel.com/blog/woman-and-her-dog-killed-in-fatal-pedestrian-accident,https://www.gjel.com/author/andy,Andy Gillin,boiler-class,False,https://www.gjel.com,200,1
https://www.gjel.com/blog/woman-dies-after-hit-and-run-bicycle-crash,https://www.gjel.com/author/andy,Andy Gillin,boiler-class,False,https://www.gjel.com,200,1
https://www.gjel.com/blog/woman-ejected-and-killed-in-motorcycle-accident,https://www.gjel.com/author/andy,Andy Gillin,boiler-class,False,https://www.gjel.com,200,1
https://www.gjel.com/blog/woman-fatally-killed-in-big-rig-collision,https://www.gjel.com/author/andy,Andy Gillin,boiler-class,False,https://www.gjel.com,200,1
https://www.gjel.com/blog/woman-killed-in-fatal-dui-head-on-crash,https://www.gjel.com/author/andy,Andy Gillin,boiler-class,False,https://www.gjel.com,200,1
https://www.gjel.com/blog/woman-killed-man-injured-in-wrong-way-crash,https://www.gjel.com/author/andy,Andy Gillin,boiler-class,False,https://www.gjel.com,200,1
https://www.gjel.com/blog/workplace-accident-canyon-tunnel-project-collapse,https://www.gjel.com/author/andy,Andy Gillin,boiler-class,False,https://www.gjel.com,200,1
https://www.gjel.com/blog/wrong-way-crash-ridge-road-fatal-accident,https://www.gjel.com/author/andy,Andy Gillin,boiler-class,False,https://www.gjel.com,200,1
https://www.gjel.com/boat-accident-lawyers,https://www.gjel.com/author/andy,Andrew (Andy) R. Gillin,content,False,https://www.gjel.com,200,1
https://www.gjel.com/brain-injury-lawyers,https://www.gjel.com/author/andy,Andrew (Andy) R. Gillin,content,False,https://www.gjel.com,200,1
https://www.gjel.com/broken-bones-lawyer,https://www.gjel.com/author/andy,Andrew (Andy) R. Gillin,content,False,https://www.gjel.com,200,1
https://www.gjel.com/broken-hip-injury-attorney,https://www.gjel.com/author/andy,Andrew (Andy) R. Gillin,content,False,https://www.gjel.com,200,1
https://www.gjel.com/burn-injury-lawyers,https://www.gjel.com/author/andy,Andrew (Andy) R. Gillin,content,False,https://www.gjel.com,200,1
https://www.gjel.com/bus-accident-lawyers,https://www.gjel.com/author/andy,Andrew (Andy) R. Gillin,content,False,https://www.gjel.com,200,1
https://www.gjel.com/california-bicycle-accident-lawyers,https://www.gjel.com/author/andy,Andrew (Andy) R. Gillin,content,False,https://www.gjel.com,200,1
https://www.gjel.com/california-broken-neck-injury-lawyer,https://www.gjel.com/author/andy,Andrew (Andy) R. Gillin,content,False,https://www.gjel.com,200,1
https://www.gjel.com/california-construction-accident-lawyers,https://www.gjel.com/author/andy,Andrew (Andy) R. Gillin,content,False,https://www.gjel.com,200,1
https://www.gjel.com/california-crps-attorneys,https://www.gjel.com/author/andy,Andrew (Andy) R. Gillin,content,False,https://www.gjel.com,200,1
https://www.gjel.com/california-limousine-accident-lawyer-fighting-for-your-rights-and-justice,https://www.gjel.com/author/andy,Andrew (Andy) R. Gillin,content,False,https://www.gjel.com,200,1
https://www.gjel.com/car-accident-lawyers,https://www.gjel.com/author/andy,Andrew (Andy) R. Gillin,content,False,https://www.gjel.com,200,1
https://www.gjel.com/car-accident-lawyers/rear-end-car-accidents,https://www.gjel.com/author/andy,Andrew (Andy) R. Gillin,content,False,https://www.gjel.com,200,1
https://www.gjel.com/car-accident-lawyers/resulting-death,https://www.gjel.com/author/andy,Andrew (Andy) R. Gillin,content,False,https://www.gjel.com,200,1
https://www.gjel.com/car-accident-lawyers/rideshare-uber-lyft-accidents,https://www.gjel.com/author/andy,Andrew (Andy) R. Gillin,content,False,https://www.gjel.com,200,1
https://www.gjel.com/car-accident-lawyers/suv-rollover,https://www.gjel.com/author/andy,Andrew (Andy) R. Gillin,content,False,https://www.gjel.com,200,1
https://www.gjel.com/car-accidents/who-pays-for-my-rental-car-after-an-accident-in-california,https://www.gjel.com/author/andy,Andy Gillin,boiler-class,False,https://www.gjel.com,200,1
https://www.gjel.com/case-results/downtown-oakland-hit-and-run-500k-settlement,https://www.gjel.com/author/andy,Andy Gillin,boiler-class,False,https://www.gjel.com,200,1
https://www.gjel.com/catastrophic-injury-lawyer,https://www.gjel.com/author/andy,Andrew (Andy) R. Gillin,content,False,https://www.gjel.com,200,1
https://www.gjel.com/collapsed-lung-injury-lawyers,https://www.gjel.com/author/andy,Andrew (Andy) R. Gillin,content,False,https://www.gjel.com,200,1
https://www.gjel.com/crush-injury-lawyers,https://www.gjel.com/author/andy,Andrew (Andy) R. Gillin,content,False,https://www.gjel.com,200,1
https://www.gjel.com/dangerous-road-accident-lawyers,https://www.gjel.com/author/andy,Andrew (Andy) R. Gillin,content,False,https://www.gjel.com,200,1
https://www.gjel.com/degloving-injury-lawyer,https://www.gjel.com/author/andy,Andrew (Andy) R. Gillin,content,False,https://www.gjel.com,200,1
https://www.gjel.com/delivery-driver-accident-lawyer,https://www.gjel.com/author/andy,Andrew (Andy) R. Gillin,content,False,https://www.gjel.com,200,1
https://www.gjel.com/delivery-truck-accident-lawyer,https://www.gjel.com/author/andy,Andrew (Andy) R. Gillin,content,False,https://www.gjel.com,200,1
https://www.gjel.com/delivery-truck-accident-lawyer/amazon,https://www.gjel.com/author/andy,Andrew (Andy) R. Gillin,content,False,https://www.gjel.com,200,1
https://www.gjel.com/delivery-truck-accident-lawyer/fedex,https://www.gjel.com/author/andy,Andrew (Andy) R. Gillin,content,False,https://www.gjel.com,200,1
https://www.gjel.com/delivery-truck-accident-lawyer/ups,https://www.gjel.com/author/andy,Andrew (Andy) R. Gillin,content,False,https://www.gjel.com,200,1
https://www.gjel.com/electric-scooter-injury-attorneys,https://www.gjel.com/author/andy,Andrew (Andy) R. Gillin,content,False,https://www.gjel.com,200,1
https://www.gjel.com/eye-injury-vision-loss-lawyers,https://www.gjel.com/author/andy,Andrew (Andy) R. Gillin,content,False,https://www.gjel.com,200,1
https://www.gjel.com/facet-joint-injury-lawyers-helping-you-recover,https://www.gjel.com/author/andy,Andrew (Andy) R. Gillin,content,False,https://www.gjel.com,200,1
https://www.gjel.com/helicopter-accident-attorneys,https://www.gjel.com/author/andy,Andrew (Andy) R. Gillin,content,False,https://www.gjel.com,200,1
https://www.gjel.com/herniated-disc-injury-lawyers,https://www.gjel.com/author/andy,Andrew (Andy) R. Gillin,content,False,https://www.gjel.com,200,1
https://www.gjel.com/hit-run-attorney,https://www.gjel.com/author/andy,Andrew (Andy) R. Gillin,content,False,https://www.gjel.com,200,1
https://www.gjel.com/mocktrial/objections,https://www.gjel.com/author/andy,Andy Gillin,boiler-class,False,https://www.gjel.com,200,1
https://www.gjel.com/motorcycle-accident-lawyers,https://www.gjel.com/author/andy,Andrew (Andy) R. Gillin,content,False,https://www.gjel.com,200,1
https://www.gjel.com/muni-bus-accident-lawyer,https://www.gjel.com/author/andy,Andrew (Andy) R. Gillin,content,False,https://www.gjel.com,200,1
https://www.gjel.com/news/california-dmv-offices-map,https://www.gjel.com/author/andy,Andy Gillin,boiler-class,False,https://www.gjel.com,200,1
https://www.gjel.com/news/lost-wage-calculator,https://www.gjel.com/author/andy,Andy Gillin,boiler-class,False,https://www.gjel.com,200,1
https://www.gjel.com/paralysis-injury-lawyers,https://www.gjel.com/author/andy,Andrew (Andy) R. Gillin,content,False,https://www.gjel.com,200,1
https://www.gjel.com/pedestrian-accident-lawyers,https://www.gjel.com/author/andy,Andrew (Andy) R. Gillin,content,False,https://www.gjel.com,200,1
https://www.gjel.com/personal-injury-attorneys,https://www.gjel.com/author/andy,Andrew (Andy) R. Gillin,content,False,https://www.gjel.com,200,1
https://www.gjel.com/plane-crash-lawyers,https://www.gjel.com/author/andy,Andrew (Andy) R. Gillin,content,False,https://www.gjel.com,200,1
https://www.gjel.com/quadriplegia-injury-lawyers,https://www.gjel.com/author/andy,Andrew (Andy) R. Gillin,content,False,https://www.gjel.com,200,1
https://www.gjel.com/settlements/10-6-million-settlement-death-defective-tire,https://www.gjel.com/author/andy,Andy Gillin,boiler-class,False,https://www.gjel.com,200,1
https://www.gjel.com/settlements/contra-costa-wrongful-death,https://www.gjel.com/author/andy,Andy Gillin,boiler-class,False,https://www.gjel.com,200,1
https://www.gjel.com/settlements/defective-tire-accident,https://www.gjel.com/author/andy,Andy Gillin,boiler-class,False,https://www.gjel.com,200,1
https://www.gjel.com/settlements/explosion,https://www.gjel.com/author/andy,Andy Gillin,boiler-class,False,https://www.gjel.com,200,1
https://www.gjel.com/settlements/wrongful-death-child-car-accident,https://www.gjel.com/author/andy,Andy Gillin,boiler-class,False,https://www.gjel.com,200,1
https://www.gjel.com/settlements/wrongful-death-settlement,https://www.gjel.com/author/andy,Andy Gillin,boiler-class,False,https://www.gjel.com,200,1
https://www.gjel.com/settlements/wrongful-death-settlement-drunk-driving-case,https://www.gjel.com/author/andy,Andy Gillin,boiler-class,False,https://www.gjel.com,200,1
https://www.gjel.com/train-accident-lawyers,https://www.gjel.com/author/andy,Andrew (Andy) R. Gillin,content,False,https://www.gjel.com,200,1
https://www.gjel.com/triplegia-injury-lawyers,https://www.gjel.com/author/andy,Andrew (Andy) R. Gillin,content,False,https://www.gjel.com,200,1
https://www.gjel.com/truck-accident-lawyers,https://www.gjel.com/author/andy,Andrew (Andy) R. Gillin,content,False,https://www.gjel.com,200,1
https://www.gjel.com/underinsured-motorist-lawyers,https://www.gjel.com/author/andy,Andrew (Andy) R. Gillin,content,False,https://www.gjel.com,200,1
https://www.gjel.com/verdicts-results/motorcycle-accident-settlement-2,https://www.gjel.com/author/andy,Andy Gillin,boiler-class,False,https://www.gjel.com,200,1
https://www.gjel.com/verdicts/20-452-million-against-ac-transit,https://www.gjel.com/author/andy,Andy Gillin,boiler-class,False,https://www.gjel.com,200,1
https://www.gjel.com/verdicts/300000-settlement-for-car-accident-in-oakland,https://www.gjel.com/author/andy,Andy Gillin,boiler-class,False,https://www.gjel.com,200,1
https://www.gjel.com/verdicts/albany-bicycle-accident-settlement,https://www.gjel.com/author/andy,Andy Gillin,boiler-class,False,https://www.gjel.com,200,1
https://www.gjel.com/verdicts/auto-vs-bicycle-accident-settlement-in-brentwood,https://www.gjel.com/author/andy,Andy Gillin,boiler-class,False,https://www.gjel.com,200,1
https://www.gjel.com/verdicts/crps-work-injury,https://www.gjel.com/author/andy,Andy Gillin,boiler-class,False,https://www.gjel.com,200,1
https://www.gjel.com/verdicts/jail-injury-lawsuit-verdict-1-7-million-dollars-against-the-city-of-richmond,https://www.gjel.com/author/andy,Andy Gillin,boiler-class,False,https://www.gjel.com,200,1
https://www.gjel.com/verdicts/motorcycle-accident-in-san-leandro,https://www.gjel.com/author/andy,Andy Gillin,boiler-class,False,https://www.gjel.com,200,1
https://www.gjel.com/verdicts/pedestrian-accident-attorney-richmond-settlement,https://www.gjel.com/author/andy,Andy Gillin,boiler-class,False,https://www.gjel.com,200,1
https://www.gjel.com/verdicts/tenet1,https://www.gjel.com/author/andy,Andy Gillin,boiler-class,False,https://www.gjel.com,200,1
https://www.gjel.com/verdicts/two-vehicle-rear-end-collision-settlement,https://www.gjel.com/author/andy,Andy Gillin,boiler-class,False,https://www.gjel.com,200,1
https://www.gjel.com/verdicts/wrongful-death-motorcycle-accident-settlement-6-2-million,https://www.gjel.com/author/andy,Andy Gillin,boiler-class,False,https://www.gjel.com,200,1
https://www.gjel.com/winning-car-accident-results/1-1-million-auto-accident-settlement,https://www.gjel.com/author/andy,Andy Gillin,boiler-class,False,https://www.gjel.com,200,1
https://www.gjel.com/winning-car-accident-results/200k-recovery-for-honda-car-accident,https://www.gjel.com/author/andy,Andy Gillin,boiler-class,False,https://www.gjel.com,200,1
https://www.gjel.com/winning-car-accident-results/bicycle-accident-settlement,https://www.gjel.com/author/andy,Andy Gillin,boiler-class,False,https://www.gjel.com,200,1
https://www.gjel.com/winning-car-accident-results/caltrans-accident,https://www.gjel.com/author/andy,Andy Gillin,boiler-class,False,https://www.gjel.com,200,1
https://www.gjel.com/winning-car-accident-results/car-accident-with-traumatic-brain-injury-settlement,https://www.gjel.com/author/andy,Andy Gillin,boiler-class,False,https://www.gjel.com,200,1
https://www.gjel.com/winning-car-accident-results/classic-car-rear-end-accident,https://www.gjel.com/author/andy,Andy Gillin,boiler-class,False,https://www.gjel.com,200,1
https://www.gjel.com/winning-car-accident-results/drunk-driving-accident-500k-settlement,https://www.gjel.com/author/andy,Andy Gillin,boiler-class,False,https://www.gjel.com,200,1
https://www.gjel.com/winning-car-accident-results/family-awarded-wrongful-death-settlement-dublin,https://www.gjel.com/author/andy,Andy Gillin,boiler-class,False,https://www.gjel.com,200,1
https://www.gjel.com/winning-car-accident-results/golden-gate-park-pedestrian-accident,https://www.gjel.com/author/andy,Andy Gillin,boiler-class,False,https://www.gjel.com,200,1
https://www.gjel.com/winning-car-accident-results/husband-and-wife-awarded-insurance-policy-limits,https://www.gjel.com/author/andy,Andy Gillin,boiler-class,False,https://www.gjel.com,200,1
https://www.gjel.com/winning-car-accident-results/post-concussion-syndrome,https://www.gjel.com/author/andy,Andy Gillin,boiler-class,False,https://www.gjel.com,200,1
https://www.gjel.com/winning-car-accident-results/rush-hour-traffic-accident-1m-settlement-gjel,https://www.gjel.com/author/andy,Andy Gillin,boiler-class,False,https://www.gjel.com,200,1
https://www.gjel.com/winning-car-accident-results/traumatic-brain-injury-and-spinal-cord-injury-settlement,https://www.gjel.com/author/andy,Andy Gillin,boiler-class,False,https://www.gjel.com,200,1
https://www.gjel.com/wrongful-death-lawyers,https://www.gjel.com/author/andy,Andrew (Andy) R. Gillin,content,False,https://www.gjel.com,200,1
https://www.gjel.com/sitemap,https://www.gjel.com/blog/10-year-old-boy-dies-in-tragic-pedestrian-accident-in-fresno,10-Year-Old Boy Dies in Tragic Pedestrian Accident on Golden State Boulevard in Fresno,boiler-class,False,https://www.gjel.com/blog,200,1
https://www.gjel.com/sitemap-2,https://www.gjel.com/blog/10-year-old-boy-dies-in-tragic-pedestrian-accident-in-fresno,10-Year-Old Boy Dies in Tragic Pedestrian Accident on Golden State Boulevard in Fresno,boiler-class,False,https://www.gjel.com/blog,200,1
https://www.gjel.com/archives/fatal-pedestrian-accident-san-jose,https://www.gjel.com/blog/100k-pedestrian-accident-settlement-in-san-jose,"$100,000 pedestrian accident settlement in San Jose",boiler-class,False,https://www.gjel.com/blog,200,1
https://www.gjel.com/archives/post-office-building-crash-in-san-jose,https://www.gjel.com/blog/100k-pedestrian-accident-settlement-in-san-jose,"$100,000 pedestrian accident settlement in San Jose",boiler-class,False,https://www.gjel.com/blog,200,1
https://www.gjel.com/archives/pregnant-woman-dies-in-san-jose-fatal-collision,https://www.gjel.com/blog/100k-pedestrian-accident-settlement-in-san-jose,"$100,000 pedestrian accident settlement in San Jose",boiler-class,False,https://www.gjel.com/blog,200,1
https://www.gjel.com/archives/san-jose-traffic-sensors-bike-motorcycle-safety,https://www.gjel.com/blog/100k-pedestrian-accident-settlement-in-san-jose,"$100,000 pedestrian accident settlement in San Jose",boiler-class,False,https://www.gjel.com/blog,200,1
https://www.gjel.com/how-to-find-the-best-personal-injury-lawyer-in-san-jose,https://www.gjel.com/blog/100k-pedestrian-accident-settlement-in-san-jose,"$100,000 pedestrian accident settlement in San Jose",boiler-class,False,https://www.gjel.com/blog,200,1
https://www.gjel.com/san-jose/bicycle-accident-lawyers,https://www.gjel.com/blog/100k-pedestrian-accident-settlement-in-san-jose,"$100,000 pedestrian accident settlement in San Jose",boiler-class,False,https://www.gjel.com/blog,200,1
https://www.gjel.com/san-jose/brain-injury-lawyers,https://www.gjel.com/blog/100k-pedestrian-accident-settlement-in-san-jose,"$100,000 pedestrian accident settlement in San Jose",boiler-class,False,https://www.gjel.com/blog,200,1
https://www.gjel.com/san-jose/motorcycle-accident-lawyers,https://www.gjel.com/blog/100k-pedestrian-accident-settlement-in-san-jose,"$100,000 pedestrian accident settlement in San Jose",boiler-class,False,https://www.gjel.com/blog,200,1
https://www.gjel.com/san-jose/truck-accident-lawyer,https://www.gjel.com/blog/100k-pedestrian-accident-settlement-in-san-jose,"$100,000 pedestrian accident settlement in San Jose",boiler-class,False,https://www.gjel.com/blog,200,1
https://www.gjel.com/san-jose/wrongful-death-lawyers,https://www.gjel.com/blog/100k-pedestrian-accident-settlement-in-san-jose,"$100,000 pedestrian accident settlement in San Jose",boiler-class,False,https://www.gjel.com/blog,200,1
https://www.gjel.com/sitemap,https://www.gjel.com/blog/100k-pedestrian-accident-settlement-in-san-jose,Justice Achieved for Sun-Blinded Collision Victim,boiler-class,False,https://www.gjel.com/blog,200,1
https://www.gjel.com/sitemap-2,https://www.gjel.com/blog/100k-pedestrian-accident-settlement-in-san-jose,Justice Achieved for Sun-Blinded Collision Victim,boiler-class,False,https://www.gjel.com/blog,200,1
https://www.gjel.com/sitemap,https://www.gjel.com/blog/11m-wrongful-death-case,$11.7 Million Jury Award for Wrongful Death Case in Contra Costa County Road Accident,boiler-class,False,https://www.gjel.com/blog,200,1
https://www.gjel.com/sitemap-2,https://www.gjel.com/blog/11m-wrongful-death-case,$11.7 Million Jury Award for Wrongful Death Case in Contra Costa County Road Accident,boiler-class,False,https://www.gjel.com/blog,200,1
https://www.gjel.com/wrongful-death-lawyers,https://www.gjel.com/blog/11m-wrongful-death-case,$11.7M Contra Costa wrongful death case Deep dive on strategy and county accountability.,content,False,https://www.gjel.com/blog,200,1
https://www.gjel.com/wrongful-death-lawyers/settlements,https://www.gjel.com/blog/11m-wrongful-death-case,View Case,boiler-class,False,https://www.gjel.com/blog,200,1
https://www.gjel.com/sitemap,https://www.gjel.com/blog/14-year-old-boy-dies-in-police-chase-rollover-crash,14-Year-Old Boy Dies in North Bay Deadly Rollover Crash During Police Chase,boiler-class,False,https://www.gjel.com/blog,200,1
https://www.gjel.com/sitemap-2,https://www.gjel.com/blog/14-year-old-boy-dies-in-police-chase-rollover-crash,14-Year-Old Boy Dies in North Bay Deadly Rollover Crash During Police Chase,boiler-class,False,https://www.gjel.com/blog,200,1
https://www.gjel.com/sitemap,https://www.gjel.com/blog/17-year-old-arrested-in-fatal-hit-and-run-crash-in-rohnert-park,17-Year-Old Arrested in Fatal Hit-and-Run Crash in Rohnert Park,boiler-class,False,https://www.gjel.com/blog,200,1
https://www.gjel.com/sitemap-2,https://www.gjel.com/blog/17-year-old-arrested-in-fatal-hit-and-run-crash-in-rohnert-park,17-Year-Old Arrested in Fatal Hit-and-Run Crash in Rohnert Park,boiler-class,False,https://www.gjel.com/blog,200,1
https://www.gjel.com/archives/fatal-pedestrian-accident-san-jose,https://www.gjel.com/blog/195k-bicycle-dooring-settlement-in-san-jose,"$195,000 bicycle dooring settlement in San Jose",boiler-class,False,https://www.gjel.com/blog,200,1
https://www.gjel.com/archives/post-office-building-crash-in-san-jose,https://www.gjel.com/blog/195k-bicycle-dooring-settlement-in-san-jose,"$195,000 bicycle dooring settlement in San Jose",boiler-class,False,https://www.gjel.com/blog,200,1
https://www.gjel.com/archives/pregnant-woman-dies-in-san-jose-fatal-collision,https://www.gjel.com/blog/195k-bicycle-dooring-settlement-in-san-jose,"$195,000 bicycle dooring settlement in San Jose",boiler-class,False,https://www.gjel.com/blog,200,1
https://www.gjel.com/archives/san-jose-traffic-sensors-bike-motorcycle-safety,https://www.gjel.com/blog/195k-bicycle-dooring-settlement-in-san-jose,"$195,000 bicycle dooring settlement in San Jose",boiler-class,False,https://www.gjel.com/blog,200,1
https://www.gjel.com/california-bicycle-accident-lawyers,https://www.gjel.com/blog/195k-bicycle-dooring-settlement-in-san-jose,"$195,000 bicycle dooring settlement in San Jose — proving dooring negligence.",content,False,https://www.gjel.com/blog,200,1
https://www.gjel.com/how-to-find-the-best-personal-injury-lawyer-in-san-jose,https://www.gjel.com/blog/195k-bicycle-dooring-settlement-in-san-jose,"$195,000 bicycle dooring settlement in San Jose",boiler-class,False,https://www.gjel.com/blog,200,1
https://www.gjel.com/san-jose/bicycle-accident-lawyers,https://www.gjel.com/blog/195k-bicycle-dooring-settlement-in-san-jose,"$195,000 bicycle dooring settlement in San Jose",boiler-class,False,https://www.gjel.com/blog,200,1
https://www.gjel.com/san-jose/brain-injury-lawyers,https://www.gjel.com/blog/195k-bicycle-dooring-settlement-in-san-jose,"$195,000 bicycle dooring settlement in San Jose",boiler-class,False,https://www.gjel.com/blog,200,1
https://www.gjel.com/san-jose/motorcycle-accident-lawyers,https://www.gjel.com/blog/195k-bicycle-dooring-settlement-in-san-jose,"$195,000 bicycle dooring settlement in San Jose",boiler-class,False,https://www.gjel.com/blog,200,1
https://www.gjel.com/san-jose/truck-accident-lawyer,https://www.gjel.com/blog/195k-bicycle-dooring-settlement-in-san-jose,"$195,000 bicycle dooring settlement in San Jose",boiler-class,False,https://www.gjel.com/blog,200,1
https://www.gjel.com/san-jose/wrongful-death-lawyers,https://www.gjel.com/blog/195k-bicycle-dooring-settlement-in-san-jose,"$195,000 bicycle dooring settlement in San Jose",boiler-class,False,https://www.gjel.com/blog,200,1
https://www.gjel.com/sitemap,https://www.gjel.com/blog/195k-bicycle-dooring-settlement-in-san-jose,"$195,000 Settlement for “Doored” Bicyclist",boiler-class,False,https://www.gjel.com/blog,200,1
https://www.gjel.com/sitemap-2,https://www.gjel.com/blog/195k-bicycle-dooring-settlement-in-san-jose,"$195,000 Settlement for “Doored” Bicyclist",boiler-class,False,https://www.gjel.com/blog,200,1
https://www.gjel.com/sitemap,https://www.gjel.com/blog/200k-medical-transport-accident,"$200,000 Settlement Secured for Estate in Medical Transport Accident",boiler-class,False,https://www.gjel.com/blog,200,1
https://www.gjel.com/sitemap-2,https://www.gjel.com/blog/200k-medical-transport-accident,"$200,000 Settlement Secured for Estate in Medical Transport Accident",boiler-class,False,https://www.gjel.com/blog,200,1
https://www.gjel.com/sitemap,https://www.gjel.com/blog/225k-pedestrian-accident-settlement,"$225,000 Settlement for Pedestrian Accident in Richmond, CA",boiler-class,False,https://www.gjel.com/blog,200,1
https://www.gjel.com/sitemap-2,https://www.gjel.com/blog/225k-pedestrian-accident-settlement,"$225,000 Settlement for Pedestrian Accident in Richmond, CA",boiler-class,False,https://www.gjel.com/blog,200,1
https://www.gjel.com/sitemap,https://www.gjel.com/blog/7-year-old-boy-suffers-major-injuries-in-el-dorado-county-off-road-motorcycle-crash,7-Year-Old Boy Suffers Major Injuries in El Dorado County Off-Road Motorcycle Crash,boiler-class,False,https://www.gjel.com/blog,200,1
https://www.gjel.com/sitemap-2,https://www.gjel.com/blog/7-year-old-boy-suffers-major-injuries-in-el-dorado-county-off-road-motorcycle-crash,7-Year-Old Boy Suffers Major Injuries in El Dorado County Off-Road Motorcycle Crash,boiler-class,False,https://www.gjel.com/blog,200,1
https://www.gjel.com/sitemap,https://www.gjel.com/blog/94-year-old-man-critically-injured-in-semi-truck-collision,94-Year-Old Man Critically Injured in Semi-Truck Collision at Highway 99 and Highway 20 in Yuba City,boiler-class,False,https://www.gjel.com/blog,200,1
https://www.gjel.com/sitemap-2,https://www.gjel.com/blog/94-year-old-man-critically-injured-in-semi-truck-collision,94-Year-Old Man Critically Injured in Semi-Truck Collision at Highway 99 and Highway 20 in Yuba City,boiler-class,False,https://www.gjel.com/blog,200,1
https://www.gjel.com/sitemap,https://www.gjel.com/blog/a-rider-injured-in-an-e-bike-accident,A Rider Injured in an E-bike Accident in Redwood City at Barron Avenue and Bay Road,boiler-class,False,https://www.gjel.com/blog,200,1
https://www.gjel.com/sitemap-2,https://www.gjel.com/blog/a-rider-injured-in-an-e-bike-accident,A Rider Injured in an E-bike Accident in Redwood City at Barron Avenue and Bay Road,boiler-class,False,https://www.gjel.com/blog,200,1
https://www.gjel.com/sitemap,https://www.gjel.com/blog/a-storefront-crash-into-los-gatos-coffee-shop-on-thanksgiving-evening,A Storefront Crash Into Los Gatos Coffee Shop on Thanksgiving Evening,boiler-class,False,https://www.gjel.com/blog,200,1
https://www.gjel.com/sitemap-2,https://www.gjel.com/blog/a-storefront-crash-into-los-gatos-coffee-shop-on-thanksgiving-evening,A Storefront Crash Into Los Gatos Coffee Shop on Thanksgiving Evening,boiler-class,False,https://www.gjel.com/blog,200,1
https://www.gjel.com/sitemap,https://www.gjel.com/blog/antioch-highway-4-truck-accident,Antioch Truck Accident: Multi-Vehicle Crash Involving Overturned Big Rig Causes Major Delays on Highway 4,boiler-class,False,https://www.gjel.com/blog,200,1
https://www.gjel.com/sitemap-2,https://www.gjel.com/blog/antioch-highway-4-truck-accident,Antioch Truck Accident: Multi-Vehicle Crash Involving Overturned Big Rig Causes Major Delays on Highway 4,boiler-class,False,https://www.gjel.com/blog,200,1
https://www.gjel.com/driving-information,https://www.gjel.com/blog/auto-insurance-i-need-in-california,[empty],content,False,https://www.gjel.com/blog,200,1
https://www.gjel.com/driving-information,https://www.gjel.com/blog/auto-insurance-i-need-in-california,California Minimum Auto Insurance Requirements,content,False,https://www.gjel.com/blog,200,1
https://www.gjel.com/sitemap,https://www.gjel.com/blog/auto-insurance-i-need-in-california,California Minimum Auto Insurance Requirements,boiler-class,False,https://www.gjel.com/blog,200,1
https://www.gjel.com/sitemap-2,https://www.gjel.com/blog/auto-insurance-i-need-in-california,California Minimum Auto Insurance Requirements,boiler-class,False,https://www.gjel.com/blog,200,1
https://www.gjel.com/legal-news,https://www.gjel.com/blog/bart-excursion-fare-earns-millions-from-passengers,[empty],content,False,https://www.gjel.com/blog,200,1
https://www.gjel.com/legal-news,https://www.gjel.com/blog/bart-excursion-fare-earns-millions-from-passengers,BART’s Excursion Fare: How the Agency Earns Millions from Passengers Not Riding Trains,content,False,https://www.gjel.com/blog,200,1
https://www.gjel.com/sitemap,https://www.gjel.com/blog/bart-excursion-fare-earns-millions-from-passengers,BART’s Excursion Fare: How the Agency Earns Millions from Passengers Not Riding Trains,boiler-class,False,https://www.gjel.com/blog,200,1
https://www.gjel.com/sitemap-2,https://www.gjel.com/blog/bart-excursion-fare-earns-millions-from-passengers,BART’s Excursion Fare: How the Agency Earns Millions from Passengers Not Riding Trains,boiler-class,False,https://www.gjel.com/blog,200,1
https://www.gjel.com/sitemap,https://www.gjel.com/blog/bay-point-pedestrian-accident-on-willow-pass-road,Bay Point Pedestrian Accident on Willow Pass Road: Understanding Your Legal Rights,boiler-class,False,https://www.gjel.com/blog,200,1
https://www.gjel.com/sitemap-2,https://www.gjel.com/blog/bay-point-pedestrian-accident-on-willow-pass-road,Bay Point Pedestrian Accident on Willow Pass Road: Understanding Your Legal Rights,boiler-class,False,https://www.gjel.com/blog,200,1
https://www.gjel.com/california-bicycle-accident-lawyers,https://www.gjel.com/blog/bicycle-accident-112k-settlement-in-brentwood,"$112,500 Brentwood settlement breakdown — case narrative and lessons learned.",content,False,https://www.gjel.com/blog,200,1
https://www.gjel.com/sitemap,https://www.gjel.com/blog/bicycle-accident-112k-settlement-in-brentwood,Bicycle Accident in Brentwood: Securing Compensation After a Serious Collision,boiler-class,False,https://www.gjel.com/blog,200,1
https://www.gjel.com/sitemap-2,https://www.gjel.com/blog/bicycle-accident-112k-settlement-in-brentwood,Bicycle Accident in Brentwood: Securing Compensation After a Serious Collision,boiler-class,False,https://www.gjel.com/blog,200,1
https://www.gjel.com/sitemap,https://www.gjel.com/blog/bicycle-accident-in-boyes-leaves-cyclist-injured,Bicycle Accident at Greger Street and Northside Avenue in Boyes Hot Springs Leaves Cyclist Injured,boiler-class,False,https://www.gjel.com/blog,200,1
https://www.gjel.com/sitemap-2,https://www.gjel.com/blog/bicycle-accident-in-boyes-leaves-cyclist-injured,Bicycle Accident at Greger Street and Northside Avenue in Boyes Hot Springs Leaves Cyclist Injured,boiler-class,False,https://www.gjel.com/blog,200,1
https://www.gjel.com/sitemap,https://www.gjel.com/blog/bicyclist-killed-in-vallejo-bicycle-accident,Bicyclist Killed in Early Morning Vallejo Bicycle Accident on Sonoma Boulevard,boiler-class,False,https://www.gjel.com/blog,200,1
https://www.gjel.com/sitemap-2,https://www.gjel.com/blog/bicyclist-killed-in-vallejo-bicycle-accident,Bicyclist Killed in Early Morning Vallejo Bicycle Accident on Sonoma Boulevard,boiler-class,False,https://www.gjel.com/blog,200,1
https://www.gjel.com/california-bicycle-accident-lawyers,https://www.gjel.com/blog/big-rig-bicycle-collision-in-turlock,Two cyclists injured in Turlock big‑rig collision — commercial vehicle claims nuances.,content,False,https://www.gjel.com/blog,200,1
https://www.gjel.com/sitemap,https://www.gjel.com/blog/california-national-guard-member-dies-in-rollover-accident,California National Guard Member Dies in Rollover Accident on Tollhouse Road in Fresno County,boiler-class,False,https://www.gjel.com/blog,200,1
https://www.gjel.com/sitemap-2,https://www.gjel.com/blog/california-national-guard-member-dies-in-rollover-accident,California National Guard Member Dies in Rollover Accident on Tollhouse Road in Fresno County,boiler-class,False,https://www.gjel.com/blog,200,1
https://www.gjel.com/sitemap,https://www.gjel.com/blog/caltrans-accident-250k-settlement,"$250,000 Settlement for Plumber Injured in Caltrans Collision",boiler-class,False,https://www.gjel.com/blog,200,1
https://www.gjel.com/sitemap-2,https://www.gjel.com/blog/caltrans-accident-250k-settlement,"$250,000 Settlement for Plumber Injured in Caltrans Collision",boiler-class,False,https://www.gjel.com/blog,200,1
https://www.gjel.com/acid-burn-injury-lawyer/settlement-calculator,https://www.gjel.com/blog/can-you-trust-personal-injury-settlement-calculators,significant limitations,content,False,https://www.gjel.com/blog,200,1
https://www.gjel.com/amputation-injury-lawyer-california/settlement-calculator,https://www.gjel.com/blog/can-you-trust-personal-injury-settlement-calculators,significant limitations,content,False,https://www.gjel.com/blog,200,1
https://www.gjel.com/amputation-injury-lawyers/settlement-calculator,https://www.gjel.com/blog/can-you-trust-personal-injury-settlement-calculators,significant limitations,content,False,https://www.gjel.com/blog,200,1
https://www.gjel.com/boat-accident-lawyers/settlement-calculator,https://www.gjel.com/blog/can-you-trust-personal-injury-settlement-calculators,significant limitations,content,False,https://www.gjel.com/blog,200,1
https://www.gjel.com/broken-bones-lawyer/settlement-calculator,https://www.gjel.com/blog/can-you-trust-personal-injury-settlement-calculators,significant limitations,content,False,https://www.gjel.com/blog,200,1
https://www.gjel.com/bus-accident-lawyers/settlement-calculator,https://www.gjel.com/blog/can-you-trust-personal-injury-settlement-calculators,significant limitations,content,False,https://www.gjel.com/blog,200,1
https://www.gjel.com/california-bicycle-accident-lawyers/settlement-calculator,https://www.gjel.com/blog/can-you-trust-personal-injury-settlement-calculators,significant limitations,content,False,https://www.gjel.com/blog,200,1
https://www.gjel.com/california-broken-neck-injury-lawyer/settlement-calculator,https://www.gjel.com/blog/can-you-trust-personal-injury-settlement-calculators,significant limitations,content,False,https://www.gjel.com/blog,200,1
https://www.gjel.com/california-construction-accident-lawyers/settlement-calculator,https://www.gjel.com/blog/can-you-trust-personal-injury-settlement-calculators,significant limitations,content,False,https://www.gjel.com/blog,200,1
https://www.gjel.com/california-crps-attorneys/settlement-calculator,https://www.gjel.com/blog/can-you-trust-personal-injury-settlement-calculators,significant limitations,content,False,https://www.gjel.com/blog,200,1
https://www.gjel.com/california-roof-crush-injury-lawyers/settlement-calculator,https://www.gjel.com/blog/can-you-trust-personal-injury-settlement-calculators,significant limitations t,content,False,https://www.gjel.com/blog,200,1
https://www.gjel.com/car-accident-lawyers/rear-end-car-accidents/settlement-calculator,https://www.gjel.com/blog/can-you-trust-personal-injury-settlement-calculators,significant limitations,content,False,https://www.gjel.com/blog,200,1
https://www.gjel.com/car-accident-lawyers/resulting-death/settlement-calculator,https://www.gjel.com/blog/can-you-trust-personal-injury-settlement-calculators,settlement calculators,content,False,https://www.gjel.com/blog,200,1
https://www.gjel.com/car-accident-lawyers/suv-rollover/settlement-calculator,https://www.gjel.com/blog/can-you-trust-personal-injury-settlement-calculators,settlement calculation,content,False,https://www.gjel.com/blog,200,1
https://www.gjel.com/catastrophic-injury-lawyer/settlement-calculator,https://www.gjel.com/blog/can-you-trust-personal-injury-settlement-calculators,settlement calculators,content,False,https://www.gjel.com/blog,200,1
https://www.gjel.com/collapsed-lung-injury-lawyers/settlement-calculator,https://www.gjel.com/blog/can-you-trust-personal-injury-settlement-calculators,significant limitations,content,False,https://www.gjel.com/blog,200,1
https://www.gjel.com/crush-injury-settlement-calculator,https://www.gjel.com/blog/can-you-trust-personal-injury-settlement-calculators,significant limitations,content,False,https://www.gjel.com/blog,200,1
https://www.gjel.com/dangerous-road-accident-lawyers/settlement-calculator,https://www.gjel.com/blog/can-you-trust-personal-injury-settlement-calculators,significant limitations,content,False,https://www.gjel.com/blog,200,1
https://www.gjel.com/degloving-injury-lawyer/settlement-calculator,https://www.gjel.com/blog/can-you-trust-personal-injury-settlement-calculators,online settlement calculators,content,False,https://www.gjel.com/blog,200,1
https://www.gjel.com/delivery-driver-accident-lawyer/settlement-calculator,https://www.gjel.com/blog/can-you-trust-personal-injury-settlement-calculators,significant limitations,content,False,https://www.gjel.com/blog,200,1
https://www.gjel.com/electric-scooter-injury-attorneys/settlement-calculator,https://www.gjel.com/blog/can-you-trust-personal-injury-settlement-calculators,settlement calculators,content,False,https://www.gjel.com/blog,200,1
https://www.gjel.com/eye-injury-vision-loss-lawyers/settlement-calculator,https://www.gjel.com/blog/can-you-trust-personal-injury-settlement-calculators,significant limitations,content,False,https://www.gjel.com/blog,200,1
https://www.gjel.com/facet-joint-injury-lawyers-helping-you-recover/settlement-calculator,https://www.gjel.com/blog/can-you-trust-personal-injury-settlement-calculators,significant limitations,content,False,https://www.gjel.com/blog,200,1
https://www.gjel.com/helicopter-accident-attorneys/settlement-calculator,https://www.gjel.com/blog/can-you-trust-personal-injury-settlement-calculators,significant limitations,content,False,https://www.gjel.com/blog,200,1
https://www.gjel.com/herniated-disc-injury-lawyers/settlement-calculator,https://www.gjel.com/blog/can-you-trust-personal-injury-settlement-calculators,settlement calculators,content,False,https://www.gjel.com/blog,200,1
https://www.gjel.com/hip-injury-settlement-calculator,https://www.gjel.com/blog/can-you-trust-personal-injury-settlement-calculators,significant limitations,content,False,https://www.gjel.com/blog,200,1
https://www.gjel.com/hit-run-attorney/settlement-calculator,https://www.gjel.com/blog/can-you-trust-personal-injury-settlement-calculators,significant limitations,content,False,https://www.gjel.com/blog,200,1
https://www.gjel.com/motorcycle-accident-settlement-calculator,https://www.gjel.com/blog/can-you-trust-personal-injury-settlement-calculators,significant limitations,content,False,https://www.gjel.com/blog,200,1
https://www.gjel.com/paralysis-injury-lawyers/settlement-calculator,https://www.gjel.com/blog/can-you-trust-personal-injury-settlement-calculators,significant limitations,content,False,https://www.gjel.com/blog,200,1
https://www.gjel.com/plane-crash-lawyers/settlement-calculator,https://www.gjel.com/blog/can-you-trust-personal-injury-settlement-calculators,significant limitations,content,False,https://www.gjel.com/blog,200,1
https://www.gjel.com/scarring-and-disfigurement-lawyer/settlement-calculator,https://www.gjel.com/blog/can-you-trust-personal-injury-settlement-calculators,significant limitations,content,False,https://www.gjel.com/blog,200,1
https://www.gjel.com/seatback-failure-attorneys/settlement-calculator,https://www.gjel.com/blog/can-you-trust-personal-injury-settlement-calculators,significant limitations,content,False,https://www.gjel.com/blog,200,1
https://www.gjel.com/sitemap,https://www.gjel.com/blog/can-you-trust-personal-injury-settlement-calculators,Can You Trust Personal Injury Settlement Calculators?,boiler-class,False,https://www.gjel.com/blog,200,1
https://www.gjel.com/sitemap-2,https://www.gjel.com/blog/can-you-trust-personal-injury-settlement-calculators,Can You Trust Personal Injury Settlement Calculators?,boiler-class,False,https://www.gjel.com/blog,200,1
https://www.gjel.com/taxi-accident-attorney/settlement-calculator,https://www.gjel.com/blog/can-you-trust-personal-injury-settlement-calculators,significant limitations,content,False,https://www.gjel.com/blog,200,1
https://www.gjel.com/train-accident-lawyers/settlement-calculator,https://www.gjel.com/blog/can-you-trust-personal-injury-settlement-calculators,significant limitations,content,False,https://www.gjel.com/blog,200,1
https://www.gjel.com/trauma-activation-injury-attorney/settlement-calculator,https://www.gjel.com/blog/can-you-trust-personal-injury-settlement-calculators,significant limitations,content,False,https://www.gjel.com/blog,200,1
https://www.gjel.com/triplegia-injury-lawyers/settlement-calculator,https://www.gjel.com/blog/can-you-trust-personal-injury-settlement-calculators,significant limitations,content,False,https://www.gjel.com/blog,200,1
https://www.gjel.com/truck-accident-lawyers/logging-truck-accident/settlement-calculator,https://www.gjel.com/blog/can-you-trust-personal-injury-settlement-calculators,significant limitations,content,False,https://www.gjel.com/blog,200,1
https://www.gjel.com/truck-accident-settlement-calculator,https://www.gjel.com/blog/can-you-trust-personal-injury-settlement-calculators,significant limitations,content,False,https://www.gjel.com/blog,200,1
https://www.gjel.com/underinsured-motorist-lawyers/underinsured-settlement-calculator,https://www.gjel.com/blog/can-you-trust-personal-injury-settlement-calculators,significant limitations,content,False,https://www.gjel.com/blog,200,1
https://www.gjel.com/sitemap,https://www.gjel.com/blog/car-accident-settlement-100k,"$100,000 Settlement Achieved for Client in Car Accident",boiler-class,False,https://www.gjel.com/blog,200,1
https://www.gjel.com/sitemap-2,https://www.gjel.com/blog/car-accident-settlement-100k,"$100,000 Settlement Achieved for Client in Car Accident",boiler-class,False,https://www.gjel.com/blog,200,1
https://www.gjel.com/sitemap,https://www.gjel.com/blog/castro-valley-bike-accident-100k-settlement,"Castro Valley Cyclist Secures $100,000 Settlement After Negligent Driver Collision",boiler-class,False,https://www.gjel.com/blog,200,1
https://www.gjel.com/sitemap-2,https://www.gjel.com/blog/castro-valley-bike-accident-100k-settlement,"Castro Valley Cyclist Secures $100,000 Settlement After Negligent Driver Collision",boiler-class,False,https://www.gjel.com/blog,200,1
https://www.gjel.com/archives/15-back-to-school-safety-tips-for-kids-and-drivers,https://www.gjel.com/blog/causes-distracted-driving,top distracted driving,boiler-class,False,https://www.gjel.com/blog,200,1
https://www.gjel.com/blog/state-driving-laws,https://www.gjel.com/blog/causes-distracted-driving,distracted driving,boiler-class,False,https://www.gjel.com/blog,200,1
https://www.gjel.com/blog/the-most-dangerous-days-to-drive-top-10-riskiest-times-on-the-road,https://www.gjel.com/blog/causes-distracted-driving,distracted or aggressive drivers,boiler-class,False,https://www.gjel.com/blog,200,1
https://www.gjel.com/california-bicycle-accident-lawyers/bicycle-safety,https://www.gjel.com/blog/causes-distracted-driving,distracted driving,boiler-class,False,https://www.gjel.com/blog,200,1
https://www.gjel.com/california-motorcycle-accident-statistics-you-need-to-be-aware-of,https://www.gjel.com/blog/causes-distracted-driving,cause accidents,boiler-class,False,https://www.gjel.com/blog,200,1
https://www.gjel.com/car-accident-lawyers/suv-rollover,https://www.gjel.com/blog/causes-distracted-driving,Distracted driving,content,False,https://www.gjel.com/blog,200,1
https://www.gjel.com/car-accident-lawyers/suv-rollover,https://www.gjel.com/blog/causes-distracted-driving,including texting,content,False,https://www.gjel.com/blog,200,1
https://www.gjel.com/driving-information,https://www.gjel.com/blog/causes-distracted-driving,[empty],content,False,https://www.gjel.com/blog,200,1
https://www.gjel.com/driving-information,https://www.gjel.com/blog/causes-distracted-driving,Here Are The Top Causes of Distracted Driving,content,False,https://www.gjel.com/blog,200,1
https://www.gjel.com/how-is-fault-determined-in-bicycle-vs-car-accidents,https://www.gjel.com/blog/causes-distracted-driving,Distracted driving,boiler-class,False,https://www.gjel.com/blog,200,1
https://www.gjel.com/legal-news,https://www.gjel.com/blog/causes-distracted-driving,[empty],content,False,https://www.gjel.com/blog,200,1
https://www.gjel.com/legal-news,https://www.gjel.com/blog/causes-distracted-driving,Here Are The Top Causes of Distracted Driving,content,False,https://www.gjel.com/blog,200,1
https://www.gjel.com/motorcycle-accident-lawyers,https://www.gjel.com/blog/causes-distracted-driving,The sad fact is that too many people are trying to do too many things while out on the road.,content,False,https://www.gjel.com/blog,200,1
https://www.gjel.com/motorcycle-accident-lawyers/do-i-need-a-motorcycle-accident-attorney-even-if-i-have-motorcycle-insurance,https://www.gjel.com/blog/causes-distracted-driving,distracted driving,boiler-class,False,https://www.gjel.com/blog,200,1
https://www.gjel.com/oakland/bicycle-accident-lawyers,https://www.gjel.com/blog/causes-distracted-driving,Distracted driving,boiler-class,False,https://www.gjel.com/blog,200,1
https://www.gjel.com/sacramento/car-accident-statistics,https://www.gjel.com/blog/causes-distracted-driving,Distracted driving,boiler-class,False,https://www.gjel.com/blog,200,1
https://www.gjel.com/sitemap,https://www.gjel.com/blog/causes-distracted-driving,Here Are The Top Causes of Distracted Driving,boiler-class,False,https://www.gjel.com/blog,200,1
https://www.gjel.com/sitemap-2,https://www.gjel.com/blog/causes-distracted-driving,Here Are The Top Causes of Distracted Driving,boiler-class,False,https://www.gjel.com/blog,200,1
https://www.gjel.com/teen-brain-development,https://www.gjel.com/blog/causes-distracted-driving,inexperience,boiler-class,False,https://www.gjel.com/blog,200,1
https://www.gjel.com/top-causes-car-accidents,https://www.gjel.com/blog/causes-distracted-driving,distracted driving,boiler-class,False,https://www.gjel.com/blog,200,1
https://www.gjel.com/top-causes-car-accidents,https://www.gjel.com/blog/causes-distracted-driving,inexperience,boiler-class,False,https://www.gjel.com/blog,200,1
https://www.gjel.com/motorcycle-accident-lawyers,https://www.gjel.com/blog/chevy-bolt-three-wheel-motorcycle-collide-on-i-80-in-fairfield,Fairfield I‑80 crash involving three‑wheel motorcycle,content,False,https://www.gjel.com/blog,200,1
https://www.gjel.com/sitemap,https://www.gjel.com/blog/clovis-electric-scooter-rider-severely-injured,Clovis Scooter Accident: Electric Scooter Rider Severely Injured in Multi-Vehicle Collision,boiler-class,False,https://www.gjel.com/blog,200,1
https://www.gjel.com/sitemap-2,https://www.gjel.com/blog/clovis-electric-scooter-rider-severely-injured,Clovis Scooter Accident: Electric Scooter Rider Severely Injured in Multi-Vehicle Collision,boiler-class,False,https://www.gjel.com/blog,200,1
https://www.gjel.com/sitemap,https://www.gjel.com/blog/construction-worker-seriously-injured,Construction Worker Seriously Injured in Highway 101 Van Collision Near Novato,boiler-class,False,https://www.gjel.com/blog,200,1
https://www.gjel.com/sitemap-2,https://www.gjel.com/blog/construction-worker-seriously-injured,Construction Worker Seriously Injured in Highway 101 Van Collision Near Novato,boiler-class,False,https://www.gjel.com/blog,200,1
https://www.gjel.com/sitemap,https://www.gjel.com/blog/credit-underinsured-motorist-claims,Credit Issues in Underinsured Motorist Claims,boiler-class,False,https://www.gjel.com/blog/credit-underinsured-motorist-claims,LOOP,2
https://www.gjel.com/sitemap-2,https://www.gjel.com/blog/credit-underinsured-motorist-claims,Credit Issues in Underinsured Motorist Claims,boiler-class,False,https://www.gjel.com/blog/credit-underinsured-motorist-claims,LOOP,2
https://www.gjel.com/motorcycle-accident-lawyers,https://www.gjel.com/blog/davis-motorcycle-accident-lodged-under-semi-truck,Davis motorcycle accident under a semi‑truck,content,False,https://www.gjel.com/blog,200,1
https://www.gjel.com/sitemap,https://www.gjel.com/blog/davis-motorcycle-accident-lodged-under-semi-truck,Multi-Vehicle Crash on I-80 in Davis Highlights Motorcycle Accident Safety Concerns,boiler-class,False,https://www.gjel.com/blog,200,1
https://www.gjel.com/sitemap-2,https://www.gjel.com/blog/davis-motorcycle-accident-lodged-under-semi-truck,Multi-Vehicle Crash on I-80 in Davis Highlights Motorcycle Accident Safety Concerns,boiler-class,False,https://www.gjel.com/blog,200,1
https://www.gjel.com/truck-accident-lawyers,https://www.gjel.com/blog/davis-motorcycle-accident-lodged-under-semi-truck,Motorcycle Lodged Under Semi on I‑80 in Davis Multi‑vehicle dynamics and liability splits.,content,False,https://www.gjel.com/blog,200,1
https://www.gjel.com/truck-accident-lawyers/logging-truck-accident,https://www.gjel.com/blog/davis-motorcycle-accident-lodged-under-semi-truck,Motorcycle Lodged Under Semi on I‑80 in Davis,content,False,https://www.gjel.com/blog,200,1
https://www.gjel.com/truck-accident-lawyers/tips-avoid-rollovers,https://www.gjel.com/blog/davis-motorcycle-accident-lodged-under-semi-truck,Motorcycle Lodged Under Semi on I‑80 in Davis,boiler-class,False,https://www.gjel.com/blog,200,1
https://www.gjel.com/truck-accident-lawyers/truck-driver-fatigue,https://www.gjel.com/blog/davis-motorcycle-accident-lodged-under-semi-truck,Motorcycle Lodged Under Semi on I‑80 in Davis,boiler-class,False,https://www.gjel.com/blog,200,1
https://www.gjel.com/truck-accident-lawyers/what-causes-trucks-to-jackknife,https://www.gjel.com/blog/davis-motorcycle-accident-lodged-under-semi-truck,Motorcycle Lodged Under Semi on I‑80 in Davis,boiler-class,False,https://www.gjel.com/blog,200,1
https://www.gjel.com/truck-accident-lawyers/what-is-an-underride-crash,https://www.gjel.com/blog/davis-motorcycle-accident-lodged-under-semi-truck,Motorcycle Lodged Under Semi on I‑80 in Davis,boiler-class,False,https://www.gjel.com/blog,200,1
https://www.gjel.com/sitemap,https://www.gjel.com/blog/deadly-crash-on-interstate-780-claimed-life,Deadly Crash on Interstate 780 Near Vallejo 2nd Street Off-Ramp,boiler-class,False,https://www.gjel.com/blog,200,1
https://www.gjel.com/sitemap-2,https://www.gjel.com/blog/deadly-crash-on-interstate-780-claimed-life,Deadly Crash on Interstate 780 Near Vallejo 2nd Street Off-Ramp,boiler-class,False,https://www.gjel.com/blog,200,1
https://www.gjel.com/sitemap,https://www.gjel.com/blog/deadly-head-on-crash-claims-one-life-and-injuries,Deadly Head-On Crash at White Rock and Grant Line Roads Claims Life of 21-Year-Old Driver,boiler-class,False,https://www.gjel.com/blog,200,1
https://www.gjel.com/sitemap-2,https://www.gjel.com/blog/deadly-head-on-crash-claims-one-life-and-injuries,Deadly Head-On Crash at White Rock and Grant Line Roads Claims Life of 21-Year-Old Driver,boiler-class,False,https://www.gjel.com/blog,200,1
https://www.gjel.com/sitemap,https://www.gjel.com/blog/deadly-hit-and-run-claims-two-lives,Deadly Hit-and-Run on Jefferson Boulevard Claims Two Lives: Fair Oaks Man Arrested,boiler-class,False,https://www.gjel.com/blog,200,1
https://www.gjel.com/sitemap-2,https://www.gjel.com/blog/deadly-hit-and-run-claims-two-lives,Deadly Hit-and-Run on Jefferson Boulevard Claims Two Lives: Fair Oaks Man Arrested,boiler-class,False,https://www.gjel.com/blog,200,1
https://www.gjel.com/sitemap,https://www.gjel.com/blog/deadly-motorcycle-accident-claims-life,Deadly Motorcycle Accident Claims Life Near Fairfield Intersection,boiler-class,False,https://www.gjel.com/blog,200,1
https://www.gjel.com/sitemap-2,https://www.gjel.com/blog/deadly-motorcycle-accident-claims-life,Deadly Motorcycle Accident Claims Life Near Fairfield Intersection,boiler-class,False,https://www.gjel.com/blog,200,1
https://www.gjel.com/sitemap,https://www.gjel.com/blog/deadly-motorcycle-crash-causes-major-traffic-delays,Deadly Motorcycle Crash on I-80 Near Davis Causes Major Traffic Delays,boiler-class,False,https://www.gjel.com/blog,200,1
https://www.gjel.com/sitemap-2,https://www.gjel.com/blog/deadly-motorcycle-crash-causes-major-traffic-delays,Deadly Motorcycle Crash on I-80 Near Davis Causes Major Traffic Delays,boiler-class,False,https://www.gjel.com/blog,200,1
https://www.gjel.com/motorcycle-accident-lawyers,https://www.gjel.com/blog/deadly-motorcycle-crash-in-oakland,Deadly motorcycle crash in Oakland,content,False,https://www.gjel.com/blog,200,1
https://www.gjel.com/sitemap,https://www.gjel.com/blog/deadly-motorcycle-crash-in-oakland,Deadly Motorcycle Crash on I-880 Near Oakland Coliseum Causes Major Traffic Delays,boiler-class,False,https://www.gjel.com/blog,200,1
https://www.gjel.com/sitemap-2,https://www.gjel.com/blog/deadly-motorcycle-crash-in-oakland,Deadly Motorcycle Crash on I-880 Near Oakland Coliseum Causes Major Traffic Delays,boiler-class,False,https://www.gjel.com/blog,200,1
https://www.gjel.com/sitemap,https://www.gjel.com/blog/diesel-spill-shuts-down-highway-101-lanes,Diesel Spill Shuts Down Highway 101 Lanes After SUV Collides with Semitruck in Santa Rosa,boiler-class,False,https://www.gjel.com/blog,200,1
https://www.gjel.com/sitemap-2,https://www.gjel.com/blog/diesel-spill-shuts-down-highway-101-lanes,Diesel Spill Shuts Down Highway 101 Lanes After SUV Collides with Semitruck in Santa Rosa,boiler-class,False,https://www.gjel.com/blog,200,1
https://www.gjel.com/sitemap,https://www.gjel.com/blog/drunk-driver-suspected-in-second-collision-killed-disabled-motorist,Fatal Highway 99 Crash in Stockton: Drunk Driver Suspected in Second Collision That Killed Disabled Motorist,boiler-class,False,https://www.gjel.com/blog,200,1
https://www.gjel.com/sitemap-2,https://www.gjel.com/blog/drunk-driver-suspected-in-second-collision-killed-disabled-motorist,Fatal Highway 99 Crash in Stockton: Drunk Driver Suspected in Second Collision That Killed Disabled Motorist,boiler-class,False,https://www.gjel.com/blog,200,1
https://www.gjel.com/sitemap,https://www.gjel.com/blog/early-morning-traffic-collision-prompts-emergency-response,Early Morning Traffic Collision on US-101 North in King City Prompts Emergency Response,boiler-class,False,https://www.gjel.com/blog,200,1
https://www.gjel.com/sitemap-2,https://www.gjel.com/blog/early-morning-traffic-collision-prompts-emergency-response,Early Morning Traffic Collision on US-101 North in King City Prompts Emergency Response,boiler-class,False,https://www.gjel.com/blog,200,1
https://www.gjel.com/stockton/amputation-lawyers,https://www.gjel.com/blog/elderly-pedestrian-fatality-in-stockton,Elderly pedestrian fatally struck in Stockton,boiler-class,False,https://www.gjel.com/blog,200,1
https://www.gjel.com/stockton/bicycle-accidents,https://www.gjel.com/blog/elderly-pedestrian-fatality-in-stockton,Elderly pedestrian fatally struck in Stockton,boiler-class,False,https://www.gjel.com/blog,200,1
https://www.gjel.com/stockton/brain-injuries,https://www.gjel.com/blog/elderly-pedestrian-fatality-in-stockton,Elderly pedestrian fatally struck in Stockton,boiler-class,False,https://www.gjel.com/blog,200,1
https://www.gjel.com/stockton/motorcycle-accident-lawyer,https://www.gjel.com/blog/elderly-pedestrian-fatality-in-stockton,Elderly pedestrian fatally struck in Stockton,boiler-class,False,https://www.gjel.com/blog,200,1
https://www.gjel.com/stockton/truck-accidents,https://www.gjel.com/blog/elderly-pedestrian-fatality-in-stockton,Elderly pedestrian fatally struck in Stockton,boiler-class,False,https://www.gjel.com/blog,200,1
https://www.gjel.com/stockton/wrongful-death-attorneys,https://www.gjel.com/blog/elderly-pedestrian-fatality-in-stockton,Elderly pedestrian fatally struck in Stockton,boiler-class,False,https://www.gjel.com/blog,200,1
https://www.gjel.com/sitemap,https://www.gjel.com/blog/family-dog-dies-person-injured-in-valley-springs-single-car-accident,"Family Dog Dies, Person Injured in Valley Springs Single-Car Accident",boiler-class,False,https://www.gjel.com/blog,200,1
https://www.gjel.com/sitemap-2,https://www.gjel.com/blog/family-dog-dies-person-injured-in-valley-springs-single-car-accident,"Family Dog Dies, Person Injured in Valley Springs Single-Car Accident",boiler-class,False,https://www.gjel.com/blog,200,1
https://www.gjel.com/sitemap,https://www.gjel.com/blog/fatal-bicycle-accident-claims-life-of-60-year-old,Fatal Bicycle Accident Claims Life of 60-Year-Old Roseville Man on I-80 Ramp,boiler-class,False,https://www.gjel.com/blog,200,1
https://www.gjel.com/sitemap-2,https://www.gjel.com/blog/fatal-bicycle-accident-claims-life-of-60-year-old,Fatal Bicycle Accident Claims Life of 60-Year-Old Roseville Man on I-80 Ramp,boiler-class,False,https://www.gjel.com/blog,200,1
https://www.gjel.com/california-bicycle-accident-lawyers,https://www.gjel.com/blog/fatal-bicycle-accident-critically-injured-a-kid-cyclist,Child critically injured in Bakersfield bicycle collision — family resources and claim considerations.,content,False,https://www.gjel.com/blog,200,1
https://www.gjel.com/california-bicycle-accident-lawyers,https://www.gjel.com/blog/fatal-bicycle-accident-in-sacramento,63‑year‑old cyclist killed in North Highlands — case context and safety takeaways.,content,False,https://www.gjel.com/blog,200,1
https://www.gjel.com/california-bicycle-accident-lawyers,https://www.gjel.com/blog/fatal-bicycle-accident-linda-yuba-county,"Fatal bicycle accident in Linda, Yuba County — community impact and legal guidance.",content,False,https://www.gjel.com/blog,200,1
https://www.gjel.com/sitemap,https://www.gjel.com/blog/fatal-bicycle-accident-linda-yuba-county,Fatal Bicycle Accident in Linda Highlights Road Safety Concerns for Cyclists,boiler-class,False,https://www.gjel.com/blog,200,1
https://www.gjel.com/sitemap-2,https://www.gjel.com/blog/fatal-bicycle-accident-linda-yuba-county,Fatal Bicycle Accident in Linda Highlights Road Safety Concerns for Cyclists,boiler-class,False,https://www.gjel.com/blog,200,1
https://www.gjel.com/california-bicycle-accident-lawyers,https://www.gjel.com/blog/fatal-bicycle-tractor-collision-county-road-29,Bicyclist fatally struck by tractor near Davis — rural road risks and claim issues.,content,False,https://www.gjel.com/blog,200,1
https://www.gjel.com/sitemap,https://www.gjel.com/blog/fatal-chain-reaction-crash-hit-and-run-dui,Fatal Chain-Reaction Crash on I-280 in Daly City Claims Life of Young Driver,boiler-class,False,https://www.gjel.com/blog,200,1
https://www.gjel.com/sitemap-2,https://www.gjel.com/blog/fatal-chain-reaction-crash-hit-and-run-dui,Fatal Chain-Reaction Crash on I-280 in Daly City Claims Life of Young Driver,boiler-class,False,https://www.gjel.com/blog,200,1
https://www.gjel.com/archives/fatal-pedestrian-accident-san-jose,https://www.gjel.com/blog/fatal-collision-in-san-jose-legal-options,Fatal collision in San Jose and legal options for families,boiler-class,False,https://www.gjel.com/blog,200,1
https://www.gjel.com/archives/post-office-building-crash-in-san-jose,https://www.gjel.com/blog/fatal-collision-in-san-jose-legal-options,Fatal collision in San Jose and legal options for families,boiler-class,False,https://www.gjel.com/blog,200,1
https://www.gjel.com/archives/pregnant-woman-dies-in-san-jose-fatal-collision,https://www.gjel.com/blog/fatal-collision-in-san-jose-legal-options,Fatal collision in San Jose and legal options for families,boiler-class,False,https://www.gjel.com/blog,200,1
https://www.gjel.com/archives/san-jose-traffic-sensors-bike-motorcycle-safety,https://www.gjel.com/blog/fatal-collision-in-san-jose-legal-options,Fatal collision in San Jose and legal options for families,boiler-class,False,https://www.gjel.com/blog,200,1
https://www.gjel.com/how-to-find-the-best-personal-injury-lawyer-in-san-jose,https://www.gjel.com/blog/fatal-collision-in-san-jose-legal-options,Fatal collision in San Jose and legal options for families,boiler-class,False,https://www.gjel.com/blog,200,1
https://www.gjel.com/san-jose/bicycle-accident-lawyers,https://www.gjel.com/blog/fatal-collision-in-san-jose-legal-options,Fatal collision in San Jose and legal options for families,boiler-class,False,https://www.gjel.com/blog,200,1
https://www.gjel.com/san-jose/brain-injury-lawyers,https://www.gjel.com/blog/fatal-collision-in-san-jose-legal-options,Fatal collision in San Jose and legal options for families,boiler-class,False,https://www.gjel.com/blog,200,1
https://www.gjel.com/san-jose/motorcycle-accident-lawyers,https://www.gjel.com/blog/fatal-collision-in-san-jose-legal-options,Fatal collision in San Jose and legal options for families,boiler-class,False,https://www.gjel.com/blog,200,1
https://www.gjel.com/san-jose/truck-accident-lawyer,https://www.gjel.com/blog/fatal-collision-in-san-jose-legal-options,Fatal collision in San Jose and legal options for families,boiler-class,False,https://www.gjel.com/blog,200,1
https://www.gjel.com/san-jose/wrongful-death-lawyers,https://www.gjel.com/blog/fatal-collision-in-san-jose-legal-options,Fatal collision in San Jose and legal options for families,boiler-class,False,https://www.gjel.com/blog,200,1
https://www.gjel.com/sitemap,https://www.gjel.com/blog/fatal-collision-in-san-jose-legal-options,Fatal Collision in San Jose: Understanding the Legal Implications of Traffic Accidents,boiler-class,False,https://www.gjel.com/blog,200,1
https://www.gjel.com/sitemap-2,https://www.gjel.com/blog/fatal-collision-in-san-jose-legal-options,Fatal Collision in San Jose: Understanding the Legal Implications of Traffic Accidents,boiler-class,False,https://www.gjel.com/blog,200,1
https://www.gjel.com/stockton/amputation-lawyers,https://www.gjel.com/blog/fatal-collision-in-stockton-claims-life-of-woman-in-her-30s,Fatal collision in Stockton,boiler-class,False,https://www.gjel.com/blog,200,1
https://www.gjel.com/stockton/bicycle-accidents,https://www.gjel.com/blog/fatal-collision-in-stockton-claims-life-of-woman-in-her-30s,Fatal collision in Stockton,boiler-class,False,https://www.gjel.com/blog,200,1
https://www.gjel.com/stockton/brain-injuries,https://www.gjel.com/blog/fatal-collision-in-stockton-claims-life-of-woman-in-her-30s,Fatal collision in Stockton,boiler-class,False,https://www.gjel.com/blog,200,1
https://www.gjel.com/stockton/motorcycle-accident-lawyer,https://www.gjel.com/blog/fatal-collision-in-stockton-claims-life-of-woman-in-her-30s,Fatal collision in Stockton,boiler-class,False,https://www.gjel.com/blog,200,1
https://www.gjel.com/stockton/truck-accidents,https://www.gjel.com/blog/fatal-collision-in-stockton-claims-life-of-woman-in-her-30s,Fatal collision in Stockton,boiler-class,False,https://www.gjel.com/blog,200,1
https://www.gjel.com/stockton/wrongful-death-attorneys,https://www.gjel.com/blog/fatal-collision-in-stockton-claims-life-of-woman-in-her-30s,Fatal collision in Stockton,boiler-class,False,https://www.gjel.com/blog,200,1
https://www.gjel.com/sitemap,https://www.gjel.com/blog/fatal-crash-claims-life-of-man-in-rear-end-collision,Fatal Crash Claims Life of Parlier Man in Rear-End Collision with Semi-Tractor on American Avenue,boiler-class,False,https://www.gjel.com/blog,200,1
https://www.gjel.com/sitemap-2,https://www.gjel.com/blog/fatal-crash-claims-life-of-man-in-rear-end-collision,Fatal Crash Claims Life of Parlier Man in Rear-End Collision with Semi-Tractor on American Avenue,boiler-class,False,https://www.gjel.com/blog,200,1
https://www.gjel.com/sitemap,https://www.gjel.com/blog/fatal-crash-claims-one-life-injures-another,"Fatal Crash on Highway 99 Near Los Molinos Claims One Life, Injures Another",boiler-class,False,https://www.gjel.com/blog,200,1
https://www.gjel.com/sitemap-2,https://www.gjel.com/blog/fatal-crash-claims-one-life-injures-another,"Fatal Crash on Highway 99 Near Los Molinos Claims One Life, Injures Another",boiler-class,False,https://www.gjel.com/blog,200,1
https://www.gjel.com/sitemap,https://www.gjel.com/blog/fatal-crash-in-santa-clara-county-wrongful-death,Fatal Crash in Highway 152 Near Gilroy Claims Life in Santa Clara County,boiler-class,False,https://www.gjel.com/blog,200,1
https://www.gjel.com/sitemap-2,https://www.gjel.com/blog/fatal-crash-in-santa-clara-county-wrongful-death,Fatal Crash in Highway 152 Near Gilroy Claims Life in Santa Clara County,boiler-class,False,https://www.gjel.com/blog,200,1
https://www.gjel.com/sitemap,https://www.gjel.com/blog/fatal-crash-leaves-one-dead-multiple-injured,"Fatal Crash On Highway 99 Near Highway 180 Leaves One Dead, Multiple Injured in Fresno",boiler-class,False,https://www.gjel.com/blog,200,1
https://www.gjel.com/sitemap-2,https://www.gjel.com/blog/fatal-crash-leaves-one-dead-multiple-injured,"Fatal Crash On Highway 99 Near Highway 180 Leaves One Dead, Multiple Injured in Fresno",boiler-class,False,https://www.gjel.com/blog,200,1
https://www.gjel.com/sitemap,https://www.gjel.com/blog/fatal-dui-crash-claims-one-life-injures-two-others,"Fatal DUI Crash on Lakeville Highway Claims One Life, Injures Two Others",boiler-class,False,https://www.gjel.com/blog,200,1
https://www.gjel.com/sitemap-2,https://www.gjel.com/blog/fatal-dui-crash-claims-one-life-injures-two-others,"Fatal DUI Crash on Lakeville Highway Claims One Life, Injures Two Others",boiler-class,False,https://www.gjel.com/blog,200,1
https://www.gjel.com/sitemap,https://www.gjel.com/blog/fatal-dui-wrong-way-crash-claims-life,Fatal DUI Wrong-Way Crash on Highway 87 Claims Life of San Jose Passenger,boiler-class,False,https://www.gjel.com/blog,200,1
https://www.gjel.com/sitemap-2,https://www.gjel.com/blog/fatal-dui-wrong-way-crash-claims-life,Fatal DUI Wrong-Way Crash on Highway 87 Claims Life of San Jose Passenger,boiler-class,False,https://www.gjel.com/blog,200,1
https://www.gjel.com/sitemap,https://www.gjel.com/blog/fatal-early-morning-crash-claims-life-of-fresno-woman,Fatal Early Morning Crash Claims Life of Fresno Woman at Cedar and McKinley Intersection,boiler-class,False,https://www.gjel.com/blog,200,1
https://www.gjel.com/sitemap-2,https://www.gjel.com/blog/fatal-early-morning-crash-claims-life-of-fresno-woman,Fatal Early Morning Crash Claims Life of Fresno Woman at Cedar and McKinley Intersection,boiler-class,False,https://www.gjel.com/blog,200,1
https://www.gjel.com/sitemap,https://www.gjel.com/blog/fatal-head-on-big-rig-collision-closes-highway,Fatal Head-On Big Rig Collision Closes Highway 20 in Northern California,boiler-class,False,https://www.gjel.com/blog,200,1
https://www.gjel.com/sitemap-2,https://www.gjel.com/blog/fatal-head-on-big-rig-collision-closes-highway,Fatal Head-On Big Rig Collision Closes Highway 20 in Northern California,boiler-class,False,https://www.gjel.com/blog,200,1
https://www.gjel.com/sitemap,https://www.gjel.com/blog/fatal-head-on-collision-claims-one-life,Fatal Head-On Collision on Highway 120 Claims One Life in Stanislaus County,boiler-class,False,https://www.gjel.com/blog,200,1
https://www.gjel.com/sitemap-2,https://www.gjel.com/blog/fatal-head-on-collision-claims-one-life,Fatal Head-On Collision on Highway 120 Claims One Life in Stanislaus County,boiler-class,False,https://www.gjel.com/blog,200,1
https://www.gjel.com/sitemap,https://www.gjel.com/blog/fatal-head-on-collision-claims-womans-life,Fatal Head-On Collision Claims Woman’s Life on Highway 121 in Schellville,boiler-class,False,https://www.gjel.com/blog,200,1
https://www.gjel.com/sitemap-2,https://www.gjel.com/blog/fatal-head-on-collision-claims-womans-life,Fatal Head-On Collision Claims Woman’s Life on Highway 121 in Schellville,boiler-class,False,https://www.gjel.com/blog,200,1
https://www.gjel.com/sitemap,https://www.gjel.com/blog/fatal-head-on-collision-in-napa-county,Fatal Head-On Collision in Napa County: Understanding Your Legal Rights After a Serious Car Accident,boiler-class,False,https://www.gjel.com/blog,200,1
https://www.gjel.com/sitemap-2,https://www.gjel.com/blog/fatal-head-on-collision-in-napa-county,Fatal Head-On Collision in Napa County: Understanding Your Legal Rights After a Serious Car Accident,boiler-class,False,https://www.gjel.com/blog,200,1
https://www.gjel.com/sitemap,https://www.gjel.com/blog/fatal-head-on-collision-leaves-one-dead-five-injured,"Fatal Head-On Collision in Monterey County Leaves One Dead, Five Injured",boiler-class,False,https://www.gjel.com/blog,200,1
https://www.gjel.com/sitemap-2,https://www.gjel.com/blog/fatal-head-on-collision-leaves-one-dead-five-injured,"Fatal Head-On Collision in Monterey County Leaves One Dead, Five Injured",boiler-class,False,https://www.gjel.com/blog,200,1
https://www.gjel.com/sitemap,https://www.gjel.com/blog/fatal-head-on-collision-on-highway-101,Fatal Head-On Collision on Highway 101 Near Laytonville Results in DUI Arrest,boiler-class,False,https://www.gjel.com/blog,200,1
https://www.gjel.com/sitemap-2,https://www.gjel.com/blog/fatal-head-on-collision-on-highway-101,Fatal Head-On Collision on Highway 101 Near Laytonville Results in DUI Arrest,boiler-class,False,https://www.gjel.com/blog,200,1
https://www.gjel.com/sitemap,https://www.gjel.com/blog/fatal-head-on-crash-closes-highway,Fatal Head-On Crash Closes Highway 395 Near Milford in Lassen County,boiler-class,False,https://www.gjel.com/blog,200,1
https://www.gjel.com/sitemap-2,https://www.gjel.com/blog/fatal-head-on-crash-closes-highway,Fatal Head-On Crash Closes Highway 395 Near Milford in Lassen County,boiler-class,False,https://www.gjel.com/blog,200,1
https://www.gjel.com/sitemap,https://www.gjel.com/blog/fatal-high-speed-crash-in-la-riviera-claims-one-life-injures-two-others,"Fatal High-Speed Crash in La Riviera Claims One Life, Injures Two Others",boiler-class,False,https://www.gjel.com/blog,200,1
https://www.gjel.com/sitemap-2,https://www.gjel.com/blog/fatal-high-speed-crash-in-la-riviera-claims-one-life-injures-two-others,"Fatal High-Speed Crash in La Riviera Claims One Life, Injures Two Others",boiler-class,False,https://www.gjel.com/blog,200,1
https://www.gjel.com/california-bicycle-accident-lawyers,https://www.gjel.com/blog/fatal-hit-and-run-bicycle-accident,Fatal hit‑and‑run bicycle accident in San Joaquin County — legal implications and next steps for families.,content,False,https://www.gjel.com/blog,200,1
https://www.gjel.com/sitemap,https://www.gjel.com/blog/fatal-hit-and-run-bicycle-accident,Fatal Hit-and-Run Bicycle Accident in San Joaquin County,boiler-class,False,https://www.gjel.com/blog,200,1
https://www.gjel.com/sitemap-2,https://www.gjel.com/blog/fatal-hit-and-run-bicycle-accident,Fatal Hit-and-Run Bicycle Accident in San Joaquin County,boiler-class,False,https://www.gjel.com/blog,200,1
https://www.gjel.com/sitemap,https://www.gjel.com/blog/fatal-hit-and-run-in-san-jose-pedestrian-killed,"Fatal Hit-and-Run in San José: Pedestrian Killed, Driver Apprehended",boiler-class,False,https://www.gjel.com/blog,200,1
https://www.gjel.com/sitemap-2,https://www.gjel.com/blog/fatal-hit-and-run-in-san-jose-pedestrian-killed,"Fatal Hit-and-Run in San José: Pedestrian Killed, Driver Apprehended",boiler-class,False,https://www.gjel.com/blog,200,1
https://www.gjel.com/archives/fatal-pedestrian-accident-san-jose,https://www.gjel.com/blog/fatal-hit-and-run-in-san-jose-pedestrian-killed-driver-apprehended,"Fatal hit‑and‑run in San Jose, pedestrian killed, driver apprehended",boiler-class,False,https://www.gjel.com/blog,200,2
https://www.gjel.com/archives/post-office-building-crash-in-san-jose,https://www.gjel.com/blog/fatal-hit-and-run-in-san-jose-pedestrian-killed-driver-apprehended,"Fatal hit‑and‑run in San Jose, pedestrian killed, driver apprehended",boiler-class,False,https://www.gjel.com/blog,200,2
https://www.gjel.com/archives/pregnant-woman-dies-in-san-jose-fatal-collision,https://www.gjel.com/blog/fatal-hit-and-run-in-san-jose-pedestrian-killed-driver-apprehended,"Fatal hit‑and‑run in San Jose, pedestrian killed, driver apprehended",boiler-class,False,https://www.gjel.com/blog,200,2
https://www.gjel.com/archives/san-jose-traffic-sensors-bike-motorcycle-safety,https://www.gjel.com/blog/fatal-hit-and-run-in-san-jose-pedestrian-killed-driver-apprehended,"Fatal hit‑and‑run in San Jose, pedestrian killed, driver apprehended",boiler-class,False,https://www.gjel.com/blog,200,2
https://www.gjel.com/how-to-find-the-best-personal-injury-lawyer-in-san-jose,https://www.gjel.com/blog/fatal-hit-and-run-in-san-jose-pedestrian-killed-driver-apprehended,"Fatal hit‑and‑run in San Jose, pedestrian killed, driver apprehended",boiler-class,False,https://www.gjel.com/blog,200,2
https://www.gjel.com/san-jose/bicycle-accident-lawyers,https://www.gjel.com/blog/fatal-hit-and-run-in-san-jose-pedestrian-killed-driver-apprehended,"Fatal hit‑and‑run in San Jose, pedestrian killed, driver apprehended",boiler-class,False,https://www.gjel.com/blog,200,2
https://www.gjel.com/san-jose/brain-injury-lawyers,https://www.gjel.com/blog/fatal-hit-and-run-in-san-jose-pedestrian-killed-driver-apprehended,"Fatal hit‑and‑run in San Jose, pedestrian killed, driver apprehended",boiler-class,False,https://www.gjel.com/blog,200,2
https://www.gjel.com/san-jose/motorcycle-accident-lawyers,https://www.gjel.com/blog/fatal-hit-and-run-in-san-jose-pedestrian-killed-driver-apprehended,"Fatal hit‑and‑run in San Jose, pedestrian killed, driver apprehended",boiler-class,False,https://www.gjel.com/blog,200,2
https://www.gjel.com/san-jose/truck-accident-lawyer,https://www.gjel.com/blog/fatal-hit-and-run-in-san-jose-pedestrian-killed-driver-apprehended,"Fatal hit‑and‑run in San Jose, pedestrian killed, driver apprehended",boiler-class,False,https://www.gjel.com/blog,200,2
https://www.gjel.com/san-jose/wrongful-death-lawyers,https://www.gjel.com/blog/fatal-hit-and-run-in-san-jose-pedestrian-killed-driver-apprehended,"Fatal hit‑and‑run in San Jose, pedestrian killed, driver apprehended",boiler-class,False,https://www.gjel.com/blog,200,2
https://www.gjel.com/sitemap,https://www.gjel.com/blog/fatal-i-580-early-morning-collision-near-richmond-san-rafael-bridge-what-oakland-drivers-need-to-know,Fatal I-580 Early Morning Collision Near Richmond-San Rafael Bridge: What Oakland Drivers Need to Know,boiler-class,False,https://www.gjel.com/blog,200,1
https://www.gjel.com/sitemap-2,https://www.gjel.com/blog/fatal-i-580-early-morning-collision-near-richmond-san-rafael-bridge-what-oakland-drivers-need-to-know,Fatal I-580 Early Morning Collision Near Richmond-San Rafael Bridge: What Oakland Drivers Need to Know,boiler-class,False,https://www.gjel.com/blog,200,1
https://www.gjel.com/sitemap,https://www.gjel.com/blog/fatal-motorcycle-accident-claims-life,Fatal Motorcycle Accident on Coloma Road Claims Life in Placerville,boiler-class,False,https://www.gjel.com/blog,200,1
https://www.gjel.com/sitemap-2,https://www.gjel.com/blog/fatal-motorcycle-accident-claims-life,Fatal Motorcycle Accident on Coloma Road Claims Life in Placerville,boiler-class,False,https://www.gjel.com/blog,200,1
https://www.gjel.com/sitemap,https://www.gjel.com/blog/fatal-motorcycle-accident-claims-riders-life,Fatal Motorcycle Accident on I-80 in Emeryville Claims Rider’s Life,boiler-class,False,https://www.gjel.com/blog,200,1
https://www.gjel.com/sitemap-2,https://www.gjel.com/blog/fatal-motorcycle-accident-claims-riders-life,Fatal Motorcycle Accident on I-80 in Emeryville Claims Rider’s Life,boiler-class,False,https://www.gjel.com/blog,200,1
https://www.gjel.com/sitemap,https://www.gjel.com/blog/fatal-motorcycle-accident-closes-interstate-80,Fatal Motorcycle Accident Closes Interstate 80 in Berkeley Sunday Afternoon,boiler-class,False,https://www.gjel.com/blog,200,1
https://www.gjel.com/sitemap-2,https://www.gjel.com/blog/fatal-motorcycle-accident-closes-interstate-80,Fatal Motorcycle Accident Closes Interstate 80 in Berkeley Sunday Afternoon,boiler-class,False,https://www.gjel.com/blog,200,1
https://www.gjel.com/motorcycle-accident-lawyers,https://www.gjel.com/blog/fatal-motorcycle-collision-in-santa-cruz-mountains-under-chp-investigation,Fatal motorcycle collision in the Santa Cruz Mountains,content,False,https://www.gjel.com/blog,200,1
https://www.gjel.com/sitemap,https://www.gjel.com/blog/fatal-motorcycle-crash-in-rohnert-park,Fatal Motorcycle Crash on Highway 101 in Rohnert Park Claims Life After Vehicle Loses Control Avoiding Road Debris,boiler-class,False,https://www.gjel.com/blog,200,1
https://www.gjel.com/sitemap-2,https://www.gjel.com/blog/fatal-motorcycle-crash-in-rohnert-park,Fatal Motorcycle Crash on Highway 101 in Rohnert Park Claims Life After Vehicle Loses Control Avoiding Road Debris,boiler-class,False,https://www.gjel.com/blog,200,1
https://www.gjel.com/sitemap,https://www.gjel.com/blog/fatal-multi-vehicle-crash-on-i-5-claims-life-of-24-year-old-passenger-in-fresno-area,Fatal Multi-Vehicle Crash on I-5 Claims Life of 24-Year-Old Passenger in Fresno Area,boiler-class,False,https://www.gjel.com/wrongful-death-lawyers,200,1
https://www.gjel.com/sitemap-2,https://www.gjel.com/blog/fatal-multi-vehicle-crash-on-i-5-claims-life-of-24-year-old-passenger-in-fresno-area,Fatal Multi-Vehicle Crash on I-5 Claims Life of 24-Year-Old Passenger in Fresno Area,boiler-class,False,https://www.gjel.com/wrongful-death-lawyers,200,1
https://www.gjel.com/sitemap,https://www.gjel.com/blog/fatal-pedestrian-accident-claims-life-of-34-year-old-man,Fatal Pedestrian Accident on Herndon Avenue in Northwest Fresno Claims Life of 34-Year-Old Man,boiler-class,False,https://www.gjel.com/blog,200,1
https://www.gjel.com/sitemap-2,https://www.gjel.com/blog/fatal-pedestrian-accident-claims-life-of-34-year-old-man,Fatal Pedestrian Accident on Herndon Avenue in Northwest Fresno Claims Life of 34-Year-Old Man,boiler-class,False,https://www.gjel.com/blog,200,1
https://www.gjel.com/sitemap,https://www.gjel.com/blog/fatal-pedestrian-accident-claims-life-of-55-year-old-man,Fatal Pedestrian Accident on Decoto Road in Union City Claims Life of 55-Year-Old Man,boiler-class,False,https://www.gjel.com/blog,200,1
https://www.gjel.com/sitemap-2,https://www.gjel.com/blog/fatal-pedestrian-accident-claims-life-of-55-year-old-man,Fatal Pedestrian Accident on Decoto Road in Union City Claims Life of 55-Year-Old Man,boiler-class,False,https://www.gjel.com/blog,200,1
https://www.gjel.com/sitemap,https://www.gjel.com/blog/fatal-pedestrian-accident-in-downtown-san-rafael,Fatal Pedestrian Accident at A and Second Streets in Downtown San Rafael,boiler-class,False,https://www.gjel.com/blog,200,1
https://www.gjel.com/sitemap-2,https://www.gjel.com/blog/fatal-pedestrian-accident-in-downtown-san-rafael,Fatal Pedestrian Accident at A and Second Streets in Downtown San Rafael,boiler-class,False,https://www.gjel.com/blog,200,1
https://www.gjel.com/sitemap,https://www.gjel.com/blog/fatal-pedestrian-accident-in-hickman-claims-life,Fatal Pedestrian Accident on Lake Road in Hickman Claims Life of Modesto Man,boiler-class,False,https://www.gjel.com/blog,200,1
https://www.gjel.com/sitemap-2,https://www.gjel.com/blog/fatal-pedestrian-accident-in-hickman-claims-life,Fatal Pedestrian Accident on Lake Road in Hickman Claims Life of Modesto Man,boiler-class,False,https://www.gjel.com/blog,200,1
https://www.gjel.com/sitemap,https://www.gjel.com/blog/fatal-pedestrian-accident-in-sacramento-3,Fatal Pedestrian Accident at Sheldon Road and Butterscotch Way in Sacramento,boiler-class,False,https://www.gjel.com/blog,200,1
https://www.gjel.com/sitemap-2,https://www.gjel.com/blog/fatal-pedestrian-accident-in-sacramento-3,Fatal Pedestrian Accident at Sheldon Road and Butterscotch Way in Sacramento,boiler-class,False,https://www.gjel.com/blog,200,1
https://www.gjel.com/archives/fatal-pedestrian-accident-san-jose,https://www.gjel.com/blog/fatal-pedestrian-accident-in-san-jose,Fatal pedestrian accident in San Jose report,boiler-class,False,https://www.gjel.com/blog,200,1
https://www.gjel.com/archives/post-office-building-crash-in-san-jose,https://www.gjel.com/blog/fatal-pedestrian-accident-in-san-jose,Fatal pedestrian accident in San Jose report,boiler-class,False,https://www.gjel.com/blog,200,1
https://www.gjel.com/archives/pregnant-woman-dies-in-san-jose-fatal-collision,https://www.gjel.com/blog/fatal-pedestrian-accident-in-san-jose,Fatal pedestrian accident in San Jose report,boiler-class,False,https://www.gjel.com/blog,200,1
https://www.gjel.com/archives/san-jose-traffic-sensors-bike-motorcycle-safety,https://www.gjel.com/blog/fatal-pedestrian-accident-in-san-jose,Fatal pedestrian accident in San Jose report,boiler-class,False,https://www.gjel.com/blog,200,1
https://www.gjel.com/how-to-find-the-best-personal-injury-lawyer-in-san-jose,https://www.gjel.com/blog/fatal-pedestrian-accident-in-san-jose,Fatal pedestrian accident in San Jose report,boiler-class,False,https://www.gjel.com/blog,200,1
https://www.gjel.com/san-jose/bicycle-accident-lawyers,https://www.gjel.com/blog/fatal-pedestrian-accident-in-san-jose,Fatal pedestrian accident in San Jose report,boiler-class,False,https://www.gjel.com/blog,200,1
https://www.gjel.com/san-jose/brain-injury-lawyers,https://www.gjel.com/blog/fatal-pedestrian-accident-in-san-jose,Fatal pedestrian accident in San Jose report,boiler-class,False,https://www.gjel.com/blog,200,1
https://www.gjel.com/san-jose/motorcycle-accident-lawyers,https://www.gjel.com/blog/fatal-pedestrian-accident-in-san-jose,Fatal pedestrian accident in San Jose report,boiler-class,False,https://www.gjel.com/blog,200,1
https://www.gjel.com/san-jose/truck-accident-lawyer,https://www.gjel.com/blog/fatal-pedestrian-accident-in-san-jose,Fatal pedestrian accident in San Jose report,boiler-class,False,https://www.gjel.com/blog,200,1
https://www.gjel.com/san-jose/wrongful-death-lawyers,https://www.gjel.com/blog/fatal-pedestrian-accident-in-san-jose,Fatal pedestrian accident in San Jose report,boiler-class,False,https://www.gjel.com/blog,200,1
https://www.gjel.com/sitemap,https://www.gjel.com/blog/fatal-pedestrian-accident-in-san-jose,Fatal Pedestrian Accident on Highway 101 in San Jose: Legal Implications and Safety Concerns,boiler-class,False,https://www.gjel.com/blog,200,1
https://www.gjel.com/sitemap-2,https://www.gjel.com/blog/fatal-pedestrian-accident-in-san-jose,Fatal Pedestrian Accident on Highway 101 in San Jose: Legal Implications and Safety Concerns,boiler-class,False,https://www.gjel.com/blog,200,1
https://www.gjel.com/sitemap,https://www.gjel.com/blog/fatal-pedestrian-accident-leaves-one-dead,Fatal Pedestrian Accident on Monterey Road in San Jose Leaves One Dead,boiler-class,False,https://www.gjel.com/blog,200,1
https://www.gjel.com/sitemap-2,https://www.gjel.com/blog/fatal-pedestrian-accident-leaves-one-dead,Fatal Pedestrian Accident on Monterey Road in San Jose Leaves One Dead,boiler-class,False,https://www.gjel.com/blog,200,1
https://www.gjel.com/sitemap,https://www.gjel.com/blog/fatal-pedestrian-accident-leaves-victim-injured,Fatal Pedestrian Accident Leaves Victim Injured in South Natomas Traffic Collision,boiler-class,False,https://www.gjel.com/blog,200,1
https://www.gjel.com/sitemap-2,https://www.gjel.com/blog/fatal-pedestrian-accident-leaves-victim-injured,Fatal Pedestrian Accident Leaves Victim Injured in South Natomas Traffic Collision,boiler-class,False,https://www.gjel.com/blog,200,1
https://www.gjel.com/sitemap,https://www.gjel.com/blog/fatal-pedestrian-accident-near-sacramento,Fatal Pedestrian Accident Near Sacramento Executive Airport Claims Life,boiler-class,False,https://www.gjel.com/blog,200,1
https://www.gjel.com/sitemap-2,https://www.gjel.com/blog/fatal-pedestrian-accident-near-sacramento,Fatal Pedestrian Accident Near Sacramento Executive Airport Claims Life,boiler-class,False,https://www.gjel.com/blog,200,1
https://www.gjel.com/sitemap,https://www.gjel.com/blog/fatal-pedestrian-accident-on-ocean-avenue,Fatal Pedestrian Accident on Ocean Avenue Near City College of San Francisco,boiler-class,False,https://www.gjel.com/blog,200,1
https://www.gjel.com/sitemap-2,https://www.gjel.com/blog/fatal-pedestrian-accident-on-ocean-avenue,Fatal Pedestrian Accident on Ocean Avenue Near City College of San Francisco,boiler-class,False,https://www.gjel.com/blog,200,1
https://www.gjel.com/sitemap,https://www.gjel.com/blog/fatal-single-vehicle-accident-in-fresno-county,Fatal Single-Vehicle Accident in Fresno County Highlights Critical Road Safety Issues,boiler-class,False,https://www.gjel.com/blog,200,1
https://www.gjel.com/sitemap-2,https://www.gjel.com/blog/fatal-single-vehicle-accident-in-fresno-county,Fatal Single-Vehicle Accident in Fresno County Highlights Critical Road Safety Issues,boiler-class,False,https://www.gjel.com/blog,200,1
https://www.gjel.com/sitemap,https://www.gjel.com/blog/fatal-single-vehicle-crash-claims-two-lives-in-shasta-county,Fatal Single-Vehicle Crash on Wildcat Road Claims Two Lives in Shasta County,boiler-class,False,https://www.gjel.com/blog,200,1
https://www.gjel.com/sitemap-2,https://www.gjel.com/blog/fatal-single-vehicle-crash-claims-two-lives-in-shasta-county,Fatal Single-Vehicle Crash on Wildcat Road Claims Two Lives in Shasta County,boiler-class,False,https://www.gjel.com/blog,200,1
https://www.gjel.com/sitemap,https://www.gjel.com/blog/fatal-three-vehicle-collision-claims-two-lives,Fatal Three-Vehicle Collision on Highway 183 Near Salinas Claims Two Lives,boiler-class,False,https://www.gjel.com/blog,200,1
https://www.gjel.com/sitemap-2,https://www.gjel.com/blog/fatal-three-vehicle-collision-claims-two-lives,Fatal Three-Vehicle Collision on Highway 183 Near Salinas Claims Two Lives,boiler-class,False,https://www.gjel.com/blog,200,1
https://www.gjel.com/sitemap,https://www.gjel.com/blog/fatal-three-vehicle-collision-medical-emergencies,Fatal Three-Vehicle Collision on Sisk Road in Modesto: Understanding Medical Emergencies Behind the Wheel,boiler-class,False,https://www.gjel.com/blog,200,1
https://www.gjel.com/sitemap-2,https://www.gjel.com/blog/fatal-three-vehicle-collision-medical-emergencies,Fatal Three-Vehicle Collision on Sisk Road in Modesto: Understanding Medical Emergencies Behind the Wheel,boiler-class,False,https://www.gjel.com/blog,200,1
https://www.gjel.com/sitemap,https://www.gjel.com/blog/fatal-traffic-collision-in-alturas-auction-yard-claims-lives,Fatal Traffic Collision Near Alturas Auction Yard Claims Lives,boiler-class,False,https://www.gjel.com/blog,200,1
https://www.gjel.com/sitemap-2,https://www.gjel.com/blog/fatal-traffic-collision-in-alturas-auction-yard-claims-lives,Fatal Traffic Collision Near Alturas Auction Yard Claims Lives,boiler-class,False,https://www.gjel.com/blog,200,1
https://www.gjel.com/sitemap,https://www.gjel.com/blog/fatal-train-accident-in-west-berkeley-claims-life-of-man-in-his-30s,Fatal Train Accident in West Berkeley Claims Life of Man in His 30s,boiler-class,False,https://www.gjel.com/blog,200,1
https://www.gjel.com/sitemap-2,https://www.gjel.com/blog/fatal-train-accident-in-west-berkeley-claims-life-of-man-in-his-30s,Fatal Train Accident in West Berkeley Claims Life of Man in His 30s,boiler-class,False,https://www.gjel.com/blog,200,1
https://www.gjel.com/sitemap,https://www.gjel.com/blog/fatal-two-vehicle-accident-in-woodland-claims-life,Fatal Two-Vehicle Accident on County Road 102 in Woodland Claims Life,boiler-class,False,https://www.gjel.com/blog,200,1
https://www.gjel.com/sitemap-2,https://www.gjel.com/blog/fatal-two-vehicle-accident-in-woodland-claims-life,Fatal Two-Vehicle Accident on County Road 102 in Woodland Claims Life,boiler-class,False,https://www.gjel.com/blog,200,1
https://www.gjel.com/sitemap,https://www.gjel.com/blog/fatal-two-vehicle-collision-accident-claims-life-in-citrus-heights,Fatal Two-Vehicle Collision Accident Claims Life in Citrus Heights,boiler-class,False,https://www.gjel.com/blog,200,1
https://www.gjel.com/sitemap-2,https://www.gjel.com/blog/fatal-two-vehicle-collision-accident-claims-life-in-citrus-heights,Fatal Two-Vehicle Collision Accident Claims Life in Citrus Heights,boiler-class,False,https://www.gjel.com/blog,200,1
https://www.gjel.com/sitemap,https://www.gjel.com/blog/fatal-van-crash-at-wharf-claims-drivers-life,Fatal Van Crash at Santa Cruz Wharf Claims Driver’s Life as Vehicle Plunges Into Monterey Bay,boiler-class,False,https://www.gjel.com/blog,200,1
https://www.gjel.com/sitemap-2,https://www.gjel.com/blog/fatal-van-crash-at-wharf-claims-drivers-life,Fatal Van Crash at Santa Cruz Wharf Claims Driver’s Life as Vehicle Plunges Into Monterey Bay,boiler-class,False,https://www.gjel.com/blog,200,1
https://www.gjel.com/archives/fatal-pedestrian-accident-san-jose,https://www.gjel.com/blog/first-pedestrian-fatality-of-2025-north-san-jose-collision-claims-life-of-man-outside-crosswalk,North San Jose first pedestrian fatality of 2025,boiler-class,False,https://www.gjel.com/blog,200,1
https://www.gjel.com/archives/post-office-building-crash-in-san-jose,https://www.gjel.com/blog/first-pedestrian-fatality-of-2025-north-san-jose-collision-claims-life-of-man-outside-crosswalk,North San Jose first pedestrian fatality of 2025,boiler-class,False,https://www.gjel.com/blog,200,1
https://www.gjel.com/archives/pregnant-woman-dies-in-san-jose-fatal-collision,https://www.gjel.com/blog/first-pedestrian-fatality-of-2025-north-san-jose-collision-claims-life-of-man-outside-crosswalk,North San Jose first pedestrian fatality of 2025,boiler-class,False,https://www.gjel.com/blog,200,1
https://www.gjel.com/archives/san-jose-traffic-sensors-bike-motorcycle-safety,https://www.gjel.com/blog/first-pedestrian-fatality-of-2025-north-san-jose-collision-claims-life-of-man-outside-crosswalk,North San Jose first pedestrian fatality of 2025,boiler-class,False,https://www.gjel.com/blog,200,1
https://www.gjel.com/how-to-find-the-best-personal-injury-lawyer-in-san-jose,https://www.gjel.com/blog/first-pedestrian-fatality-of-2025-north-san-jose-collision-claims-life-of-man-outside-crosswalk,North San Jose first pedestrian fatality of 2025,boiler-class,False,https://www.gjel.com/blog,200,1
https://www.gjel.com/san-jose/bicycle-accident-lawyers,https://www.gjel.com/blog/first-pedestrian-fatality-of-2025-north-san-jose-collision-claims-life-of-man-outside-crosswalk,North San Jose first pedestrian fatality of 2025,boiler-class,False,https://www.gjel.com/blog,200,1
https://www.gjel.com/san-jose/brain-injury-lawyers,https://www.gjel.com/blog/first-pedestrian-fatality-of-2025-north-san-jose-collision-claims-life-of-man-outside-crosswalk,North San Jose first pedestrian fatality of 2025,boiler-class,False,https://www.gjel.com/blog,200,1
https://www.gjel.com/san-jose/motorcycle-accident-lawyers,https://www.gjel.com/blog/first-pedestrian-fatality-of-2025-north-san-jose-collision-claims-life-of-man-outside-crosswalk,North San Jose first pedestrian fatality of 2025,boiler-class,False,https://www.gjel.com/blog,200,1
https://www.gjel.com/san-jose/truck-accident-lawyer,https://www.gjel.com/blog/first-pedestrian-fatality-of-2025-north-san-jose-collision-claims-life-of-man-outside-crosswalk,North San Jose first pedestrian fatality of 2025,boiler-class,False,https://www.gjel.com/blog,200,1
https://www.gjel.com/san-jose/wrongful-death-lawyers,https://www.gjel.com/blog/first-pedestrian-fatality-of-2025-north-san-jose-collision-claims-life-of-man-outside-crosswalk,North San Jose first pedestrian fatality of 2025,boiler-class,False,https://www.gjel.com/blog,200,1
https://www.gjel.com/sitemap,https://www.gjel.com/blog/first-pedestrian-fatality-of-2025-north-san-jose-collision-claims-life-of-man-outside-crosswalk,First Pedestrian Fatality of 2025: North San Jose Collision Claims Life of Man Outside Crosswalk,boiler-class,False,https://www.gjel.com/blog,200,1
https://www.gjel.com/sitemap-2,https://www.gjel.com/blog/first-pedestrian-fatality-of-2025-north-san-jose-collision-claims-life-of-man-outside-crosswalk,First Pedestrian Fatality of 2025: North San Jose Collision Claims Life of Man Outside Crosswalk,boiler-class,False,https://www.gjel.com/blog,200,1
https://www.gjel.com/sitemap,https://www.gjel.com/blog/five-injured-in-manteca-three-vehicle-collision-involving-motorcycle,Five Injured in Manteca Three-Vehicle Collision Involving Motorcycle,boiler-class,False,https://www.gjel.com/blog,200,1
https://www.gjel.com/sitemap-2,https://www.gjel.com/blog/five-injured-in-manteca-three-vehicle-collision-involving-motorcycle,Five Injured in Manteca Three-Vehicle Collision Involving Motorcycle,boiler-class,False,https://www.gjel.com/blog,200,1
https://www.gjel.com/sitemap,https://www.gjel.com/blog/four-injured-in-two-vehicle-crash-on-highway-29,Four Injured in Two-Vehicle Crash on Highway 29 Near Robert Louis Stevenson Park,boiler-class,False,https://www.gjel.com/blog,200,1
https://www.gjel.com/sitemap-2,https://www.gjel.com/blog/four-injured-in-two-vehicle-crash-on-highway-29,Four Injured in Two-Vehicle Crash on Highway 29 Near Robert Louis Stevenson Park,boiler-class,False,https://www.gjel.com/blog,200,1
https://www.gjel.com/sitemap,https://www.gjel.com/blog/freeway-crash-stalls-traffic-in-sacramento,"Capital City Freeway Crash Stalls Traffic, Sends Up Black Smoke in Sacramento",boiler-class,False,https://www.gjel.com/blog,200,1
https://www.gjel.com/sitemap-2,https://www.gjel.com/blog/freeway-crash-stalls-traffic-in-sacramento,"Capital City Freeway Crash Stalls Traffic, Sends Up Black Smoke in Sacramento",boiler-class,False,https://www.gjel.com/blog,200,1
https://www.gjel.com/sitemap,https://www.gjel.com/blog/fresno-construction-excavator-workplace-accident,Fresno County Construction Worker Dies in Excavator Overturn Workplace Accident,boiler-class,False,https://www.gjel.com/blog,200,1
https://www.gjel.com/sitemap-2,https://www.gjel.com/blog/fresno-construction-excavator-workplace-accident,Fresno County Construction Worker Dies in Excavator Overturn Workplace Accident,boiler-class,False,https://www.gjel.com/blog,200,1
https://www.gjel.com/sitemap,https://www.gjel.com/blog/fresno-traffic-multi-vehicle-crash-involving-electric-scooter-rider,Serious Injuries Reported After Fresno Traffic Multi-Vehicle Crash Involving Electric Scooter Rider,boiler-class,False,https://www.gjel.com/blog,200,1
https://www.gjel.com/sitemap-2,https://www.gjel.com/blog/fresno-traffic-multi-vehicle-crash-involving-electric-scooter-rider,Serious Injuries Reported After Fresno Traffic Multi-Vehicle Crash Involving Electric Scooter Rider,boiler-class,False,https://www.gjel.com/blog,200,1
https://www.gjel.com/sitemap,https://www.gjel.com/blog/granite-bay-man-killed-in-head-on-crash,Granite Bay Man Killed in Head-On Crash on Eureka Road; CHP Investigating Fatal Collision,boiler-class,False,https://www.gjel.com/blog,200,1
https://www.gjel.com/sitemap-2,https://www.gjel.com/blog/granite-bay-man-killed-in-head-on-crash,Granite Bay Man Killed in Head-On Crash on Eureka Road; CHP Investigating Fatal Collision,boiler-class,False,https://www.gjel.com/blog,200,1
https://www.gjel.com/sitemap,https://www.gjel.com/blog/head-on-collision-leaves-two-with-major-injuries,Head-on Collision on Turner Road in Lodi Leaves Two with Major Injuries,boiler-class,False,https://www.gjel.com/blog,200,1
https://www.gjel.com/sitemap-2,https://www.gjel.com/blog/head-on-collision-leaves-two-with-major-injuries,Head-on Collision on Turner Road in Lodi Leaves Two with Major Injuries,boiler-class,False,https://www.gjel.com/blog,200,1
https://www.gjel.com/sitemap,https://www.gjel.com/blog/head-on-collision-leaves-victims-with-major-injuries,Head-On Collision on State Route 165 Near Hilmar Leaves Victims With Major Injuries,boiler-class,False,https://www.gjel.com/blog,200,1
https://www.gjel.com/sitemap-2,https://www.gjel.com/blog/head-on-collision-leaves-victims-with-major-injuries,Head-On Collision on State Route 165 Near Hilmar Leaves Victims With Major Injuries,boiler-class,False,https://www.gjel.com/blog,200,1
https://www.gjel.com/sitemap,https://www.gjel.com/blog/head-on-collision-one-trapped-multiple-injured,"Serious Head-On Collision Leaves One Trapped, Multiple Injured on Highway 12 Near Sebastopol",boiler-class,False,https://www.gjel.com/blog,200,1
https://www.gjel.com/sitemap-2,https://www.gjel.com/blog/head-on-collision-one-trapped-multiple-injured,"Serious Head-On Collision Leaves One Trapped, Multiple Injured on Highway 12 Near Sebastopol",boiler-class,False,https://www.gjel.com/blog,200,1
https://www.gjel.com/sitemap,https://www.gjel.com/blog/head-on-crash-in-north-fork-claims-life,"Head-On Crash in North Fork Claims Life of 69-Year-Old Woman, Injures Man",boiler-class,False,https://www.gjel.com/blog,200,1
https://www.gjel.com/sitemap-2,https://www.gjel.com/blog/head-on-crash-in-north-fork-claims-life,"Head-On Crash in North Fork Claims Life of 69-Year-Old Woman, Injures Man",boiler-class,False,https://www.gjel.com/blog,200,1
https://www.gjel.com/sitemap,https://www.gjel.com/blog/highway-50-fatal-truck-accident-driver-dies-after-crash,Highway 50 Fatal Truck Accident: Corvette Driver Dies After Crash with Tractor-Trailer Near Howe Avenue,boiler-class,False,https://www.gjel.com/blog,200,1
https://www.gjel.com/sitemap-2,https://www.gjel.com/blog/highway-50-fatal-truck-accident-driver-dies-after-crash,Highway 50 Fatal Truck Accident: Corvette Driver Dies After Crash with Tractor-Trailer Near Howe Avenue,boiler-class,False,https://www.gjel.com/blog,200,1
https://www.gjel.com/sitemap,https://www.gjel.com/blog/hit-and-run-accident-injures-driver,"Hit-and-Run Accident Injures Driver on Interstate 80 Near Woodland, CA",boiler-class,False,https://www.gjel.com/blog,200,1
https://www.gjel.com/sitemap-2,https://www.gjel.com/blog/hit-and-run-accident-injures-driver,"Hit-and-Run Accident Injures Driver on Interstate 80 Near Woodland, CA",boiler-class,False,https://www.gjel.com/blog,200,1
https://www.gjel.com/sitemap,https://www.gjel.com/blog/hit-and-run-crash-injures-driver-at-fresno-county-intersection,Hit-and-Run Collision Injures Driver at Fresno County Intersection,boiler-class,False,https://www.gjel.com/blog,200,1
https://www.gjel.com/sitemap-2,https://www.gjel.com/blog/hit-and-run-crash-injures-driver-at-fresno-county-intersection,Hit-and-Run Collision Injures Driver at Fresno County Intersection,boiler-class,False,https://www.gjel.com/blog,200,1
https://www.gjel.com/news,https://www.gjel.com/blog/how-to-get-an-accident-report-in-san-jose,[empty],content,False,https://www.gjel.com/blog,200,1
https://www.gjel.com/news,https://www.gjel.com/blog/how-to-get-an-accident-report-in-san-jose,How to Get an Accident Report in San Jose,content,False,https://www.gjel.com/blog,200,1
https://www.gjel.com/sitemap,https://www.gjel.com/blog/how-to-get-an-accident-report-in-san-jose,How to Get an Accident Report in San Jose,boiler-class,False,https://www.gjel.com/blog,200,1
https://www.gjel.com/sitemap-2,https://www.gjel.com/blog/how-to-get-an-accident-report-in-san-jose,How to Get an Accident Report in San Jose,boiler-class,False,https://www.gjel.com/blog,200,1
https://www.gjel.com/sitemap,https://www.gjel.com/blog/injuries-reported-after-traffic-accident-in-fremont,Injuries Reported After Traffic Accident on I-880 North Near Mission Boulevard in Fremont,boiler-class,False,https://www.gjel.com/blog,200,1
https://www.gjel.com/sitemap-2,https://www.gjel.com/blog/injuries-reported-after-traffic-accident-in-fremont,Injuries Reported After Traffic Accident on I-880 North Near Mission Boulevard in Fremont,boiler-class,False,https://www.gjel.com/blog,200,1
https://www.gjel.com/sitemap,https://www.gjel.com/blog/livermore-traffic-accident-with-injuries,Livermore Traffic Accident with Injuries on I-580 Westbound Near N Flynn Road,boiler-class,False,https://www.gjel.com/blog,200,1
https://www.gjel.com/sitemap-2,https://www.gjel.com/blog/livermore-traffic-accident-with-injuries,Livermore Traffic Accident with Injuries on I-580 Westbound Near N Flynn Road,boiler-class,False,https://www.gjel.com/blog,200,1
https://www.gjel.com/delivery-driver-accident-lawyer,https://www.gjel.com/blog/loss-of-earnings-calculated-if-self-employed,loss of earnings,content,False,https://www.gjel.com/blog,200,1
https://www.gjel.com/news/lost-wage-calculator,https://www.gjel.com/blog/loss-of-earnings-calculated-if-self-employed,how loss of earnings is calculated if self-employed,boiler-class,False,https://www.gjel.com/blog,200,1
https://www.gjel.com/palo-alto-personal-injury-lawyer,https://www.gjel.com/blog/loss-of-earnings-calculated-if-self-employed,loss of earnings,boiler-class,False,https://www.gjel.com/blog,200,1
https://www.gjel.com/santa-clara-personal-injury-lawyer,https://www.gjel.com/blog/loss-of-earnings-calculated-if-self-employed,loss of earnings,boiler-class,False,https://www.gjel.com/blog,200,1
https://www.gjel.com/sitemap,https://www.gjel.com/blog/luke-ellis-americas-top-100-personal-injury-attorney,Attorney Luke Ellis Named Among America’s Top 100 Personal Injury Attorneys: A Testament to Excellence in Personal Injury Law,boiler-class,False,https://www.gjel.com/blog,200,1
https://www.gjel.com/sitemap-2,https://www.gjel.com/blog/luke-ellis-americas-top-100-personal-injury-attorney,Attorney Luke Ellis Named Among America’s Top 100 Personal Injury Attorneys: A Testament to Excellence in Personal Injury Law,boiler-class,False,https://www.gjel.com/blog,200,1
https://www.gjel.com/sitemap,https://www.gjel.com/blog/luke-ellis-named-to-motor-vehicle-trial-lawyers-association-top-25-recognition-among-nations-elite-trial-attorneys,Luke Ellis Named to Motor Vehicle Trial Lawyers Association Top 25: Recognition Among Nation’s Elite Trial Attorneys,boiler-class,False,https://www.gjel.com/blog,200,1
https://www.gjel.com/sitemap-2,https://www.gjel.com/blog/luke-ellis-named-to-motor-vehicle-trial-lawyers-association-top-25-recognition-among-nations-elite-trial-attorneys,Luke Ellis Named to Motor Vehicle Trial Lawyers Association Top 25: Recognition Among Nation’s Elite Trial Attorneys,boiler-class,False,https://www.gjel.com/blog,200,1
https://www.gjel.com/sitemap,https://www.gjel.com/blog/major-big-rig-accidents-causes-traffic-delays,Major Big Rig Accidents on Interstate 80 Near Alta Cause Extended Traffic Delays and Hazardous Road Conditions,boiler-class,False,https://www.gjel.com/blog,200,1
https://www.gjel.com/sitemap-2,https://www.gjel.com/blog/major-big-rig-accidents-causes-traffic-delays,Major Big Rig Accidents on Interstate 80 Near Alta Cause Extended Traffic Delays and Hazardous Road Conditions,boiler-class,False,https://www.gjel.com/blog,200,1
https://www.gjel.com/sitemap,https://www.gjel.com/blog/major-multi-vehicle-crash-closes-northbound-highway-99-in-modesto,Major Multi-Vehicle Crash Closes Northbound Highway 99 in Modesto,boiler-class,False,https://www.gjel.com/blog,200,1
https://www.gjel.com/sitemap-2,https://www.gjel.com/blog/major-multi-vehicle-crash-closes-northbound-highway-99-in-modesto,Major Multi-Vehicle Crash Closes Northbound Highway 99 in Modesto,boiler-class,False,https://www.gjel.com/blog,200,1
https://www.gjel.com/sitemap,https://www.gjel.com/blog/man-dead-in-a-garbage-truck-collision,"Man Struck, Killed After Garbage Truck Collision While Sleeping in San Jose Alley",boiler-class,False,https://www.gjel.com/blog,200,1
https://www.gjel.com/sitemap-2,https://www.gjel.com/blog/man-dead-in-a-garbage-truck-collision,"Man Struck, Killed After Garbage Truck Collision While Sleeping in San Jose Alley",boiler-class,False,https://www.gjel.com/blog,200,1
https://www.gjel.com/motorcycle-accident-lawyers,https://www.gjel.com/blog/man-injured-in-multi-vehicle-and-motorcycle-collision,Motorcyclist injured in I‑680 multi‑vehicle collision,content,False,https://www.gjel.com/blog,200,1
https://www.gjel.com/sitemap,https://www.gjel.com/blog/man-injured-in-multi-vehicle-and-motorcycle-collision,Man Injured in Multi-Vehicle and Motorcycle Collision on I-680 Near Mission Grade,boiler-class,False,https://www.gjel.com/blog,200,1
https://www.gjel.com/sitemap-2,https://www.gjel.com/blog/man-injured-in-multi-vehicle-and-motorcycle-collision,Man Injured in Multi-Vehicle and Motorcycle Collision on I-680 Near Mission Grade,boiler-class,False,https://www.gjel.com/blog,200,1
https://www.gjel.com/legal-news,https://www.gjel.com/blog/medical-malpractice-and-michael-jacksons-death,[empty],content,False,https://www.gjel.com/blog,200,1
https://www.gjel.com/legal-news,https://www.gjel.com/blog/medical-malpractice-and-michael-jacksons-death,Medical malpractice and Michael Jackson’s death,content,False,https://www.gjel.com/blog,200,1
https://www.gjel.com/sitemap,https://www.gjel.com/blog/medical-malpractice-and-michael-jacksons-death,Medical malpractice and Michael Jackson’s death,boiler-class,False,https://www.gjel.com/blog,200,1
https://www.gjel.com/sitemap-2,https://www.gjel.com/blog/medical-malpractice-and-michael-jacksons-death,Medical malpractice and Michael Jackson’s death,boiler-class,False,https://www.gjel.com/blog,200,1
https://www.gjel.com/sitemap,https://www.gjel.com/blog/minor-injuries-after-suv-strikes-in-a-pedestrian-accident,Minor Injuries Reported After SUV Strikes Pedestrian on Luther Road in Auburn,boiler-class,False,https://www.gjel.com/blog,200,1
https://www.gjel.com/sitemap-2,https://www.gjel.com/blog/minor-injuries-after-suv-strikes-in-a-pedestrian-accident,Minor Injuries Reported After SUV Strikes Pedestrian on Luther Road in Auburn,boiler-class,False,https://www.gjel.com/blog,200,1
https://www.gjel.com/broken-bones-lawyer,https://www.gjel.com/blog/motorcycle-accident-1-35m-settlement,$1.35M motorcycle settlement with ankle and rib fractures How causation and future care were documented.,content,False,https://www.gjel.com/blog,200,1
https://www.gjel.com/motorcycle-accident-lawyers,https://www.gjel.com/blog/motorcycle-accident-1-35m-settlement,$1.35 Million motorcycle accident settlement,content,False,https://www.gjel.com/blog,200,1
https://www.gjel.com/sitemap,https://www.gjel.com/blog/motorcycle-accident-1-35m-settlement,Client Awarded $1.35 Million After Severe Motorcycle Collision in Santa Clara County,boiler-class,False,https://www.gjel.com/blog,200,1
https://www.gjel.com/sitemap-2,https://www.gjel.com/blog/motorcycle-accident-1-35m-settlement,Client Awarded $1.35 Million After Severe Motorcycle Collision in Santa Clara County,boiler-class,False,https://www.gjel.com/blog,200,1
https://www.gjel.com/motorcycle-accident-lawyers,https://www.gjel.com/blog/motorcycle-accident-830k-settlement,"$830,000 Santa Clara motorcycle accident settlement",content,False,https://www.gjel.com/blog,200,1
https://www.gjel.com/sitemap,https://www.gjel.com/blog/motorcycle-accident-830k-settlement,"$830,000 Settlement Secured for Severely Injured Motorcyclist in Santa Clara Collision",boiler-class,False,https://www.gjel.com/blog,200,1
https://www.gjel.com/sitemap-2,https://www.gjel.com/blog/motorcycle-accident-830k-settlement,"$830,000 Settlement Secured for Severely Injured Motorcyclist in Santa Clara Collision",boiler-class,False,https://www.gjel.com/blog,200,1
https://www.gjel.com/sitemap,https://www.gjel.com/blog/motorcycle-accident-in-butte-county,Motorcycle Accident on Highway 162 in Butte County: What We Know About the November 11th Collision,boiler-class,False,https://www.gjel.com/blog,200,1
https://www.gjel.com/sitemap-2,https://www.gjel.com/blog/motorcycle-accident-in-butte-county,Motorcycle Accident on Highway 162 in Butte County: What We Know About the November 11th Collision,boiler-class,False,https://www.gjel.com/blog,200,1
https://www.gjel.com/motorcycle-accident-lawyers,https://www.gjel.com/blog/motorcycle-accident-leaves-rider-with-injuries,Solo motorcycle accident leaves rider injured,content,False,https://www.gjel.com/blog,200,1
https://www.gjel.com/sitemap,https://www.gjel.com/blog/motorcycle-accident-leaves-rider-with-injuries,Solo Motorcycle Accident on I-80 Connector in Roseville Leaves Rider with Minor Injuries,boiler-class,False,https://www.gjel.com/blog,200,1
https://www.gjel.com/sitemap-2,https://www.gjel.com/blog/motorcycle-accident-leaves-rider-with-injuries,Solo Motorcycle Accident on I-80 Connector in Roseville Leaves Rider with Minor Injuries,boiler-class,False,https://www.gjel.com/blog,200,1
https://www.gjel.com/motorcycle-accident-lawyers,https://www.gjel.com/blog/motorcycle-accident-settlement-250k-in-dublin,"$250,000 I‑580 motorcycle accident settlement",content,False,https://www.gjel.com/blog,200,1
https://www.gjel.com/sitemap,https://www.gjel.com/blog/motorcycle-accident-settlement-250k-in-dublin,"Motorcyclist Receives $250,000 Settlement After I-580 Collision",boiler-class,False,https://www.gjel.com/blog,200,1
https://www.gjel.com/sitemap-2,https://www.gjel.com/blog/motorcycle-accident-settlement-250k-in-dublin,"Motorcyclist Receives $250,000 Settlement After I-580 Collision",boiler-class,False,https://www.gjel.com/blog,200,1
https://www.gjel.com/motorcycle-accident-lawyers,https://www.gjel.com/blog/motorcycle-accident-tbi-settlement-425k-in-san-francisco,"$425,000 San Francisco motorcycle TBI settlement",content,False,https://www.gjel.com/blog,200,1
https://www.gjel.com/san-francisco/brain-injury-attorney,https://www.gjel.com/blog/motorcycle-accident-tbi-settlement-425k-in-san-francisco,"$425,000 settlement",boiler-class,True,https://www.gjel.com/blog,200,1
https://www.gjel.com/sitemap,https://www.gjel.com/blog/motorcycle-accident-tbi-settlement-425k-in-san-francisco,"$425,000 Settlement Secured for Motorcyclist with TBI and Spinal Fracture",boiler-class,False,https://www.gjel.com/blog,200,1
https://www.gjel.com/sitemap-2,https://www.gjel.com/blog/motorcycle-accident-tbi-settlement-425k-in-san-francisco,"$425,000 Settlement Secured for Motorcyclist with TBI and Spinal Fracture",boiler-class,False,https://www.gjel.com/blog,200,1
https://www.gjel.com/sitemap,https://www.gjel.com/blog/motorcycle-crash-leaves-rider-seriously-hurt,Major Injury Motorcycle Crash in La Selva Beach Leaves Rider Seriously Hurt,boiler-class,False,https://www.gjel.com/blog,200,1
https://www.gjel.com/sitemap-2,https://www.gjel.com/blog/motorcycle-crash-leaves-rider-seriously-hurt,Major Injury Motorcycle Crash in La Selva Beach Leaves Rider Seriously Hurt,boiler-class,False,https://www.gjel.com/blog,200,1
https://www.gjel.com/motorcycle-accident-lawyers,https://www.gjel.com/blog/motorcyclist-major-injuries-in-morgan-hill-motorcycle-accident,Morgan Hill motorcycle crash causes major injuries,content,False,https://www.gjel.com/blog,200,1
https://www.gjel.com/sitemap,https://www.gjel.com/blog/motorcyclist-major-injuries-in-morgan-hill-motorcycle-accident,Motorcyclist Suffers Major Injuries in Morgan Hill Motorcycle Accident on Dewitt Avenue,boiler-class,False,https://www.gjel.com/blog,200,1
https://www.gjel.com/sitemap-2,https://www.gjel.com/blog/motorcyclist-major-injuries-in-morgan-hill-motorcycle-accident,Motorcyclist Suffers Major Injuries in Morgan Hill Motorcycle Accident on Dewitt Avenue,boiler-class,False,https://www.gjel.com/blog,200,1
https://www.gjel.com/sitemap,https://www.gjel.com/blog/multi-vehicle-accident-leaves-one-injured,Multi-Vehicle Accident on Highway 4 Near Stockton Leaves One Person Seriously Injured,boiler-class,False,https://www.gjel.com/blog,200,1
https://www.gjel.com/sitemap-2,https://www.gjel.com/blog/multi-vehicle-accident-leaves-one-injured,Multi-Vehicle Accident on Highway 4 Near Stockton Leaves One Person Seriously Injured,boiler-class,False,https://www.gjel.com/blog,200,1
https://www.gjel.com/sitemap,https://www.gjel.com/blog/multi-vehicle-bridge-accident-shuts-down-sr-160,"Multi-Vehicle Bridge Accident Shuts Down SR-160 Near Antioch, Causing Major Traffic Delays",boiler-class,False,https://www.gjel.com/blog,200,1
https://www.gjel.com/sitemap-2,https://www.gjel.com/blog/multi-vehicle-bridge-accident-shuts-down-sr-160,"Multi-Vehicle Bridge Accident Shuts Down SR-160 Near Antioch, Causing Major Traffic Delays",boiler-class,False,https://www.gjel.com/blog,200,1
https://www.gjel.com/sitemap,https://www.gjel.com/blog/multi-vehicle-collision-causes-major-traffic,"Multi-Vehicle Collision Accident Causes Major Traffic Disruption on Highway 99 in Galt, California",boiler-class,False,https://www.gjel.com/blog,200,1
https://www.gjel.com/sitemap-2,https://www.gjel.com/blog/multi-vehicle-collision-causes-major-traffic,"Multi-Vehicle Collision Accident Causes Major Traffic Disruption on Highway 99 in Galt, California",boiler-class,False,https://www.gjel.com/blog,200,1
https://www.gjel.com/sitemap,https://www.gjel.com/blog/multi-vehicle-collision-in-sacramento,Sacramento Multi-Vehicle Collision Accident on East Stockton Boulevard Near Costco,boiler-class,False,https://www.gjel.com/blog,200,1
https://www.gjel.com/sitemap-2,https://www.gjel.com/blog/multi-vehicle-collision-in-sacramento,Sacramento Multi-Vehicle Collision Accident on East Stockton Boulevard Near Costco,boiler-class,False,https://www.gjel.com/blog,200,1
https://www.gjel.com/sitemap,https://www.gjel.com/blog/multi-vehicle-collision-legal-considerations,Fatal Multi-Vehicle Collision Reported on Highway 88 Near Pine Grove: Legal Considerations,boiler-class,False,https://www.gjel.com/blog,200,1
https://www.gjel.com/sitemap-2,https://www.gjel.com/blog/multi-vehicle-collision-legal-considerations,Fatal Multi-Vehicle Collision Reported on Highway 88 Near Pine Grove: Legal Considerations,boiler-class,False,https://www.gjel.com/blog,200,1
https://www.gjel.com/sitemap,https://www.gjel.com/blog/multi-vehicle-collision-on-bay-bridge-accident-leaves-eight-injured-one-critical,"Multi-Vehicle Collision on Bay Bridge Accident Leaves Eight Injured, One Critical",boiler-class,False,https://www.gjel.com/blog,200,1
https://www.gjel.com/sitemap-2,https://www.gjel.com/blog/multi-vehicle-collision-on-bay-bridge-accident-leaves-eight-injured-one-critical,"Multi-Vehicle Collision on Bay Bridge Accident Leaves Eight Injured, One Critical",boiler-class,False,https://www.gjel.com/blog,200,1
https://www.gjel.com/sitemap,https://www.gjel.com/blog/multi-vehicle-crash-leaves-one-seriously-injured,Multi-Vehicle Crash Involving Semi-Truck Leaves One Seriously Injured in Prunedale,boiler-class,False,https://www.gjel.com/blog,200,1
https://www.gjel.com/sitemap-2,https://www.gjel.com/blog/multi-vehicle-crash-leaves-one-seriously-injured,Multi-Vehicle Crash Involving Semi-Truck Leaves One Seriously Injured in Prunedale,boiler-class,False,https://www.gjel.com/blog,200,1
https://www.gjel.com/sitemap,https://www.gjel.com/blog/multiple-car-accident-settlement,Settlement Achieved for RN with Neck Injuries from Two Rear-End Collisions,boiler-class,False,https://www.gjel.com/blog,200,1
https://www.gjel.com/sitemap-2,https://www.gjel.com/blog/multiple-car-accident-settlement,Settlement Achieved for RN with Neck Injuries from Two Rear-End Collisions,boiler-class,False,https://www.gjel.com/blog,200,1
https://www.gjel.com/sitemap,https://www.gjel.com/blog/multiple-injuries-reported-in-fiery-multi-vehicle-crash,Multiple Injuries Reported in Fiery Multi-Vehicle Crash on Highway 99 in Fresno County,boiler-class,False,https://www.gjel.com/blog,200,1
https://www.gjel.com/sitemap-2,https://www.gjel.com/blog/multiple-injuries-reported-in-fiery-multi-vehicle-crash,Multiple Injuries Reported in Fiery Multi-Vehicle Crash on Highway 99 in Fresno County,boiler-class,False,https://www.gjel.com/blog,200,1
https://www.gjel.com/sitemap,https://www.gjel.com/blog/multiple-injuries-reported-in-multi-vehicle-crash-on-interstate-80-in-fairfield,Multiple Injuries Reported in Multi-Vehicle Crash on Interstate 80 in Fairfield,boiler-class,False,https://www.gjel.com/blog,200,1
https://www.gjel.com/sitemap-2,https://www.gjel.com/blog/multiple-injuries-reported-in-multi-vehicle-crash-on-interstate-80-in-fairfield,Multiple Injuries Reported in Multi-Vehicle Crash on Interstate 80 in Fairfield,boiler-class,False,https://www.gjel.com/blog,200,1
https://www.gjel.com/sitemap,https://www.gjel.com/blog/oakland-bicyclist-wrongful-death-settlement,"$500,000 Settlement in Wrongful Death of Oakland Bicyclist",boiler-class,False,https://www.gjel.com/blog,200,1
https://www.gjel.com/sitemap-2,https://www.gjel.com/blog/oakland-bicyclist-wrongful-death-settlement,"$500,000 Settlement in Wrongful Death of Oakland Bicyclist",boiler-class,False,https://www.gjel.com/blog,200,1
https://www.gjel.com/wrongful-death-lawyers,https://www.gjel.com/blog/oakland-bicyclist-wrongful-death-settlement,$500K bicyclist wrongful death — Oakland,content,False,https://www.gjel.com/blog,200,1
https://www.gjel.com/sitemap,https://www.gjel.com/blog/oakland-car-accident-300k-settlement,"Client Receives $300,000 Settlement After Oakland Car Accident",boiler-class,False,https://www.gjel.com/blog,200,1
https://www.gjel.com/sitemap-2,https://www.gjel.com/blog/oakland-car-accident-300k-settlement,"Client Receives $300,000 Settlement After Oakland Car Accident",boiler-class,False,https://www.gjel.com/blog,200,1
https://www.gjel.com/sitemap,https://www.gjel.com/blog/oakland-chinatown-two-vehicle-crash,Late Night Two-Vehicle Crash in Oakland’s Chinatown Leaves One Injured,boiler-class,False,https://www.gjel.com/blog,200,1
https://www.gjel.com/sitemap-2,https://www.gjel.com/blog/oakland-chinatown-two-vehicle-crash,Late Night Two-Vehicle Crash in Oakland’s Chinatown Leaves One Injured,boiler-class,False,https://www.gjel.com/blog,200,1
https://www.gjel.com/sitemap,https://www.gjel.com/blog/parents-dead-2-kids-injured-in-highway-50-tree-crash,"Parents Dead, 2 Kids Injured After Highway 50 Tree Crash Near Kyburz",boiler-class,False,https://www.gjel.com/blog,200,1
https://www.gjel.com/sitemap-2,https://www.gjel.com/blog/parents-dead-2-kids-injured-in-highway-50-tree-crash,"Parents Dead, 2 Kids Injured After Highway 50 Tree Crash Near Kyburz",boiler-class,False,https://www.gjel.com/blog,200,1
https://www.gjel.com/sitemap,https://www.gjel.com/blog/passenger-injured-after-utility-pole-crash-in-chico,Passenger Injured After Utility Pole Crash SUV Windshield in Highway 99 Crash in Chico,boiler-class,False,https://www.gjel.com/blog,200,1
https://www.gjel.com/sitemap-2,https://www.gjel.com/blog/passenger-injured-after-utility-pole-crash-in-chico,Passenger Injured After Utility Pole Crash SUV Windshield in Highway 99 Crash in Chico,boiler-class,False,https://www.gjel.com/blog,200,1
https://www.gjel.com/sitemap,https://www.gjel.com/blog/pedestrian-accident-critical-crosswalk-safety,Fatal Pedestrian Accident in San Jose Highlights Critical Crosswalk Safety Issues,boiler-class,False,https://www.gjel.com/blog,200,1
https://www.gjel.com/sitemap-2,https://www.gjel.com/blog/pedestrian-accident-critical-crosswalk-safety,Fatal Pedestrian Accident in San Jose Highlights Critical Crosswalk Safety Issues,boiler-class,False,https://www.gjel.com/blog,200,1
https://www.gjel.com/sitemap,https://www.gjel.com/blog/pedestrian-accident-hospitalizes-man,Pedestrian Accident Hospitalizes Man Near Villa and Shaw in Clovis,boiler-class,False,https://www.gjel.com/blog,200,1
https://www.gjel.com/sitemap-2,https://www.gjel.com/blog/pedestrian-accident-hospitalizes-man,Pedestrian Accident Hospitalizes Man Near Villa and Shaw in Clovis,boiler-class,False,https://www.gjel.com/blog,200,1
https://www.gjel.com/sitemap,https://www.gjel.com/blog/pedestrian-accident-settlement-475k-in-oakland,"Wheelchair Pedestrian Receives $475,000 Settlement After Oakland Collision",boiler-class,False,https://www.gjel.com/blog,200,1
https://www.gjel.com/sitemap-2,https://www.gjel.com/blog/pedestrian-accident-settlement-475k-in-oakland,"Wheelchair Pedestrian Receives $475,000 Settlement After Oakland Collision",boiler-class,False,https://www.gjel.com/blog,200,1
https://www.gjel.com/sitemap,https://www.gjel.com/blog/pedestrian-accident-suspected-drug-impaired-driver,Redding Pedestrian Accident: Pedestrian Fatally Struck by Suspected Drug-Impaired Driver on Highway 273,boiler-class,False,https://www.gjel.com/blog,200,1
https://www.gjel.com/sitemap-2,https://www.gjel.com/blog/pedestrian-accident-suspected-drug-impaired-driver,Redding Pedestrian Accident: Pedestrian Fatally Struck by Suspected Drug-Impaired Driver on Highway 273,boiler-class,False,https://www.gjel.com/blog,200,1
https://www.gjel.com/sitemap,https://www.gjel.com/blog/pedestrian-fatally-struck-on-interstate-880,Pedestrian Killed While Crossing Interstate 880 in Oakland Monday Morning,boiler-class,False,https://www.gjel.com/blog,200,1
https://www.gjel.com/sitemap-2,https://www.gjel.com/blog/pedestrian-fatally-struck-on-interstate-880,Pedestrian Killed While Crossing Interstate 880 in Oakland Monday Morning,boiler-class,False,https://www.gjel.com/blog,200,1
https://www.gjel.com/sitemap,https://www.gjel.com/blog/pedestrian-killed-in-oakland-eighth-street,Pedestrian Killed in Downtown Oakland Traffic Collision at Eighth Street and Broadway,boiler-class,False,https://www.gjel.com/blog,200,1
https://www.gjel.com/sitemap-2,https://www.gjel.com/blog/pedestrian-killed-in-oakland-eighth-street,Pedestrian Killed in Downtown Oakland Traffic Collision at Eighth Street and Broadway,boiler-class,False,https://www.gjel.com/blog,200,1
https://www.gjel.com/sitemap,https://www.gjel.com/blog/pedestrian-killed-in-suspected-dui-crash,Pedestrian Killed in Suspected DUI Crash on Highway 87/I-280 Connector in San Jose,boiler-class,False,https://www.gjel.com/blog,200,1
https://www.gjel.com/sitemap-2,https://www.gjel.com/blog/pedestrian-killed-in-suspected-dui-crash,Pedestrian Killed in Suspected DUI Crash on Highway 87/I-280 Connector in San Jose,boiler-class,False,https://www.gjel.com/blog,200,1
https://www.gjel.com/sitemap,https://www.gjel.com/blog/pedestrian-major-injuries-in-dui-related-crash,Pedestrian Suffers Major Injuries in DUI-Related Crash on Sunset Avenue in Fairfield,boiler-class,False,https://www.gjel.com/blog,200,1
https://www.gjel.com/sitemap-2,https://www.gjel.com/blog/pedestrian-major-injuries-in-dui-related-crash,Pedestrian Suffers Major Injuries in DUI-Related Crash on Sunset Avenue in Fairfield,boiler-class,False,https://www.gjel.com/blog,200,1
https://www.gjel.com/sitemap,https://www.gjel.com/blog/pedestrian-suffers-traumatic-injuries-after-pickup-truck-collision,Pedestrian Suffers Traumatic Injuries After Pickup Truck Collision on Bechelli Lane in Redding,boiler-class,False,https://www.gjel.com/blog,200,1
https://www.gjel.com/sitemap-2,https://www.gjel.com/blog/pedestrian-suffers-traumatic-injuries-after-pickup-truck-collision,Pedestrian Suffers Traumatic Injuries After Pickup Truck Collision on Bechelli Lane in Redding,boiler-class,False,https://www.gjel.com/blog,200,1
https://www.gjel.com/sitemap,https://www.gjel.com/blog/people-injured-after-a-vehicle-into-building-accident,Several People Injured After a Vehicle-into-Building Accident Accident into a Magalia Home Early Morning Collision,boiler-class,False,https://www.gjel.com/blog,200,1
https://www.gjel.com/sitemap-2,https://www.gjel.com/blog/people-injured-after-a-vehicle-into-building-accident,Several People Injured After a Vehicle-into-Building Accident Accident into a Magalia Home Early Morning Collision,boiler-class,False,https://www.gjel.com/blog,200,1
https://www.gjel.com/sitemap,https://www.gjel.com/blog/person-airlifted-after-severe-head-on-collision,Person Airlifted After Severe Head-On Collision at Warren Road and South Burson Road,boiler-class,False,https://www.gjel.com/blog,200,1
https://www.gjel.com/sitemap-2,https://www.gjel.com/blog/person-airlifted-after-severe-head-on-collision,Person Airlifted After Severe Head-On Collision at Warren Road and South Burson Road,boiler-class,False,https://www.gjel.com/blog,200,1
https://www.gjel.com/sitemap,https://www.gjel.com/blog/person-killed-in-fatal-pedestrian-accident,Person Killed in Fatal Highway 99 Pedestrian Accident Near Mack Road in Sacramento,boiler-class,False,https://www.gjel.com/blog,200,1
https://www.gjel.com/sitemap-2,https://www.gjel.com/blog/person-killed-in-fatal-pedestrian-accident,Person Killed in Fatal Highway 99 Pedestrian Accident Near Mack Road in Sacramento,boiler-class,False,https://www.gjel.com/blog,200,1
https://www.gjel.com/sitemap,https://www.gjel.com/blog/pregnant-car-accident-settlement,"$205,000 Settlement for Pregnant Woman in Rear-End Collision",boiler-class,False,https://www.gjel.com/blog,200,1
https://www.gjel.com/sitemap-2,https://www.gjel.com/blog/pregnant-car-accident-settlement,"$205,000 Settlement for Pregnant Woman in Rear-End Collision",boiler-class,False,https://www.gjel.com/blog,200,1
https://www.gjel.com/sitemap,https://www.gjel.com/blog/pregnant-woman-injured-in-two-vehicle-crash,Pregnant Woman Injured in Two-Vehicle Crash on Interstate 80 in North Highlands Sacramento,boiler-class,False,https://www.gjel.com/blog,200,1
https://www.gjel.com/sitemap-2,https://www.gjel.com/blog/pregnant-woman-injured-in-two-vehicle-crash,Pregnant Woman Injured in Two-Vehicle Crash on Interstate 80 in North Highlands Sacramento,boiler-class,False,https://www.gjel.com/blog,200,1
https://www.gjel.com/sitemap,https://www.gjel.com/blog/rancho-cordova-car-accident-sends-victim-to-hospital-on-coloma-road,Rancho Cordova Car Accident Sends Victim to Hospital on Coloma Road,boiler-class,False,https://www.gjel.com/blog,200,1
https://www.gjel.com/sitemap-2,https://www.gjel.com/blog/rancho-cordova-car-accident-sends-victim-to-hospital-on-coloma-road,Rancho Cordova Car Accident Sends Victim to Hospital on Coloma Road,boiler-class,False,https://www.gjel.com/blog,200,1
https://www.gjel.com/truck-accident-lawyers,https://www.gjel.com/blog/rancho-cordova-dump-truck-collision,Dump Truck Collision in Rancho Cordova Minor injuries and fuel spill response.,content,False,https://www.gjel.com/blog,200,1
https://www.gjel.com/truck-accident-lawyers/logging-truck-accident,https://www.gjel.com/blog/rancho-cordova-dump-truck-collision,Dump Truck Collision in Rancho Cordova,content,False,https://www.gjel.com/blog,200,1
https://www.gjel.com/truck-accident-lawyers/tips-avoid-rollovers,https://www.gjel.com/blog/rancho-cordova-dump-truck-collision,Dump Truck Collision in Rancho Cordova,boiler-class,False,https://www.gjel.com/blog,200,1
https://www.gjel.com/truck-accident-lawyers/truck-driver-fatigue,https://www.gjel.com/blog/rancho-cordova-dump-truck-collision,Dump Truck Collision in Rancho Cordova,boiler-class,False,https://www.gjel.com/blog,200,1
https://www.gjel.com/truck-accident-lawyers/what-causes-trucks-to-jackknife,https://www.gjel.com/blog/rancho-cordova-dump-truck-collision,Dump Truck Collision in Rancho Cordova,boiler-class,False,https://www.gjel.com/blog,200,1
https://www.gjel.com/truck-accident-lawyers/what-is-an-underride-crash,https://www.gjel.com/blog/rancho-cordova-dump-truck-collision,Dump Truck Collision in Rancho Cordova,boiler-class,False,https://www.gjel.com/blog,200,1
https://www.gjel.com/archives/fatal-pedestrian-accident-san-jose,https://www.gjel.com/blog/rear-end-collision-in-san-jose,Rear‑end collision in San Jose,boiler-class,False,https://www.gjel.com/blog,200,1
https://www.gjel.com/archives/post-office-building-crash-in-san-jose,https://www.gjel.com/blog/rear-end-collision-in-san-jose,Rear‑end collision in San Jose,boiler-class,False,https://www.gjel.com/blog,200,1
https://www.gjel.com/archives/pregnant-woman-dies-in-san-jose-fatal-collision,https://www.gjel.com/blog/rear-end-collision-in-san-jose,Rear‑end collision in San Jose,boiler-class,False,https://www.gjel.com/blog,200,1
https://www.gjel.com/archives/san-jose-traffic-sensors-bike-motorcycle-safety,https://www.gjel.com/blog/rear-end-collision-in-san-jose,Rear‑end collision in San Jose,boiler-class,False,https://www.gjel.com/blog,200,1
https://www.gjel.com/how-to-find-the-best-personal-injury-lawyer-in-san-jose,https://www.gjel.com/blog/rear-end-collision-in-san-jose,Rear‑end collision in San Jose,boiler-class,False,https://www.gjel.com/blog,200,1
https://www.gjel.com/san-jose/bicycle-accident-lawyers,https://www.gjel.com/blog/rear-end-collision-in-san-jose,Rear‑end collision in San Jose,boiler-class,False,https://www.gjel.com/blog,200,1
https://www.gjel.com/san-jose/brain-injury-lawyers,https://www.gjel.com/blog/rear-end-collision-in-san-jose,Rear‑end collision in San Jose,boiler-class,False,https://www.gjel.com/blog,200,1
https://www.gjel.com/san-jose/motorcycle-accident-lawyers,https://www.gjel.com/blog/rear-end-collision-in-san-jose,Rear‑end collision in San Jose,boiler-class,False,https://www.gjel.com/blog,200,1
https://www.gjel.com/san-jose/truck-accident-lawyer,https://www.gjel.com/blog/rear-end-collision-in-san-jose,Rear‑end collision in San Jose,boiler-class,False,https://www.gjel.com/blog,200,1
https://www.gjel.com/san-jose/wrongful-death-lawyers,https://www.gjel.com/blog/rear-end-collision-in-san-jose,Rear‑end collision in San Jose,boiler-class,False,https://www.gjel.com/blog,200,1
https://www.gjel.com/sitemap,https://www.gjel.com/blog/rear-end-collision-in-san-jose,Rear-End Collision on Highway 237 in San Jose Causes Significant Damage and Minor Injuries,boiler-class,False,https://www.gjel.com/blog,200,1
https://www.gjel.com/sitemap-2,https://www.gjel.com/blog/rear-end-collision-in-san-jose,Rear-End Collision on Highway 237 in San Jose Causes Significant Damage and Minor Injuries,boiler-class,False,https://www.gjel.com/blog,200,1
https://www.gjel.com/motorcycle-accident-lawyers,https://www.gjel.com/blog/sacramento-highway-50-motorcycle-accident-1-dead-4-injured-in-13-motorcycle-crash,Highway 50 multi‑motorcycle crash in Sacramento,content,False,https://www.gjel.com/blog,200,1
https://www.gjel.com/sitemap,https://www.gjel.com/blog/sacramento-sideshow-accident-bystander-injured,Bystander Injured in Sacramento Sideshow as Dangerous Street Racing Event Spans Multiple Locations,boiler-class,False,https://www.gjel.com/blog,200,1
https://www.gjel.com/sitemap-2,https://www.gjel.com/blog/sacramento-sideshow-accident-bystander-injured,Bystander Injured in Sacramento Sideshow as Dangerous Street Racing Event Spans Multiple Locations,boiler-class,False,https://www.gjel.com/blog,200,1
https://www.gjel.com/san-francisco/truck-accident,https://www.gjel.com/blog/sacramento-truck-accident-420k-settlement,Read the case summary,boiler-class,False,https://www.gjel.com/blog,200,1
https://www.gjel.com/san-francisco/truck-accident,https://www.gjel.com/blog/sacramento-truck-accident-420k-settlement,"$420,000 truck settlement case summary",boiler-class,False,https://www.gjel.com/blog,200,1
https://www.gjel.com/sitemap,https://www.gjel.com/blog/sacramento-truck-accident-420k-settlement,Navigating the Aftermath: Sacramento County Truck Collision Leaves Woman Seeking Justice,boiler-class,False,https://www.gjel.com/blog,200,1
https://www.gjel.com/sitemap-2,https://www.gjel.com/blog/sacramento-truck-accident-420k-settlement,Navigating the Aftermath: Sacramento County Truck Collision Leaves Woman Seeking Justice,boiler-class,False,https://www.gjel.com/blog,200,1
https://www.gjel.com/truck-accident-lawyers,https://www.gjel.com/blog/sacramento-truck-accident-420k-settlement,"$420,000 Sacramento Truck Accident Settlement Strategic workup that delivered a strong result.",content,False,https://www.gjel.com/blog,200,1
https://www.gjel.com/truck-accident-lawyers/logging-truck-accident,https://www.gjel.com/blog/sacramento-truck-accident-420k-settlement,"$420,000 Sacramento Truck Accident Settlement",content,False,https://www.gjel.com/blog,200,1
https://www.gjel.com/truck-accident-lawyers/tips-avoid-rollovers,https://www.gjel.com/blog/sacramento-truck-accident-420k-settlement,"$420,000 Sacramento Truck Accident Settlement",boiler-class,False,https://www.gjel.com/blog,200,1
https://www.gjel.com/truck-accident-lawyers/truck-driver-fatigue,https://www.gjel.com/blog/sacramento-truck-accident-420k-settlement,"$420,000 Sacramento Truck Accident Settlement",boiler-class,False,https://www.gjel.com/blog,200,1
https://www.gjel.com/truck-accident-lawyers/what-causes-trucks-to-jackknife,https://www.gjel.com/blog/sacramento-truck-accident-420k-settlement,"$420,000 Sacramento Truck Accident Settlement",boiler-class,False,https://www.gjel.com/blog,200,1
https://www.gjel.com/truck-accident-lawyers/what-is-an-underride-crash,https://www.gjel.com/blog/sacramento-truck-accident-420k-settlement,"$420,000 Sacramento Truck Accident Settlement",boiler-class,False,https://www.gjel.com/blog,200,1
https://www.gjel.com/sitemap,https://www.gjel.com/blog/sacramento-woman-killed-in-a-semi-truck-collision,Sacramento Woman Killed in Sutter County Semi-Truck Collision at Stop Sign Intersection,boiler-class,False,https://www.gjel.com/blog,200,1
https://www.gjel.com/sitemap-2,https://www.gjel.com/blog/sacramento-woman-killed-in-a-semi-truck-collision,Sacramento Woman Killed in Sutter County Semi-Truck Collision at Stop Sign Intersection,boiler-class,False,https://www.gjel.com/blog,200,1
https://www.gjel.com/archives/fatal-pedestrian-accident-san-jose,https://www.gjel.com/blog/san-jose-car-accident-statistics,San Jose car accident statistics,boiler-class,False,https://www.gjel.com/blog,200,1
https://www.gjel.com/archives/post-office-building-crash-in-san-jose,https://www.gjel.com/blog/san-jose-car-accident-statistics,San Jose car accident statistics,boiler-class,False,https://www.gjel.com/blog,200,1
https://www.gjel.com/archives/pregnant-woman-dies-in-san-jose-fatal-collision,https://www.gjel.com/blog/san-jose-car-accident-statistics,San Jose car accident statistics,boiler-class,False,https://www.gjel.com/blog,200,1
https://www.gjel.com/archives/san-jose-traffic-sensors-bike-motorcycle-safety,https://www.gjel.com/blog/san-jose-car-accident-statistics,San Jose car accident statistics,boiler-class,False,https://www.gjel.com/blog,200,1
https://www.gjel.com/how-to-find-the-best-personal-injury-lawyer-in-san-jose,https://www.gjel.com/blog/san-jose-car-accident-statistics,San Jose car accident statistics,boiler-class,False,https://www.gjel.com/blog,200,1
https://www.gjel.com/san-jose/bicycle-accident-lawyers,https://www.gjel.com/blog/san-jose-car-accident-statistics,San Jose car accident statistics,boiler-class,False,https://www.gjel.com/blog,200,1
https://www.gjel.com/san-jose/brain-injury-lawyers,https://www.gjel.com/blog/san-jose-car-accident-statistics,San Jose car accident statistics,boiler-class,False,https://www.gjel.com/blog,200,1
https://www.gjel.com/san-jose/motorcycle-accident-lawyers,https://www.gjel.com/blog/san-jose-car-accident-statistics,San Jose car accident statistics,boiler-class,False,https://www.gjel.com/blog,200,1
https://www.gjel.com/san-jose/truck-accident-lawyer,https://www.gjel.com/blog/san-jose-car-accident-statistics,San Jose car accident statistics,boiler-class,False,https://www.gjel.com/blog,200,1
https://www.gjel.com/san-jose/wrongful-death-lawyers,https://www.gjel.com/blog/san-jose-car-accident-statistics,San Jose car accident statistics,boiler-class,False,https://www.gjel.com/blog,200,1
https://www.gjel.com/sitemap,https://www.gjel.com/blog/san-jose-car-accident-statistics,San Jose Car Accident Statistics,boiler-class,False,https://www.gjel.com/blog,200,1
https://www.gjel.com/sitemap-2,https://www.gjel.com/blog/san-jose-car-accident-statistics,San Jose Car Accident Statistics,boiler-class,False,https://www.gjel.com/blog,200,1
https://www.gjel.com/sitemap,https://www.gjel.com/blog/san-jose-drunk-driving-crash-severe-injuries,San Jose Drunk Driving Accident Leaves Two Severely Injured After Car Strikes Nightclub Barriers,boiler-class,False,https://www.gjel.com/blog,200,1
https://www.gjel.com/sitemap-2,https://www.gjel.com/blog/san-jose-drunk-driving-crash-severe-injuries,San Jose Drunk Driving Accident Leaves Two Severely Injured After Car Strikes Nightclub Barriers,boiler-class,False,https://www.gjel.com/blog,200,1
https://www.gjel.com/archives/fatal-pedestrian-accident-san-jose,https://www.gjel.com/blog/san-jose-i-280-off-ramp-collision-raises-questions-about-intersection-safety,I‑280 off‑ramp collision and intersection safety questions,boiler-class,False,https://www.gjel.com/blog,200,1
https://www.gjel.com/archives/post-office-building-crash-in-san-jose,https://www.gjel.com/blog/san-jose-i-280-off-ramp-collision-raises-questions-about-intersection-safety,I‑280 off‑ramp collision and intersection safety questions,boiler-class,False,https://www.gjel.com/blog,200,1
https://www.gjel.com/archives/pregnant-woman-dies-in-san-jose-fatal-collision,https://www.gjel.com/blog/san-jose-i-280-off-ramp-collision-raises-questions-about-intersection-safety,I‑280 off‑ramp collision and intersection safety questions,boiler-class,False,https://www.gjel.com/blog,200,1
https://www.gjel.com/archives/san-jose-traffic-sensors-bike-motorcycle-safety,https://www.gjel.com/blog/san-jose-i-280-off-ramp-collision-raises-questions-about-intersection-safety,I‑280 off‑ramp collision and intersection safety questions,boiler-class,False,https://www.gjel.com/blog,200,1
https://www.gjel.com/how-to-find-the-best-personal-injury-lawyer-in-san-jose,https://www.gjel.com/blog/san-jose-i-280-off-ramp-collision-raises-questions-about-intersection-safety,I‑280 off‑ramp collision and intersection safety questions,boiler-class,False,https://www.gjel.com/blog,200,1
https://www.gjel.com/san-jose/bicycle-accident-lawyers,https://www.gjel.com/blog/san-jose-i-280-off-ramp-collision-raises-questions-about-intersection-safety,I‑280 off‑ramp collision and intersection safety questions,boiler-class,False,https://www.gjel.com/blog,200,1
https://www.gjel.com/san-jose/brain-injury-lawyers,https://www.gjel.com/blog/san-jose-i-280-off-ramp-collision-raises-questions-about-intersection-safety,I‑280 off‑ramp collision and intersection safety questions,boiler-class,False,https://www.gjel.com/blog,200,1
https://www.gjel.com/san-jose/motorcycle-accident-lawyers,https://www.gjel.com/blog/san-jose-i-280-off-ramp-collision-raises-questions-about-intersection-safety,I‑280 off‑ramp collision and intersection safety questions,boiler-class,False,https://www.gjel.com/blog,200,1
https://www.gjel.com/san-jose/truck-accident-lawyer,https://www.gjel.com/blog/san-jose-i-280-off-ramp-collision-raises-questions-about-intersection-safety,I‑280 off‑ramp collision and intersection safety questions,boiler-class,False,https://www.gjel.com/blog,200,1
https://www.gjel.com/san-jose/wrongful-death-lawyers,https://www.gjel.com/blog/san-jose-i-280-off-ramp-collision-raises-questions-about-intersection-safety,I‑280 off‑ramp collision and intersection safety questions,boiler-class,False,https://www.gjel.com/blog,200,1
https://www.gjel.com/sitemap,https://www.gjel.com/blog/san-jose-i-280-off-ramp-collision-raises-questions-about-intersection-safety,San Jose I-280 Off-Ramp Collision Raises Questions About Intersection Safety,boiler-class,False,https://www.gjel.com/blog,200,1
https://www.gjel.com/sitemap-2,https://www.gjel.com/blog/san-jose-i-280-off-ramp-collision-raises-questions-about-intersection-safety,San Jose I-280 Off-Ramp Collision Raises Questions About Intersection Safety,boiler-class,False,https://www.gjel.com/blog,200,1
https://www.gjel.com/sitemap,https://www.gjel.com/blog/sausalito-car-accident-injures-multiple-people,Sausalito Car Accident on US-101 Injures Multiple People Near Golden Gate Vista Point,boiler-class,False,https://www.gjel.com/blog,200,1
https://www.gjel.com/sitemap-2,https://www.gjel.com/blog/sausalito-car-accident-injures-multiple-people,Sausalito Car Accident on US-101 Injures Multiple People Near Golden Gate Vista Point,boiler-class,False,https://www.gjel.com/blog,200,1
https://www.gjel.com/sitemap,https://www.gjel.com/blog/school-bus-accident-carrying-students-with-disabilities,Del Paso Heights School Bus Accident: Vehicle Strikes Bus Carrying Students with Disabilities,boiler-class,False,https://www.gjel.com/blog,200,1
https://www.gjel.com/sitemap-2,https://www.gjel.com/blog/school-bus-accident-carrying-students-with-disabilities,Del Paso Heights School Bus Accident: Vehicle Strikes Bus Carrying Students with Disabilities,boiler-class,False,https://www.gjel.com/blog,200,1
https://www.gjel.com/truck-accident-lawyers,https://www.gjel.com/blog/semi-truck-accident-on-highway-395-leaves-driver-critically-injured,Semi‑Truck Crash on Highway 395 Critical injuries and how investigations proceed.,content,False,https://www.gjel.com/blog,200,1
https://www.gjel.com/truck-accident-lawyers/logging-truck-accident,https://www.gjel.com/blog/semi-truck-accident-on-highway-395-leaves-driver-critically-injured,Semi‑Truck Crash on Highway 395,content,False,https://www.gjel.com/blog,200,1
https://www.gjel.com/truck-accident-lawyers/tips-avoid-rollovers,https://www.gjel.com/blog/semi-truck-accident-on-highway-395-leaves-driver-critically-injured,Semi‑Truck Crash on Highway 395,boiler-class,False,https://www.gjel.com/blog,200,1
https://www.gjel.com/truck-accident-lawyers/truck-driver-fatigue,https://www.gjel.com/blog/semi-truck-accident-on-highway-395-leaves-driver-critically-injured,Semi‑Truck Crash on Highway 395,boiler-class,False,https://www.gjel.com/blog,200,1
https://www.gjel.com/truck-accident-lawyers/what-causes-trucks-to-jackknife,https://www.gjel.com/blog/semi-truck-accident-on-highway-395-leaves-driver-critically-injured,Semi‑Truck Crash on Highway 395,boiler-class,False,https://www.gjel.com/blog,200,1
https://www.gjel.com/truck-accident-lawyers/what-is-an-underride-crash,https://www.gjel.com/blog/semi-truck-accident-on-highway-395-leaves-driver-critically-injured,Semi‑Truck Crash on Highway 395,boiler-class,False,https://www.gjel.com/blog,200,1
https://www.gjel.com/sitemap,https://www.gjel.com/blog/seven-hospitalized-after-major-two-vehicle-collision,Seven Hospitalized After Major Two-Vehicle Collision in East Sacramento County,boiler-class,False,https://www.gjel.com/blog,200,1
https://www.gjel.com/sitemap-2,https://www.gjel.com/blog/seven-hospitalized-after-major-two-vehicle-collision,Seven Hospitalized After Major Two-Vehicle Collision in East Sacramento County,boiler-class,False,https://www.gjel.com/blog,200,1
https://www.gjel.com/sitemap,https://www.gjel.com/blog/severe-car-crash-results-in-250000-settlement,"Severe Car Crash into United States Post Office Results in $250,000 Settlement for Injured Woman",boiler-class,False,https://www.gjel.com/blog,200,1
https://www.gjel.com/sitemap-2,https://www.gjel.com/blog/severe-car-crash-results-in-250000-settlement,"Severe Car Crash into United States Post Office Results in $250,000 Settlement for Injured Woman",boiler-class,False,https://www.gjel.com/blog,200,1
https://www.gjel.com/blog/state-driving-laws,https://www.gjel.com/blog/should-bay-area-carpool-lanes-be-enforced-247,carpool lane,boiler-class,False,https://www.gjel.com/blog,200,1
https://www.gjel.com/driving-information,https://www.gjel.com/blog/should-bay-area-carpool-lanes-be-enforced-247,[empty],content,False,https://www.gjel.com/blog,200,1
https://www.gjel.com/driving-information,https://www.gjel.com/blog/should-bay-area-carpool-lanes-be-enforced-247,Should Bay Area carpool lanes be enforced 24/7?,content,False,https://www.gjel.com/blog,200,1
https://www.gjel.com/sitemap,https://www.gjel.com/blog/should-bay-area-carpool-lanes-be-enforced-247,Should Bay Area carpool lanes be enforced 24/7?,boiler-class,False,https://www.gjel.com/blog,200,1
https://www.gjel.com/sitemap-2,https://www.gjel.com/blog/should-bay-area-carpool-lanes-be-enforced-247,Should Bay Area carpool lanes be enforced 24/7?,boiler-class,False,https://www.gjel.com/blog,200,1
https://www.gjel.com/blog/top-20-most-popular-fictional-tv-lawyers,https://www.gjel.com/blog/simpsons-lawsuits-list-lionel-hutz,Lionel Hutz,boiler-class,False,https://www.gjel.com/blog,200,1
https://www.gjel.com/legal-humor,https://www.gjel.com/blog/simpsons-lawsuits-list-lionel-hutz,[empty],content,False,https://www.gjel.com/blog,200,1
https://www.gjel.com/legal-humor,https://www.gjel.com/blog/simpsons-lawsuits-list-lionel-hutz,Lionel Hutz Lawsuits In The Simpsons,content,False,https://www.gjel.com/blog,200,1
https://www.gjel.com/sitemap,https://www.gjel.com/blog/simpsons-lawsuits-list-lionel-hutz,Lionel Hutz Lawsuits In The Simpsons,boiler-class,False,https://www.gjel.com/blog,200,1
https://www.gjel.com/sitemap-2,https://www.gjel.com/blog/simpsons-lawsuits-list-lionel-hutz,Lionel Hutz Lawsuits In The Simpsons,boiler-class,False,https://www.gjel.com/blog,200,1
https://www.gjel.com/sitemap,https://www.gjel.com/blog/single-vehicle-accident-center-divider-collisions,Single-Vehicle Accident on I-205 in Tracy: What Drivers Need to Know About Center Divider Collisions,boiler-class,False,https://www.gjel.com/blog,200,1
https://www.gjel.com/sitemap-2,https://www.gjel.com/blog/single-vehicle-accident-center-divider-collisions,Single-Vehicle Accident on I-205 in Tracy: What Drivers Need to Know About Center Divider Collisions,boiler-class,False,https://www.gjel.com/blog,200,1
https://www.gjel.com/sitemap,https://www.gjel.com/blog/single-vehicle-accident-early-morning-drive,Single-Vehicle Accident on US-101 at Cesar Chavez Off-Ramp Highlights Need for Early Morning Driving Caution,boiler-class,False,https://www.gjel.com/blog,200,1
https://www.gjel.com/sitemap-2,https://www.gjel.com/blog/single-vehicle-accident-early-morning-drive,Single-Vehicle Accident on US-101 at Cesar Chavez Off-Ramp Highlights Need for Early Morning Driving Caution,boiler-class,False,https://www.gjel.com/blog,200,1
https://www.gjel.com/sitemap,https://www.gjel.com/blog/single-vehicle-crash-leaves-one-dead-two-injured,"Single-Vehicle Crash on Mount Whitney Avenue Leaves One Dead, Two Injured After SUV Crashes Into Fresno Orchard",boiler-class,False,https://www.gjel.com/blog,200,1
https://www.gjel.com/sitemap-2,https://www.gjel.com/blog/single-vehicle-crash-leaves-one-dead-two-injured,"Single-Vehicle Crash on Mount Whitney Avenue Leaves One Dead, Two Injured After SUV Crashes Into Fresno Orchard",boiler-class,False,https://www.gjel.com/blog,200,1
https://www.gjel.com/sitemap,https://www.gjel.com/blog/single-vehicle-rollover-accident-on-skyway-in-magalia-leaves-one-injured,Single-Vehicle Rollover Accident on Skyway in Magalia Leaves One Injured,boiler-class,False,https://www.gjel.com/blog,200,1
https://www.gjel.com/sitemap-2,https://www.gjel.com/blog/single-vehicle-rollover-accident-on-skyway-in-magalia-leaves-one-injured,Single-Vehicle Rollover Accident on Skyway in Magalia Leaves One Injured,boiler-class,False,https://www.gjel.com/blog,200,1
https://www.gjel.com/sitemap,https://www.gjel.com/blog/six-common-easter-injuries-and-how-to-avoid-them,Five Common Easter Injuries and How to Avoid Them,boiler-class,False,https://www.gjel.com/blog,200,1
https://www.gjel.com/sitemap-2,https://www.gjel.com/blog/six-common-easter-injuries-and-how-to-avoid-them,Five Common Easter Injuries and How to Avoid Them,boiler-class,False,https://www.gjel.com/blog,200,1
https://www.gjel.com/motorcycle-accident-lawyers,https://www.gjel.com/blog/stockton-motorcycle-accident-100k-settlement,"$100,000 Stockton motorcycle accident settlement",content,False,https://www.gjel.com/blog,200,1
https://www.gjel.com/sitemap,https://www.gjel.com/blog/stockton-motorcycle-accident-100k-settlement,"Stockton Motorcyclist Secures $100,000 Settlement After Negligent Driver Collision",boiler-class,False,https://www.gjel.com/blog,200,1
https://www.gjel.com/sitemap-2,https://www.gjel.com/blog/stockton-motorcycle-accident-100k-settlement,"Stockton Motorcyclist Secures $100,000 Settlement After Negligent Driver Collision",boiler-class,False,https://www.gjel.com/blog,200,1
https://www.gjel.com/stockton/amputation-lawyers,https://www.gjel.com/blog/stockton-motorcycle-accident-100k-settlement,Stockton motorcycle accident 100K settlement,boiler-class,False,https://www.gjel.com/blog,200,1
https://www.gjel.com/stockton/bicycle-accidents,https://www.gjel.com/blog/stockton-motorcycle-accident-100k-settlement,Stockton motorcycle accident 100K settlement,boiler-class,False,https://www.gjel.com/blog,200,1
https://www.gjel.com/stockton/brain-injuries,https://www.gjel.com/blog/stockton-motorcycle-accident-100k-settlement,Stockton motorcycle accident 100K settlement,boiler-class,False,https://www.gjel.com/blog,200,1
https://www.gjel.com/stockton/motorcycle-accident-lawyer,https://www.gjel.com/blog/stockton-motorcycle-accident-100k-settlement,Stockton motorcycle accident 100K settlement,boiler-class,False,https://www.gjel.com/blog,200,1
https://www.gjel.com/stockton/truck-accidents,https://www.gjel.com/blog/stockton-motorcycle-accident-100k-settlement,Stockton motorcycle accident 100K settlement,boiler-class,False,https://www.gjel.com/blog,200,1
https://www.gjel.com/stockton/wrongful-death-attorneys,https://www.gjel.com/blog/stockton-motorcycle-accident-100k-settlement,Stockton motorcycle accident 100K settlement,boiler-class,False,https://www.gjel.com/blog,200,1
https://www.gjel.com/sitemap,https://www.gjel.com/blog/tanker-truck-crash-closes-prompts-emergency,Tanker Truck Crash Closes Interstate 5 in Anderson Prompts Emergency,boiler-class,False,https://www.gjel.com/blog,200,1
https://www.gjel.com/sitemap-2,https://www.gjel.com/blog/tanker-truck-crash-closes-prompts-emergency,Tanker Truck Crash Closes Interstate 5 in Anderson Prompts Emergency,boiler-class,False,https://www.gjel.com/blog,200,1
https://www.gjel.com/sitemap,https://www.gjel.com/blog/the-complexities-of-multi-vehicle-accidents-a-personal-injury-attorneys-perspective,Understanding Multi-Vehicle Accident Claims: A Personal Injury Attorney’s Insights,boiler-class,False,https://www.gjel.com/blog,200,1
https://www.gjel.com/sitemap-2,https://www.gjel.com/blog/the-complexities-of-multi-vehicle-accidents-a-personal-injury-attorneys-perspective,Understanding Multi-Vehicle Accident Claims: A Personal Injury Attorney’s Insights,boiler-class,False,https://www.gjel.com/blog,200,1
https://www.gjel.com/driving-information,https://www.gjel.com/blog/the-complicated-story-behind-widening-highway-1-in-santa-cruz-html,[empty],content,False,https://www.gjel.com/blog,200,1
https://www.gjel.com/driving-information,https://www.gjel.com/blog/the-complicated-story-behind-widening-highway-1-in-santa-cruz-html,The complicated story behind widening Highway 1 in Santa Cruz,content,False,https://www.gjel.com/blog,200,1
https://www.gjel.com/sitemap,https://www.gjel.com/blog/the-complicated-story-behind-widening-highway-1-in-santa-cruz-html,The complicated story behind widening Highway 1 in Santa Cruz,boiler-class,False,https://www.gjel.com/blog,200,1
https://www.gjel.com/sitemap-2,https://www.gjel.com/blog/the-complicated-story-behind-widening-highway-1-in-santa-cruz-html,The complicated story behind widening Highway 1 in Santa Cruz,boiler-class,False,https://www.gjel.com/blog,200,1
https://www.gjel.com/sitemap,https://www.gjel.com/blog/the-life-saving-benefits-of-wearing-a-seatbelt,The Life-Saving Benefits of Wearing a Seatbelt,boiler-class,False,https://www.gjel.com/blog,200,1
https://www.gjel.com/sitemap-2,https://www.gjel.com/blog/the-life-saving-benefits-of-wearing-a-seatbelt,The Life-Saving Benefits of Wearing a Seatbelt,boiler-class,False,https://www.gjel.com/blog,200,1
https://www.gjel.com/archives/fatal-pedestrian-accident-san-jose,https://www.gjel.com/blog/the-most-dangerous-intersections-in-san-jose-california,Most dangerous intersections in San Jose,boiler-class,False,https://www.gjel.com/blog,200,1
https://www.gjel.com/archives/post-office-building-crash-in-san-jose,https://www.gjel.com/blog/the-most-dangerous-intersections-in-san-jose-california,Most dangerous intersections in San Jose,boiler-class,False,https://www.gjel.com/blog,200,1
https://www.gjel.com/archives/pregnant-woman-dies-in-san-jose-fatal-collision,https://www.gjel.com/blog/the-most-dangerous-intersections-in-san-jose-california,Most dangerous intersections in San Jose,boiler-class,False,https://www.gjel.com/blog,200,1
https://www.gjel.com/archives/san-jose-traffic-sensors-bike-motorcycle-safety,https://www.gjel.com/blog/the-most-dangerous-intersections-in-san-jose-california,Most dangerous intersections in San Jose,boiler-class,False,https://www.gjel.com/blog,200,1
https://www.gjel.com/how-to-find-the-best-personal-injury-lawyer-in-san-jose,https://www.gjel.com/blog/the-most-dangerous-intersections-in-san-jose-california,Most dangerous intersections in San Jose,boiler-class,False,https://www.gjel.com/blog,200,1
https://www.gjel.com/san-jose/bicycle-accident-lawyers,https://www.gjel.com/blog/the-most-dangerous-intersections-in-san-jose-california,Most dangerous intersections in San Jose,boiler-class,False,https://www.gjel.com/blog,200,1
https://www.gjel.com/san-jose/brain-injury-lawyers,https://www.gjel.com/blog/the-most-dangerous-intersections-in-san-jose-california,Most dangerous intersections in San Jose,boiler-class,False,https://www.gjel.com/blog,200,1
https://www.gjel.com/san-jose/motorcycle-accident-lawyers,https://www.gjel.com/blog/the-most-dangerous-intersections-in-san-jose-california,Most dangerous intersections in San Jose,boiler-class,False,https://www.gjel.com/blog,200,1
https://www.gjel.com/san-jose/truck-accident-lawyer,https://www.gjel.com/blog/the-most-dangerous-intersections-in-san-jose-california,Most dangerous intersections in San Jose,boiler-class,False,https://www.gjel.com/blog,200,1
https://www.gjel.com/san-jose/wrongful-death-lawyers,https://www.gjel.com/blog/the-most-dangerous-intersections-in-san-jose-california,Most dangerous intersections in San Jose,boiler-class,False,https://www.gjel.com/blog,200,1
https://www.gjel.com/sitemap,https://www.gjel.com/blog/the-most-dangerous-intersections-in-san-jose-california,"The Most Dangerous Intersections in San Jose, California",boiler-class,False,https://www.gjel.com/blog,200,1
https://www.gjel.com/sitemap-2,https://www.gjel.com/blog/the-most-dangerous-intersections-in-san-jose-california,"The Most Dangerous Intersections in San Jose, California",boiler-class,False,https://www.gjel.com/blog,200,1
https://www.gjel.com/sitemap,https://www.gjel.com/blog/three-lives-lost-in-suspected-dui-crash,Three Lives Lost in Suspected DUI Crash on Sacramento’s Roseville Road,boiler-class,False,https://www.gjel.com/blog,200,1
https://www.gjel.com/sitemap-2,https://www.gjel.com/blog/three-lives-lost-in-suspected-dui-crash,Three Lives Lost in Suspected DUI Crash on Sacramento’s Roseville Road,boiler-class,False,https://www.gjel.com/blog,200,1
https://www.gjel.com/sitemap,https://www.gjel.com/blog/three-vehicle-collision-major-injuries,Three-Vehicle Collision Causes Major Injuries on SR-24 Near Caldecott Tunnel,boiler-class,False,https://www.gjel.com/blog,200,1
https://www.gjel.com/sitemap-2,https://www.gjel.com/blog/three-vehicle-collision-major-injuries,Three-Vehicle Collision Causes Major Injuries on SR-24 Near Caldecott Tunnel,boiler-class,False,https://www.gjel.com/blog,200,1
https://www.gjel.com/sitemap,https://www.gjel.com/blog/three-vehicle-crash-leaves-community-shaken,Three-Vehicle Crash on Golden State Boulevard in Turlock Leaves Community Shaken,boiler-class,False,https://www.gjel.com/blog,200,1
https://www.gjel.com/sitemap-2,https://www.gjel.com/blog/three-vehicle-crash-leaves-community-shaken,Three-Vehicle Crash on Golden State Boulevard in Turlock Leaves Community Shaken,boiler-class,False,https://www.gjel.com/blog,200,1
https://www.gjel.com/sitemap,https://www.gjel.com/blog/three-vehicle-crash-on-state-route-25-near-hollister-leaves-multiple-injured,Three-Vehicle Crash on State Route 25 Near Hollister Leaves Multiple Injured,boiler-class,False,https://www.gjel.com/blog,200,1
https://www.gjel.com/sitemap-2,https://www.gjel.com/blog/three-vehicle-crash-on-state-route-25-near-hollister-leaves-multiple-injured,Three-Vehicle Crash on State Route 25 Near Hollister Leaves Multiple Injured,boiler-class,False,https://www.gjel.com/blog,200,1
https://www.gjel.com/sitemap,https://www.gjel.com/blog/tort-claimants-liability-for-decedents-pre-death-medical-expenses,Tort claimants’ liability for decedent’s pre-death medical expenses,boiler-class,False,https://www.gjel.com/blog,200,1
https://www.gjel.com/sitemap-2,https://www.gjel.com/blog/tort-claimants-liability-for-decedents-pre-death-medical-expenses,Tort claimants’ liability for decedent’s pre-death medical expenses,boiler-class,False,https://www.gjel.com/blog,200,1
https://www.gjel.com/sitemap,https://www.gjel.com/blog/traffic-collision-causes-injuries-and-lane-closures,Traffic Collision Causes Injuries and Lane Closures on CA-4 Eastbound Near CA-242 in Concord,boiler-class,False,https://www.gjel.com/blog,200,1
https://www.gjel.com/sitemap-2,https://www.gjel.com/blog/traffic-collision-causes-injuries-and-lane-closures,Traffic Collision Causes Injuries and Lane Closures on CA-4 Eastbound Near CA-242 in Concord,boiler-class,False,https://www.gjel.com/blog,200,1
https://www.gjel.com/sitemap,https://www.gjel.com/blog/traffic-collision-injures-motorist-in-pleasanton,Traffic Collision Injures Motorist on Southbound I-680 Near Sunol Boulevard in Pleasanton,boiler-class,False,https://www.gjel.com/blog,200,1
https://www.gjel.com/sitemap-2,https://www.gjel.com/blog/traffic-collision-injures-motorist-in-pleasanton,Traffic Collision Injures Motorist on Southbound I-680 Near Sunol Boulevard in Pleasanton,boiler-class,False,https://www.gjel.com/blog,200,1
https://www.gjel.com/sitemap,https://www.gjel.com/blog/traffic-collision-leaves-san-francisco-resident-injured,Multi-Vehicle Collision at Geneva and San Jose Avenue Intersection Leaves San Francisco Resident Injured,boiler-class,False,https://www.gjel.com/blog,200,1
https://www.gjel.com/sitemap-2,https://www.gjel.com/blog/traffic-collision-leaves-san-francisco-resident-injured,Multi-Vehicle Collision at Geneva and San Jose Avenue Intersection Leaves San Francisco Resident Injured,boiler-class,False,https://www.gjel.com/blog,200,1
https://www.gjel.com/sitemap,https://www.gjel.com/blog/traffic-disrupted-after-two-car-collision,I-280 Traffic Disrupted After Two-Car Collision Near Ocean Avenue Exit,boiler-class,False,https://www.gjel.com/blog,200,1
https://www.gjel.com/sitemap-2,https://www.gjel.com/blog/traffic-disrupted-after-two-car-collision,I-280 Traffic Disrupted After Two-Car Collision Near Ocean Avenue Exit,boiler-class,False,https://www.gjel.com/blog,200,1
https://www.gjel.com/motorcycle-accident-lawyers,https://www.gjel.com/blog/tragic-off-road-motorcycle-collision-claims-two-lives-in-pixley,Off‑road motorcycle collision in Pixley,content,False,https://www.gjel.com/blog,200,1
https://www.gjel.com/sitemap,https://www.gjel.com/blog/tragic-pedestrian-accident-in-fresno,Tragic Pedestrian Accident on Blackstone Avenue in Fresno Raises Crosswalk Safety Concerns,boiler-class,False,https://www.gjel.com/blog,200,1
https://www.gjel.com/sitemap-2,https://www.gjel.com/blog/tragic-pedestrian-accident-in-fresno,Tragic Pedestrian Accident on Blackstone Avenue in Fresno Raises Crosswalk Safety Concerns,boiler-class,False,https://www.gjel.com/blog,200,1
https://www.gjel.com/sitemap,https://www.gjel.com/blog/tragic-pedestrian-accident-safety-concerns,Tragic Pedestrian Accident Highlights Safety Concerns at San Francisco’s Sixth and Howard Street Intersection,boiler-class,False,https://www.gjel.com/blog,200,1
https://www.gjel.com/sitemap-2,https://www.gjel.com/blog/tragic-pedestrian-accident-safety-concerns,Tragic Pedestrian Accident Highlights Safety Concerns at San Francisco’s Sixth and Howard Street Intersection,boiler-class,False,https://www.gjel.com/blog,200,1
https://www.gjel.com/archives/fatal-pedestrian-accident-san-jose,https://www.gjel.com/blog/tragic-two-vehicle-collision-in-san-jose-claims-life-of-solo-male-driver,Two‑vehicle collision in San Jose,boiler-class,False,https://www.gjel.com/blog,200,1
https://www.gjel.com/archives/post-office-building-crash-in-san-jose,https://www.gjel.com/blog/tragic-two-vehicle-collision-in-san-jose-claims-life-of-solo-male-driver,Two‑vehicle collision in San Jose,boiler-class,False,https://www.gjel.com/blog,200,1
https://www.gjel.com/archives/pregnant-woman-dies-in-san-jose-fatal-collision,https://www.gjel.com/blog/tragic-two-vehicle-collision-in-san-jose-claims-life-of-solo-male-driver,Two‑vehicle collision in San Jose,boiler-class,False,https://www.gjel.com/blog,200,1
https://www.gjel.com/archives/san-jose-traffic-sensors-bike-motorcycle-safety,https://www.gjel.com/blog/tragic-two-vehicle-collision-in-san-jose-claims-life-of-solo-male-driver,Two‑vehicle collision in San Jose,boiler-class,False,https://www.gjel.com/blog,200,1
https://www.gjel.com/how-to-find-the-best-personal-injury-lawyer-in-san-jose,https://www.gjel.com/blog/tragic-two-vehicle-collision-in-san-jose-claims-life-of-solo-male-driver,Two‑vehicle collision in San Jose,boiler-class,False,https://www.gjel.com/blog,200,1
https://www.gjel.com/san-jose/bicycle-accident-lawyers,https://www.gjel.com/blog/tragic-two-vehicle-collision-in-san-jose-claims-life-of-solo-male-driver,Two‑vehicle collision in San Jose,boiler-class,False,https://www.gjel.com/blog,200,1
https://www.gjel.com/san-jose/brain-injury-lawyers,https://www.gjel.com/blog/tragic-two-vehicle-collision-in-san-jose-claims-life-of-solo-male-driver,Two‑vehicle collision in San Jose,boiler-class,False,https://www.gjel.com/blog,200,1
https://www.gjel.com/san-jose/motorcycle-accident-lawyers,https://www.gjel.com/blog/tragic-two-vehicle-collision-in-san-jose-claims-life-of-solo-male-driver,Two‑vehicle collision in San Jose,boiler-class,False,https://www.gjel.com/blog,200,1
https://www.gjel.com/san-jose/truck-accident-lawyer,https://www.gjel.com/blog/tragic-two-vehicle-collision-in-san-jose-claims-life-of-solo-male-driver,Two‑vehicle collision in San Jose,boiler-class,False,https://www.gjel.com/blog,200,1
https://www.gjel.com/san-jose/wrongful-death-lawyers,https://www.gjel.com/blog/tragic-two-vehicle-collision-in-san-jose-claims-life-of-solo-male-driver,Two‑vehicle collision in San Jose,boiler-class,False,https://www.gjel.com/blog,200,1
https://www.gjel.com/sitemap,https://www.gjel.com/blog/tragic-two-vehicle-collision-in-san-jose-claims-life-of-solo-male-driver,Tragic Two-Vehicle Collision in San Jose Claims Life of Solo Male Driver,boiler-class,False,https://www.gjel.com/blog,200,1
https://www.gjel.com/sitemap-2,https://www.gjel.com/blog/tragic-two-vehicle-collision-in-san-jose-claims-life-of-solo-male-driver,Tragic Two-Vehicle Collision in San Jose Claims Life of Solo Male Driver,boiler-class,False,https://www.gjel.com/blog,200,1
https://www.gjel.com/sitemap,https://www.gjel.com/blog/truck-accident-two-injured-after-200-foot-plunge,Lakehead Truck Accident: Two Injured After 200-Foot Plunge in Shasta County,boiler-class,False,https://www.gjel.com/blog,200,1
https://www.gjel.com/sitemap-2,https://www.gjel.com/blog/truck-accident-two-injured-after-200-foot-plunge,Lakehead Truck Accident: Two Injured After 200-Foot Plunge in Shasta County,boiler-class,False,https://www.gjel.com/blog,200,1
https://www.gjel.com/truck-accident-lawyers,https://www.gjel.com/blog/truck-accident-two-injured-after-200-foot-plunge,Truck Goes 200 Feet Down Embankment in Shasta County Rescue timeline and potential causes.,content,False,https://www.gjel.com/blog,200,1
https://www.gjel.com/truck-accident-lawyers/logging-truck-accident,https://www.gjel.com/blog/truck-accident-two-injured-after-200-foot-plunge,Truck Goes 200 Feet Down Embankment in Shasta County,content,False,https://www.gjel.com/blog,200,1
https://www.gjel.com/truck-accident-lawyers/tips-avoid-rollovers,https://www.gjel.com/blog/truck-accident-two-injured-after-200-foot-plunge,Truck Goes 200 Feet Down Embankment in Shasta County,boiler-class,False,https://www.gjel.com/blog,200,1
https://www.gjel.com/truck-accident-lawyers/truck-driver-fatigue,https://www.gjel.com/blog/truck-accident-two-injured-after-200-foot-plunge,Truck Goes 200 Feet Down Embankment in Shasta County,boiler-class,False,https://www.gjel.com/blog,200,1
https://www.gjel.com/truck-accident-lawyers/what-causes-trucks-to-jackknife,https://www.gjel.com/blog/truck-accident-two-injured-after-200-foot-plunge,Truck Goes 200 Feet Down Embankment in Shasta County,boiler-class,False,https://www.gjel.com/blog,200,1
https://www.gjel.com/truck-accident-lawyers/what-is-an-underride-crash,https://www.gjel.com/blog/truck-accident-two-injured-after-200-foot-plunge,Truck Goes 200 Feet Down Embankment in Shasta County,boiler-class,False,https://www.gjel.com/blog,200,1
https://www.gjel.com/sitemap,https://www.gjel.com/blog/two-car-collision-in-fresno-serious-accident,Fatal Two-Car Collision in Fresno County: Understanding Your Legal Rights After a Serious Accident,boiler-class,False,https://www.gjel.com/blog,200,1
https://www.gjel.com/sitemap-2,https://www.gjel.com/blog/two-car-collision-in-fresno-serious-accident,Fatal Two-Car Collision in Fresno County: Understanding Your Legal Rights After a Serious Accident,boiler-class,False,https://www.gjel.com/blog,200,1
https://www.gjel.com/sitemap,https://www.gjel.com/blog/two-dead-after-fatal-multi-vehicle-crash,Two Dead After Hit-and-Run Triggers Fatal Multi-Vehicle Crash on Highway 101 in Santa Clara,boiler-class,False,https://www.gjel.com/blog,200,1
https://www.gjel.com/sitemap-2,https://www.gjel.com/blog/two-dead-after-fatal-multi-vehicle-crash,Two Dead After Hit-and-Run Triggers Fatal Multi-Vehicle Crash on Highway 101 in Santa Clara,boiler-class,False,https://www.gjel.com/blog,200,1
https://www.gjel.com/sitemap,https://www.gjel.com/blog/two-dead-including-child-in-multi-vehicle-crash,Two Dead Including Child in Multi-Vehicle Crash on Highway 87 Near Curtner Avenue in San Jose,boiler-class,False,https://www.gjel.com/blog,200,1
https://www.gjel.com/sitemap-2,https://www.gjel.com/blog/two-dead-including-child-in-multi-vehicle-crash,Two Dead Including Child in Multi-Vehicle Crash on Highway 87 Near Curtner Avenue in San Jose,boiler-class,False,https://www.gjel.com/blog,200,1
https://www.gjel.com/sitemap,https://www.gjel.com/blog/two-injured-in-a-crane-truck-traffic-accident,Two Injured as Crane Truck Crashes Through Highway 101 Guardrail in Salinas Traffic Accident,boiler-class,False,https://www.gjel.com/blog,200,1
https://www.gjel.com/sitemap-2,https://www.gjel.com/blog/two-injured-in-a-crane-truck-traffic-accident,Two Injured as Crane Truck Crashes Through Highway 101 Guardrail in Salinas Traffic Accident,boiler-class,False,https://www.gjel.com/blog,200,1
https://www.gjel.com/truck-accident-lawyers,https://www.gjel.com/blog/two-injured-in-a-crane-truck-traffic-accident,Crane Truck Crash in Salinas Commercial vehicle hazards and liability questions.,content,False,https://www.gjel.com/blog,200,1
https://www.gjel.com/truck-accident-lawyers/logging-truck-accident,https://www.gjel.com/blog/two-injured-in-a-crane-truck-traffic-accident,Crane Truck Crash in Salinas,content,False,https://www.gjel.com/blog,200,1
https://www.gjel.com/truck-accident-lawyers/tips-avoid-rollovers,https://www.gjel.com/blog/two-injured-in-a-crane-truck-traffic-accident,Crane Truck Crash in Salinas,boiler-class,False,https://www.gjel.com/blog,200,1
https://www.gjel.com/truck-accident-lawyers/truck-driver-fatigue,https://www.gjel.com/blog/two-injured-in-a-crane-truck-traffic-accident,Crane Truck Crash in Salinas,boiler-class,False,https://www.gjel.com/blog,200,1
https://www.gjel.com/truck-accident-lawyers/what-causes-trucks-to-jackknife,https://www.gjel.com/blog/two-injured-in-a-crane-truck-traffic-accident,Crane Truck Crash in Salinas,boiler-class,False,https://www.gjel.com/blog,200,1
https://www.gjel.com/truck-accident-lawyers/what-is-an-underride-crash,https://www.gjel.com/blog/two-injured-in-a-crane-truck-traffic-accident,Crane Truck Crash in Salinas,boiler-class,False,https://www.gjel.com/blog,200,1
https://www.gjel.com/sitemap,https://www.gjel.com/blog/two-killed-in-wrong-way-collision-on-highway-101,Two Killed in Wrong-Way Collision on Highway 101 Near Chualar,boiler-class,False,https://www.gjel.com/blog,200,1
https://www.gjel.com/sitemap-2,https://www.gjel.com/blog/two-killed-in-wrong-way-collision-on-highway-101,Two Killed in Wrong-Way Collision on Highway 101 Near Chualar,boiler-class,False,https://www.gjel.com/blog,200,1
https://www.gjel.com/sitemap,https://www.gjel.com/blog/two-vehicle-accident-in-hayward-multiple-injured,Two-Vehicle Accident in Hayward Leaves Multiple Injured at Elm Street Intersection,boiler-class,False,https://www.gjel.com/blog,200,1
https://www.gjel.com/sitemap-2,https://www.gjel.com/blog/two-vehicle-accident-in-hayward-multiple-injured,Two-Vehicle Accident in Hayward Leaves Multiple Injured at Elm Street Intersection,boiler-class,False,https://www.gjel.com/blog,200,1
https://www.gjel.com/sitemap,https://www.gjel.com/blog/two-vehicle-collision-in-fremont-leaves-two-with-minor-injuries,Two-Vehicle Collision on I-880 South Near Decoto Road in Fremont Leaves Two with Minor Injuries,boiler-class,False,https://www.gjel.com/blog,200,1
https://www.gjel.com/sitemap-2,https://www.gjel.com/blog/two-vehicle-collision-in-fremont-leaves-two-with-minor-injuries,Two-Vehicle Collision on I-880 South Near Decoto Road in Fremont Leaves Two with Minor Injuries,boiler-class,False,https://www.gjel.com/blog,200,1
https://www.gjel.com/sitemap,https://www.gjel.com/blog/two-vehicle-collision-leaves-driver-injured,Two-Vehicle Collision on Interstate 205 in Tracy Leaves Driver Injured,boiler-class,False,https://www.gjel.com/blog,200,1
https://www.gjel.com/sitemap-2,https://www.gjel.com/blog/two-vehicle-collision-leaves-driver-injured,Two-Vehicle Collision on Interstate 205 in Tracy Leaves Driver Injured,boiler-class,False,https://www.gjel.com/blog,200,1
https://www.gjel.com/sitemap,https://www.gjel.com/blog/two-vehicle-crash-leaves-community-shaken,Two-Vehicle Crash at Channel Street and Via Lacqua Leaves San Lorenzo Community Shaken,boiler-class,False,https://www.gjel.com/blog,200,1
https://www.gjel.com/sitemap-2,https://www.gjel.com/blog/two-vehicle-crash-leaves-community-shaken,Two-Vehicle Crash at Channel Street and Via Lacqua Leaves San Lorenzo Community Shaken,boiler-class,False,https://www.gjel.com/blog,200,1
https://www.gjel.com/sitemap,https://www.gjel.com/blog/two-vehicle-crash-on-westbound-sr-4-near-harbor-street-injures-driver-in-pittsburg,Two-Vehicle Crash on Westbound SR-4 Near Harbor Street Injures Driver in Pittsburg,boiler-class,False,https://www.gjel.com/blog,200,1
https://www.gjel.com/sitemap-2,https://www.gjel.com/blog/two-vehicle-crash-on-westbound-sr-4-near-harbor-street-injures-driver-in-pittsburg,Two-Vehicle Crash on Westbound SR-4 Near Harbor Street Injures Driver in Pittsburg,boiler-class,False,https://www.gjel.com/blog,200,1
https://www.gjel.com/sitemap,https://www.gjel.com/blog/vehicle-crash-in-sacramento-building-collision,Vehicle Crashes Into Sacramento Area Dental Office: Understanding Liability in Building Collision Cases,boiler-class,False,https://www.gjel.com/blog,200,1
https://www.gjel.com/sitemap-2,https://www.gjel.com/blog/vehicle-crash-in-sacramento-building-collision,Vehicle Crashes Into Sacramento Area Dental Office: Understanding Liability in Building Collision Cases,boiler-class,False,https://www.gjel.com/blog,200,1
https://www.gjel.com/sitemap,https://www.gjel.com/blog/veteran-flight-nurse-and-crew-critically-injured-after-medical-helicopter-crash,Veteran Flight Nurse and Crew Critically Injured After Sacramento Medical Helicopter Crash,boiler-class,False,https://www.gjel.com/blog,200,1
https://www.gjel.com/sitemap-2,https://www.gjel.com/blog/veteran-flight-nurse-and-crew-critically-injured-after-medical-helicopter-crash,Veteran Flight Nurse and Crew Critically Injured After Sacramento Medical Helicopter Crash,boiler-class,False,https://www.gjel.com/blog,200,1
https://www.gjel.com/sitemap,https://www.gjel.com/blog/walnut-creek-accident-injury-crash,Injury Crash on I-680 Northbound in Walnut Creek Prompts Emergency Response,boiler-class,False,https://www.gjel.com/blog,200,1
https://www.gjel.com/sitemap-2,https://www.gjel.com/blog/walnut-creek-accident-injury-crash,Injury Crash on I-680 Northbound in Walnut Creek Prompts Emergency Response,boiler-class,False,https://www.gjel.com/blog,200,1
https://www.gjel.com/sitemap,https://www.gjel.com/blog/watt-avenue-pedestrian-struck-by-suv-on-sidewalk,Pedestrian Accident on Watt Avenue: Pedestrian Struck by SUV on Sidewalk in North Highlands,boiler-class,False,https://www.gjel.com/blog,200,1
https://www.gjel.com/sitemap-2,https://www.gjel.com/blog/watt-avenue-pedestrian-struck-by-suv-on-sidewalk,Pedestrian Accident on Watt Avenue: Pedestrian Struck by SUV on Sidewalk in North Highlands,boiler-class,False,https://www.gjel.com/blog,200,1
https://www.gjel.com/sitemap,https://www.gjel.com/blog/west-sacramento-removes-freeway-neighborhood-blooms,West Sacramento’s Urban Transformation: How Freeway Removal Led to Neighborhood Growth,boiler-class,False,https://www.gjel.com/blog,200,1
https://www.gjel.com/sitemap-2,https://www.gjel.com/blog/west-sacramento-removes-freeway-neighborhood-blooms,West Sacramento’s Urban Transformation: How Freeway Removal Led to Neighborhood Growth,boiler-class,False,https://www.gjel.com/blog,200,1
https://www.gjel.com/driving-information,https://www.gjel.com/blog/what-is-a-protected-intersection,[empty],content,False,https://www.gjel.com/blog,200,1
https://www.gjel.com/driving-information,https://www.gjel.com/blog/what-is-a-protected-intersection,What is a protected intersection?,content,False,https://www.gjel.com/blog,200,1
https://www.gjel.com/sitemap,https://www.gjel.com/blog/what-is-a-protected-intersection,What is a protected intersection?,boiler-class,False,https://www.gjel.com/blog,200,1
https://www.gjel.com/sitemap-2,https://www.gjel.com/blog/what-is-a-protected-intersection,What is a protected intersection?,boiler-class,False,https://www.gjel.com/blog,200,1
https://www.gjel.com/sitemap,https://www.gjel.com/blog/what-to-do-if-you-cause-a-car-accident-a-comprehensive-guide,What To Do After Causing a Car Accident: A Step-by-Step Guide,boiler-class,False,https://www.gjel.com/blog,200,1
https://www.gjel.com/sitemap-2,https://www.gjel.com/blog/what-to-do-if-you-cause-a-car-accident-a-comprehensive-guide,What To Do After Causing a Car Accident: A Step-by-Step Guide,boiler-class,False,https://www.gjel.com/blog,200,1
https://www.gjel.com/sitemap,https://www.gjel.com/blog/woman-injured-in-pedestrian-accident,Woman Injured in Pedestrian Accident at Fruitridge Road and Stockton Boulevard,boiler-class,False,https://www.gjel.com/blog,200,1
https://www.gjel.com/sitemap-2,https://www.gjel.com/blog/woman-injured-in-pedestrian-accident,Woman Injured in Pedestrian Accident at Fruitridge Road and Stockton Boulevard,boiler-class,False,https://www.gjel.com/blog,200,1
https://www.gjel.com/sitemap,https://www.gjel.com/blog/wrong-way-driving-in-contra-costa-caused-injury,Wrong-Way Driving Incident on I-680 Results in Serious Injury Collision,boiler-class,False,https://www.gjel.com/blog,200,1
https://www.gjel.com/sitemap-2,https://www.gjel.com/blog/wrong-way-driving-in-contra-costa-caused-injury,Wrong-Way Driving Incident on I-680 Results in Serious Injury Collision,boiler-class,False,https://www.gjel.com/blog,200,1
https://www.gjel.com/sitemap,https://www.gjel.com/blog/yolo-county-dump-truck-accident-claims-one-life,Yolo County Dump Truck Accident Claims One Life Near Central Landfill,boiler-class,False,https://www.gjel.com/blog,200,1
https://www.gjel.com/sitemap-2,https://www.gjel.com/blog/yolo-county-dump-truck-accident-claims-one-life,Yolo County Dump Truck Accident Claims One Life Near Central Landfill,boiler-class,False,https://www.gjel.com/blog,200,1
https://www.gjel.com/sitemap,https://www.gjel.com/blog/yuba-county-rv-crash-accident,"Yuba County RV Crash: Four Injured, Including Two Children",boiler-class,False,https://www.gjel.com/blog,200,1
https://www.gjel.com/sitemap-2,https://www.gjel.com/blog/yuba-county-rv-crash-accident,"Yuba County RV Crash: Four Injured, Including Two Children",boiler-class,False,https://www.gjel.com/blog,200,1
https://www.gjel.com/sitemap,https://www.gjel.com/california-personal-injury-law-firm,Top-Rated California Accident Attorneys with a 99% Success Rate,boiler-class,False,https://www.gjel.com/personal-injury-attorneys,200,1
https://www.gjel.com/sitemap-2,https://www.gjel.com/california-personal-injury-law-firm,Top-Rated California Accident Attorneys with a 99% Success Rate,boiler-class,False,https://www.gjel.com/personal-injury-attorneys,200,1
https://www.gjel.com/sitemap,https://www.gjel.com/can-medicare-take-entire-recovery,Can Medicare take my entire personal injury recovery settlement?,boiler-class,False,https://www.gjel.com/berkeley/wrongful-death-attorneys,200,1
https://www.gjel.com/sitemap-2,https://www.gjel.com/can-medicare-take-entire-recovery,Can Medicare take my entire personal injury recovery settlement?,boiler-class,False,https://www.gjel.com/berkeley/wrongful-death-attorneys,200,1
https://www.gjel.com/sitemap,https://www.gjel.com/car-accident-lawyers/accident-dont-have-insurance,What Happens If You Have a Car Accident Without Insurance?,boiler-class,False,https://www.gjel.com/car-accident-lawyers,200,1
https://www.gjel.com/sitemap-2,https://www.gjel.com/car-accident-lawyers/accident-dont-have-insurance,What Happens If You Have a Car Accident Without Insurance?,boiler-class,False,https://www.gjel.com/car-accident-lawyers,200,1
https://www.gjel.com/sitemap,https://www.gjel.com/car-accident-lawyers/how-much-will-my-personal-injury-lawyer-charge-in-an-auto-accident,How Much Do Car Accident Lawyers Charge In California?,boiler-class,False,https://www.gjel.com/contingency-fee,200,1
https://www.gjel.com/sitemap-2,https://www.gjel.com/car-accident-lawyers/how-much-will-my-personal-injury-lawyer-charge-in-an-auto-accident,How Much Do Car Accident Lawyers Charge In California?,boiler-class,False,https://www.gjel.com/contingency-fee,200,1
https://www.gjel.com/archives/rear-end-collision-in-mountain-view,https://www.gjel.com/car-accident-lawyers/rear-end-car-accidentshttps://www.gjel.com/crush-injury-settlement-calculator,Rear-end settlement calculators,boiler-class,False,https://www.gjel.com/crush-injury-settlement-calculator,200,1
https://www.gjel.com/blog/atv-driver-killed-in-rear-end-crash,https://www.gjel.com/car-accident-lawyers/rear-end-car-accidentshttps://www.gjel.com/crush-injury-settlement-calculator,rear-end accident settlement calculator,boiler-class,False,https://www.gjel.com/crush-injury-settlement-calculator,200,1
https://www.gjel.com/blog/drivers-injured-in-two-vehicle-crash,https://www.gjel.com/car-accident-lawyers/rear-end-car-accidentshttps://www.gjel.com/crush-injury-settlement-calculator,rear-end accident settlement calculators,boiler-class,False,https://www.gjel.com/crush-injury-settlement-calculator,200,1
https://www.gjel.com/blog/fatal-rear-end-collision-on-hayward-bridge-claims-one-life,https://www.gjel.com/car-accident-lawyers/rear-end-car-accidentshttps://www.gjel.com/crush-injury-settlement-calculator,Rear-end collision settlement calculators,boiler-class,False,https://www.gjel.com/crush-injury-settlement-calculator,200,1
https://www.gjel.com/archives/fatal-big-rig-collision-on-highway-20-near-williams-highlights-rural-road-risks,https://www.gjel.com/car-accident-lawyers/resulting-deathhttps://www.gjel.com/crush-injury-settlement-calculator,Fatal car accident settlement calculators,boiler-class,False,https://www.gjel.com/crush-injury-settlement-calculator,200,1
https://www.gjel.com/archives/fatal-chain-reaction-crash-in-fresno,https://www.gjel.com/car-accident-lawyers/resulting-deathhttps://www.gjel.com/crush-injury-settlement-calculator,Fatal car accident settlement calculators,boiler-class,False,https://www.gjel.com/crush-injury-settlement-calculator,200,1
https://www.gjel.com/archives/fatal-dui-crash-claims-life-of-67-year-old-man,https://www.gjel.com/car-accident-lawyers/resulting-deathhttps://www.gjel.com/crush-injury-settlement-calculator,Fatal car accident settlement calculators,boiler-class,False,https://www.gjel.com/crush-injury-settlement-calculator,200,1
https://www.gjel.com/archives/fatal-head-on-collision-in-fairfield-claims-life-of-young-driver,https://www.gjel.com/car-accident-lawyers/resulting-deathhttps://www.gjel.com/crush-injury-settlement-calculator,Fatal accident settlement calculators,boiler-class,False,https://www.gjel.com/crush-injury-settlement-calculator,200,1
https://www.gjel.com/archives/fatal-head-on-collision-on-highway-132-claims-one-life-injures-two-in-stanislaus-county,https://www.gjel.com/car-accident-lawyers/resulting-deathhttps://www.gjel.com/crush-injury-settlement-calculator,Fatal accident settlement calculators,boiler-class,False,https://www.gjel.com/crush-injury-settlement-calculator,200,1
https://www.gjel.com/archives/fatal-mobility-scooter-accident-claims-life,https://www.gjel.com/car-accident-lawyers/resulting-deathhttps://www.gjel.com/crush-injury-settlement-calculator,Fatal accident settlement calculators,boiler-class,False,https://www.gjel.com/crush-injury-settlement-calculator,200,1
https://www.gjel.com/archives/fatal-pedestrian-accident-san-jose,https://www.gjel.com/car-accident-lawyers/resulting-deathhttps://www.gjel.com/crush-injury-settlement-calculator,Fatal car accident settlement calculators,boiler-class,False,https://www.gjel.com/crush-injury-settlement-calculator,200,1
https://www.gjel.com/archives/fatal-semi-truck-collision-claims-life-of-driver,https://www.gjel.com/car-accident-lawyers/resulting-deathhttps://www.gjel.com/crush-injury-settlement-calculator,Fatal car accident settlement calculators,boiler-class,False,https://www.gjel.com/crush-injury-settlement-calculator,200,1
https://www.gjel.com/archives/fatal-solo-vehicle-crash-in-north-sacramento,https://www.gjel.com/car-accident-lawyers/resulting-deathhttps://www.gjel.com/crush-injury-settlement-calculator,Fatal car accident settlement calculators,boiler-class,False,https://www.gjel.com/crush-injury-settlement-calculator,200,1
https://www.gjel.com/archives/fatal-three-vehicle-crash-understanding-the-aftermath,https://www.gjel.com/car-accident-lawyers/resulting-deathhttps://www.gjel.com/crush-injury-settlement-calculator,Fatal car accident settlement calculators,boiler-class,False,https://www.gjel.com/crush-injury-settlement-calculator,200,1
https://www.gjel.com/archives/fatal-traffic-collision-under-investigation-in-santa-clara,https://www.gjel.com/car-accident-lawyers/resulting-deathhttps://www.gjel.com/crush-injury-settlement-calculator,Fatal car accident settlement calculators,boiler-class,False,https://www.gjel.com/crush-injury-settlement-calculator,200,1
https://www.gjel.com/archives/fatal-two-vehicle-crash-claims-life-of-passenger,https://www.gjel.com/car-accident-lawyers/resulting-deathhttps://www.gjel.com/crush-injury-settlement-calculator,Fatal car accident settlement calculators,boiler-class,False,https://www.gjel.com/crush-injury-settlement-calculator,200,1
https://www.gjel.com/archives/multi-vehicle-crash-causes-major-traffic-disruption,https://www.gjel.com/car-accident-lawyers/resulting-deathhttps://www.gjel.com/crush-injury-settlement-calculator,Fatal accident settlement calculators,boiler-class,False,https://www.gjel.com/crush-injury-settlement-calculator,200,1
https://www.gjel.com/archives/multi-vehicle-crash-sacramento,https://www.gjel.com/car-accident-lawyers/resulting-deathhttps://www.gjel.com/crush-injury-settlement-calculator,Fatal car accident settlement,boiler-class,False,https://www.gjel.com/crush-injury-settlement-calculator,200,1
https://www.gjel.com/archives/pregnant-woman-dies-in-san-jose-fatal-collision,https://www.gjel.com/car-accident-lawyers/resulting-deathhttps://www.gjel.com/crush-injury-settlement-calculator,Fatal car accident settlement calculators,boiler-class,False,https://www.gjel.com/crush-injury-settlement-calculator,200,1
https://www.gjel.com/archives/tragic-collision-claims-four-lives-on-state-route-165-in-stanislaus-county,https://www.gjel.com/car-accident-lawyers/resulting-deathhttps://www.gjel.com/crush-injury-settlement-calculator,Fatal Car Accident Settlement Calculators,boiler-class,False,https://www.gjel.com/crush-injury-settlement-calculator,200,1
https://www.gjel.com/archives/tragic-head-on-crash-claims-two-lives-injures-four,https://www.gjel.com/car-accident-lawyers/resulting-deathhttps://www.gjel.com/crush-injury-settlement-calculator,Fatal car accident settlement calculators,boiler-class,False,https://www.gjel.com/crush-injury-settlement-calculator,200,1
https://www.gjel.com/blog/a-fatal-head-on-collision-kills-one,https://www.gjel.com/car-accident-lawyers/resulting-deathhttps://www.gjel.com/crush-injury-settlement-calculator,fatal accident settlement calculator,boiler-class,False,https://www.gjel.com/crush-injury-settlement-calculator,200,1
https://www.gjel.com/blog/deadly-head-on-collision-kills-one-injures-five,https://www.gjel.com/car-accident-lawyers/resulting-deathhttps://www.gjel.com/crush-injury-settlement-calculator,fatal accident settlement calculator,boiler-class,False,https://www.gjel.com/crush-injury-settlement-calculator,200,1
https://www.gjel.com/blog/driver-killed-in-christmas-eve-single-vehicle-crash,https://www.gjel.com/car-accident-lawyers/resulting-deathhttps://www.gjel.com/crush-injury-settlement-calculator,Fatal car accident settlement calculators,boiler-class,False,https://www.gjel.com/crush-injury-settlement-calculator,200,1
https://www.gjel.com/blog/fatal-chain-reaction-crash-kills-woman,https://www.gjel.com/car-accident-lawyers/resulting-deathhttps://www.gjel.com/crush-injury-settlement-calculator,fatal accident settlement calculator,boiler-class,False,https://www.gjel.com/crush-injury-settlement-calculator,200,1
https://www.gjel.com/blog/fatal-dui-crash-in-lassen-county-claims-life-critically-injures-child,https://www.gjel.com/car-accident-lawyers/resulting-deathhttps://www.gjel.com/crush-injury-settlement-calculator,Fatal car accident settlement calculators,boiler-class,False,https://www.gjel.com/crush-injury-settlement-calculator,200,1
https://www.gjel.com/blog/fatal-dui-crash-in-roseville-claims-life-of-9-year-old-girl-highlights-dangers-of-impaired-driving,https://www.gjel.com/car-accident-lawyers/resulting-deathhttps://www.gjel.com/crush-injury-settlement-calculator,Fatal car accident settlement calculators,boiler-class,False,https://www.gjel.com/crush-injury-settlement-calculator,200,1
https://www.gjel.com/blog/fatal-head-on-collision-claims-life-in-salinas,https://www.gjel.com/car-accident-lawyers/resulting-deathhttps://www.gjel.com/crush-injury-settlement-calculator,Fatal car accident settlement calculators,boiler-class,False,https://www.gjel.com/crush-injury-settlement-calculator,200,1
https://www.gjel.com/blog/fatal-head-on-collision-claims-one-life-2,https://www.gjel.com/car-accident-lawyers/resulting-deathhttps://www.gjel.com/crush-injury-settlement-calculator,Fatal car accident settlement calculators,boiler-class,False,https://www.gjel.com/crush-injury-settlement-calculator,200,1
https://www.gjel.com/blog/fatal-head-on-collision-in-san-mateo,https://www.gjel.com/car-accident-lawyers/resulting-deathhttps://www.gjel.com/crush-injury-settlement-calculator,Fatal car accident settlement calculators,boiler-class,False,https://www.gjel.com/crush-injury-settlement-calculator,200,1
https://www.gjel.com/blog/fatal-head-on-crash-on-leaves-one-dead-two-critically-injured,https://www.gjel.com/car-accident-lawyers/resulting-deathhttps://www.gjel.com/crush-injury-settlement-calculator,Fatal car accident settlement calculators,boiler-class,False,https://www.gjel.com/crush-injury-settlement-calculator,200,1
https://www.gjel.com/blog/fatal-highway-collision-claims-life-of-driver,https://www.gjel.com/car-accident-lawyers/resulting-deathhttps://www.gjel.com/crush-injury-settlement-calculator,Fatal car accident settlement calculators,boiler-class,False,https://www.gjel.com/crush-injury-settlement-calculator,200,1
https://www.gjel.com/blog/fatal-highway-crash-claims-drivers-life,https://www.gjel.com/car-accident-lawyers/resulting-deathhttps://www.gjel.com/crush-injury-settlement-calculator,fatal car accident settlement calculator,boiler-class,False,https://www.gjel.com/crush-injury-settlement-calculator,200,1
https://www.gjel.com/blog/fatal-highway-crash-kills-man,https://www.gjel.com/car-accident-lawyers/resulting-deathhttps://www.gjel.com/crush-injury-settlement-calculator,fatal accident settlement calculator,boiler-class,False,https://www.gjel.com/crush-injury-settlement-calculator,200,1
https://www.gjel.com/blog/fatal-multi-vehicle-collision-claims-one-life,https://www.gjel.com/car-accident-lawyers/resulting-deathhttps://www.gjel.com/crush-injury-settlement-calculator,fatal car accident settlement calculator,boiler-class,False,https://www.gjel.com/crush-injury-settlement-calculator,200,1
https://www.gjel.com/blog/fatal-pedestrian-accident-in-san-joaquin-county-highlights-road-safety-concerns,https://www.gjel.com/car-accident-lawyers/resulting-deathhttps://www.gjel.com/crush-injury-settlement-calculator,Fatal car accident settlement calculators,boiler-class,False,https://www.gjel.com/crush-injury-settlement-calculator,200,1
https://www.gjel.com/blog/fatal-pleasant-hill-crash-incident-grayson-road-updates,https://www.gjel.com/car-accident-lawyers/resulting-deathhttps://www.gjel.com/crush-injury-settlement-calculator,Fatal car accident settlement calculators,boiler-class,False,https://www.gjel.com/crush-injury-settlement-calculator,200,1
https://www.gjel.com/blog/fatal-rollover-crash-claims-young-drivers-life,https://www.gjel.com/car-accident-lawyers/resulting-deathhttps://www.gjel.com/crush-injury-settlement-calculator,Fatal car accident settlement calculators,boiler-class,False,https://www.gjel.com/crush-injury-settlement-calculator,200,1
https://www.gjel.com/blog/fatal-single-vehicle-crash-claims-life,https://www.gjel.com/car-accident-lawyers/resulting-deathhttps://www.gjel.com/crush-injury-settlement-calculator,Fatal car accident settlement calculators,boiler-class,False,https://www.gjel.com/crush-injury-settlement-calculator,200,1
https://www.gjel.com/blog/fatal-tracy-ca-accident-dui-driver-causes-deadly-head-on-crash-on-sr-4,https://www.gjel.com/car-accident-lawyers/resulting-deathhttps://www.gjel.com/crush-injury-settlement-calculator,Fatal accident settlement calculators,boiler-class,False,https://www.gjel.com/crush-injury-settlement-calculator,200,1
https://www.gjel.com/blog/fatal-traffic-accident-claims-life-of-elderly-man,https://www.gjel.com/car-accident-lawyers/resulting-deathhttps://www.gjel.com/crush-injury-settlement-calculator,fatal car accident settlement calculator,boiler-class,False,https://www.gjel.com/crush-injury-settlement-calculator,200,1
https://www.gjel.com/blog/fatal-traffic-crash-claims-drivers-life,https://www.gjel.com/car-accident-lawyers/resulting-deathhttps://www.gjel.com/crush-injury-settlement-calculator,fatal accident settlement calculator,boiler-class,False,https://www.gjel.com/crush-injury-settlement-calculator,200,1
https://www.gjel.com/blog/fatal-two-vehicle-crash-in-morgan-hill-claims-one-life,https://www.gjel.com/car-accident-lawyers/resulting-deathhttps://www.gjel.com/crush-injury-settlement-calculator,Fatal car accident settlement calculators,boiler-class,False,https://www.gjel.com/crush-injury-settlement-calculator,200,1
https://www.gjel.com/blog/fatal-vehicle-fire-crash-claimed-life,https://www.gjel.com/car-accident-lawyers/resulting-deathhttps://www.gjel.com/crush-injury-settlement-calculator,fatal accident settlement calculator,boiler-class,False,https://www.gjel.com/crush-injury-settlement-calculator,200,1
https://www.gjel.com/blog/four-killed-in-devastating-head-on-crash,https://www.gjel.com/car-accident-lawyers/resulting-deathhttps://www.gjel.com/crush-injury-settlement-calculator,Fatal car accident settlement calculators,boiler-class,False,https://www.gjel.com/crush-injury-settlement-calculator,200,1
https://www.gjel.com/blog/los-altos-multi-vehicle-crash,https://www.gjel.com/car-accident-lawyers/resulting-deathhttps://www.gjel.com/crush-injury-settlement-calculator,Fatal car accident settlement calculators,boiler-class,False,https://www.gjel.com/crush-injury-settlement-calculator,200,1
https://www.gjel.com/blog/man-killed-in-head-on-collision,https://www.gjel.com/car-accident-lawyers/resulting-deathhttps://www.gjel.com/crush-injury-settlement-calculator,Fatal accident settlement calculators,boiler-class,False,https://www.gjel.com/crush-injury-settlement-calculator,200,1
https://www.gjel.com/blog/marina-woman-killed-in-head-on-collision,https://www.gjel.com/car-accident-lawyers/resulting-deathhttps://www.gjel.com/crush-injury-settlement-calculator,Fatal car accident settlement calculators,boiler-class,False,https://www.gjel.com/crush-injury-settlement-calculator,200,1
https://www.gjel.com/blog/modesto-injury-involved-car-crash-accident,https://www.gjel.com/car-accident-lawyers/resulting-deathhttps://www.gjel.com/crush-injury-settlement-calculator,Catastrophic injury settlement calculators,boiler-class,False,https://www.gjel.com/crush-injury-settlement-calculator,200,1
https://www.gjel.com/blog/motorcyclist-killed-in-head-on-collision,https://www.gjel.com/car-accident-lawyers/resulting-deathhttps://www.gjel.com/crush-injury-settlement-calculator,fatal accident settlement calculator,boiler-class,False,https://www.gjel.com/crush-injury-settlement-calculator,200,1
https://www.gjel.com/blog/multi-vehicle-crash-with-fire-leaves-multiple-injured,https://www.gjel.com/car-accident-lawyers/resulting-deathhttps://www.gjel.com/crush-injury-settlement-calculator,Fatal car accident settlement calculators,boiler-class,False,https://www.gjel.com/crush-injury-settlement-calculator,200,1
https://www.gjel.com/blog/one-dead-in-fiery-rollover-crash,https://www.gjel.com/car-accident-lawyers/resulting-deathhttps://www.gjel.com/crush-injury-settlement-calculator,fatal accident settlement calculator,boiler-class,False,https://www.gjel.com/crush-injury-settlement-calculator,200,1
https://www.gjel.com/blog/six-killed-in-a-head-on-crash-in-richfield,https://www.gjel.com/car-accident-lawyers/resulting-deathhttps://www.gjel.com/crush-injury-settlement-calculator,Fatal car accident settlement calculators,boiler-class,False,https://www.gjel.com/crush-injury-settlement-calculator,200,1
https://www.gjel.com/blog/teen-killed-after-two-vehicle-collision,https://www.gjel.com/car-accident-lawyers/resulting-deathhttps://www.gjel.com/crush-injury-settlement-calculator,wrongful death and catastrophic injury cases,boiler-class,False,https://www.gjel.com/crush-injury-settlement-calculator,200,1
https://www.gjel.com/blog/two-killed-after-fatal-crash-in-elk-grove,https://www.gjel.com/car-accident-lawyers/resulting-deathhttps://www.gjel.com/crush-injury-settlement-calculator,fatal accident settlement calculator,boiler-class,False,https://www.gjel.com/crush-injury-settlement-calculator,200,1
https://www.gjel.com/blog/two-killed-after-fatal-crash-in-elk-grove,https://www.gjel.com/car-accident-lawyers/resulting-deathhttps://www.gjel.com/crush-injury-settlement-calculator,wrongful death claim,boiler-class,False,https://www.gjel.com/crush-injury-settlement-calculator,200,1
https://www.gjel.com/blog/woman-ejected-and-killed-in-motorcycle-accident,https://www.gjel.com/car-accident-lawyers/resulting-deathhttps://www.gjel.com/crush-injury-settlement-calculator,fatal accident settlement calculator,boiler-class,False,https://www.gjel.com/crush-injury-settlement-calculator,200,1
https://www.gjel.com/blog/woman-killed-man-injured-in-wrong-way-crash,https://www.gjel.com/car-accident-lawyers/resulting-deathhttps://www.gjel.com/crush-injury-settlement-calculator,Fatal car accident settlement calculators,boiler-class,False,https://www.gjel.com/crush-injury-settlement-calculator,200,1
https://www.gjel.com/car-accident-lawyers,https://www.gjel.com/car-accident-lawyers/resulting-deathhttps://www.gjel.com/crush-injury-settlement-calculator,Calculate losses,content,False,https://www.gjel.com/crush-injury-settlement-calculator,200,1
https://www.gjel.com/archives/eight-injured-in-fresno-county-suv-rollover-crash,https://www.gjel.com/car-accident-lawyers/suv-rolloverhttps://www.gjel.com/crush-injury-settlement-calculator,SUV rollover accident settlement calculators,boiler-class,False,https://www.gjel.com/crush-injury-settlement-calculator,200,1
https://www.gjel.com/archives/fatal-rollover-crash-one-dead-others-injured,https://www.gjel.com/car-accident-lawyers/suv-rolloverhttps://www.gjel.com/crush-injury-settlement-calculator,Rollover accident settlement calculators,boiler-class,False,https://www.gjel.com/crush-injury-settlement-calculator,200,1
https://www.gjel.com/archives/injuries-in-a-rollover-accident-in-fresno,https://www.gjel.com/car-accident-lawyers/suv-rolloverhttps://www.gjel.com/crush-injury-settlement-calculator,Rollover accident settlement calculators,boiler-class,False,https://www.gjel.com/crush-injury-settlement-calculator,200,1
https://www.gjel.com/blog/fatal-rollover-collision-in-livermore,https://www.gjel.com/car-accident-lawyers/suv-rolloverhttps://www.gjel.com/crush-injury-settlement-calculator,fatal rollover collision settlement calculator,boiler-class,False,https://www.gjel.com/crush-injury-settlement-calculator,200,1
https://www.gjel.com/blog/rollover-crash-leaves-woman-seriously-injured,https://www.gjel.com/car-accident-lawyers/suv-rolloverhttps://www.gjel.com/crush-injury-settlement-calculator,rollover accident cases,boiler-class,False,https://www.gjel.com/crush-injury-settlement-calculator,200,1
https://www.gjel.com/blog/teenage-passengers-escape-serious-injury-after-rollover-crash,https://www.gjel.com/car-accident-lawyers/suv-rolloverhttps://www.gjel.com/crush-injury-settlement-calculator,Rollover accident settlement calculators,boiler-class,False,https://www.gjel.com/crush-injury-settlement-calculator,200,1
https://www.gjel.com/sitemap,https://www.gjel.com/car-accidents,Car Accidents,boiler-class,False,https://www.gjel.com/car-accident-lawyers,200,1
https://www.gjel.com/sitemap-2,https://www.gjel.com/car-accidents,Car Accidents,boiler-class,False,https://www.gjel.com/car-accident-lawyers,200,1
https://www.gjel.com/sitemap,https://www.gjel.com/case-results/pedestrian-hit-by-car-in-crosswalk,Pedestrian Accident with Serious Injuries | Case Study | GJEL,boiler-class,False,https://www.gjel.com/blog,200,1
https://www.gjel.com/sitemap-2,https://www.gjel.com/case-results/pedestrian-hit-by-car-in-crosswalk,Pedestrian Accident with Serious Injuries | Case Study | GJEL,boiler-class,False,https://www.gjel.com/blog,200,1
https://www.gjel.com/blog/10-biggest-personal-injury-settlements,https://www.gjel.com/catastrophic-injury-lawyerhttps://www.gjel.com/crush-injury-settlement-calculator,Catastrophic injuries,boiler-class,False,https://www.gjel.com/crush-injury-settlement-calculator,200,1
https://www.gjel.com/2023-motorcycle-crash-statistics,https://www.gjel.com/contact-us/,Free Case Evaluation,boiler-class,False,https://www.gjel.com/contact-us,200,1
https://www.gjel.com/5-essential-steps-after-car-accident-california,https://www.gjel.com/contact-us/,Free Case Evaluation,boiler-class,False,https://www.gjel.com/contact-us,200,1
https://www.gjel.com/about/community-involvement,https://www.gjel.com/contact-us/,Free Case Evaluation,boiler-class,False,https://www.gjel.com/contact-us,200,1
https://www.gjel.com/about/firm,https://www.gjel.com/contact-us/,Free Case Evaluation,boiler-class,False,https://www.gjel.com/contact-us,200,1
https://www.gjel.com/about/free-holiday-cab-ride,https://www.gjel.com/contact-us/,Free Case Evaluation,boiler-class,False,https://www.gjel.com/contact-us,200,1
https://www.gjel.com/about/our-track-record,https://www.gjel.com/contact-us/,Free Case Evaluation,boiler-class,False,https://www.gjel.com/contact-us,200,1
https://www.gjel.com/about/results,https://www.gjel.com/contact-us/,Free Case Evaluation,boiler-class,False,https://www.gjel.com/contact-us,200,1
https://www.gjel.com/amputation-injury-lawyers/can-recover-financial-assistance,https://www.gjel.com/contact-us/,Free Case Evaluation,boiler-class,False,https://www.gjel.com/contact-us,200,1
https://www.gjel.com/amputation-injury-lawyers/role-attorney-recovery,https://www.gjel.com/contact-us/,Free Case Evaluation,boiler-class,False,https://www.gjel.com/contact-us,200,1
https://www.gjel.com/amputation-injury-lawyers/understanding-different-types,https://www.gjel.com/contact-us/,Free Case Evaluation,boiler-class,False,https://www.gjel.com/contact-us,200,1
https://www.gjel.com/amputation-injury-lawyers/understanding-medical-expenses,https://www.gjel.com/contact-us/,Free Case Evaluation,boiler-class,False,https://www.gjel.com/contact-us,200,1
https://www.gjel.com/amputation-injury-lawyers/what-kind-of-compensation-can-i-receive-for-my-amputation,https://www.gjel.com/contact-us/,Free Case Evaluation,boiler-class,False,https://www.gjel.com/contact-us,200,1
https://www.gjel.com/andrew-gillin,https://www.gjel.com/contact-us/,Free Case Evaluation,boiler-class,False,https://www.gjel.com/contact-us,200,1
https://www.gjel.com/andrew-gillin/andy-gillin-awarded-nations-top-one-attorney-percent-by-the-national-association-of-distinguished-counsel,https://www.gjel.com/contact-us/,Free Case Evaluation,boiler-class,False,https://www.gjel.com/contact-us,200,1
https://www.gjel.com/antioch,https://www.gjel.com/contact-us/,Free Case Evaluation,boiler-class,False,https://www.gjel.com/contact-us,200,1
https://www.gjel.com/antioch/amputation-injury-lawyers,https://www.gjel.com/contact-us/,Free Case Evaluation,boiler-class,False,https://www.gjel.com/contact-us,200,1
https://www.gjel.com/antioch/bicycle-accident-lawyer,https://www.gjel.com/contact-us/,Free Case Evaluation,boiler-class,False,https://www.gjel.com/contact-us,200,1
https://www.gjel.com/antioch/brain-injury-lawyers,https://www.gjel.com/contact-us/,Free Case Evaluation,boiler-class,False,https://www.gjel.com/contact-us,200,1
https://www.gjel.com/antioch/car-accident-attorneys/most-dangerous-roads-intersections-in-antioch,https://www.gjel.com/contact-us/,Free Case Evaluation,boiler-class,False,https://www.gjel.com/contact-us,200,1
https://www.gjel.com/antioch/motorcycle-accident-lawyers,https://www.gjel.com/contact-us/,Free Case Evaluation,boiler-class,False,https://www.gjel.com/contact-us,200,1
https://www.gjel.com/antioch/scooter-accidents,https://www.gjel.com/contact-us/,Free Case Evaluation,boiler-class,False,https://www.gjel.com/contact-us,200,1
https://www.gjel.com/antioch/truck-accidents,https://www.gjel.com/contact-us/,Free Case Evaluation,boiler-class,False,https://www.gjel.com/contact-us,200,1
https://www.gjel.com/antioch/wrongful-death-lawyers-antioch,https://www.gjel.com/contact-us/,Free Case Evaluation,boiler-class,False,https://www.gjel.com/contact-us,200,1
https://www.gjel.com/archives/100k-bike-accident-settlement-in-union-city,https://www.gjel.com/contact-us/,Free Case Evaluation,boiler-class,False,https://www.gjel.com/contact-us,200,1
https://www.gjel.com/archives/100k-pedestrian-settlement-in-san-diego,https://www.gjel.com/contact-us/,Free Case Evaluation,boiler-class,False,https://www.gjel.com/contact-us,200,1
https://www.gjel.com/archives/15-back-to-school-safety-tips-for-kids-and-drivers,https://www.gjel.com/contact-us/,Free Case Evaluation,boiler-class,False,https://www.gjel.com/contact-us,200,1
https://www.gjel.com/archives/1m-semi-truck-collision-settlement,https://www.gjel.com/contact-us/,Free Case Evaluation,boiler-class,False,https://www.gjel.com/contact-us,200,1
https://www.gjel.com/archives/212k-bicycle-accident-settlement-in-napa,https://www.gjel.com/contact-us/,Free Case Evaluation,boiler-class,False,https://www.gjel.com/contact-us,200,1
https://www.gjel.com/archives/400k-motorcycle-knee-injury-settlement,https://www.gjel.com/contact-us/,Free Case Evaluation,boiler-class,False,https://www.gjel.com/contact-us,200,1
https://www.gjel.com/archives/420k-car-crash-settlement-in-monterey,https://www.gjel.com/contact-us/,Free Case Evaluation,boiler-class,False,https://www.gjel.com/contact-us,200,1
https://www.gjel.com/archives/737k-bike-accident-settlement-in-contra-costa,https://www.gjel.com/contact-us/,Free Case Evaluation,boiler-class,False,https://www.gjel.com/contact-us,200,1
https://www.gjel.com/archives/american-lawyer-and-professor-peter-erlinder-arrested-in-rwanda-on-genocide-denial-charges,https://www.gjel.com/contact-us/,Free Case Evaluation,boiler-class,False,https://www.gjel.com/contact-us,200,1
https://www.gjel.com/archives/berkeley-bart-reopens-after-track-collision,https://www.gjel.com/contact-us/,Free Case Evaluation,boiler-class,False,https://www.gjel.com/contact-us,200,1
https://www.gjel.com/archives/bicycle-accident-in-north-highlands,https://www.gjel.com/contact-us/,Free Case Evaluation,boiler-class,False,https://www.gjel.com/contact-us,200,1
https://www.gjel.com/archives/bicycle-accident-settlement-in-santa-clara-county,https://www.gjel.com/contact-us/,Free Case Evaluation,boiler-class,False,https://www.gjel.com/contact-us,200,1
https://www.gjel.com/archives/bike-accident-in-santa-clara-100k-settlement,https://www.gjel.com/contact-us/,Free Case Evaluation,boiler-class,False,https://www.gjel.com/contact-us,200,1
https://www.gjel.com/archives/bike-helmet-safety-survey-results-helmet-laws-should-cover-children,https://www.gjel.com/contact-us/,Free Case Evaluation,boiler-class,False,https://www.gjel.com/contact-us,200,1
https://www.gjel.com/archives/bp-oil-spill-lawsuits-sent-to-new-orleans,https://www.gjel.com/contact-us/,Free Case Evaluation,boiler-class,False,https://www.gjel.com/contact-us,200,1
https://www.gjel.com/archives/bright-green-bike-lanes-help-increase-driver-awareness-of-cyclists-boost-biker-safety,https://www.gjel.com/contact-us/,Free Case Evaluation,boiler-class,False,https://www.gjel.com/contact-us,200,1
https://www.gjel.com/archives/buy-a-bike-get-a-helmet-now-through-august-31st-at-select-local-bike-shops,https://www.gjel.com/contact-us/,Free Case Evaluation,boiler-class,False,https://www.gjel.com/contact-us,200,1
https://www.gjel.com/archives/california-lawmakers-get-serious-about-bike-safety,https://www.gjel.com/contact-us/,Free Case Evaluation,boiler-class,False,https://www.gjel.com/contact-us,200,1
https://www.gjel.com/archives/car-accident-195k-settlement-in-pleasanton,https://www.gjel.com/contact-us/,Free Case Evaluation,boiler-class,False,https://www.gjel.com/contact-us,200,1
https://www.gjel.com/archives/car-accident-settlement-275k-in-fremont,https://www.gjel.com/contact-us/,Free Case Evaluation,boiler-class,False,https://www.gjel.com/contact-us,200,1
https://www.gjel.com/archives/chp-tickets-168-alameda-drivers-in-less-than-4-hours-for-not-yielding-to-pedestrians,https://www.gjel.com/contact-us/,Free Case Evaluation,boiler-class,False,https://www.gjel.com/contact-us,200,1
https://www.gjel.com/archives/collision-accident-settlement-in-walnut-creek,https://www.gjel.com/contact-us/,Free Case Evaluation,boiler-class,False,https://www.gjel.com/contact-us,200,1
https://www.gjel.com/archives/contra-costa-car-accident-100k-settlement,https://www.gjel.com/contact-us/,Free Case Evaluation,boiler-class,False,https://www.gjel.com/contact-us,200,1
https://www.gjel.com/archives/court-shields-google-maps-pedestrian-injury-lawsuits,https://www.gjel.com/contact-us/,Free Case Evaluation,boiler-class,False,https://www.gjel.com/contact-us,200,1
https://www.gjel.com/archives/depuy-hip-implants-blamed-for-faulty-california-hip-surgeries,https://www.gjel.com/contact-us/,Free Case Evaluation,boiler-class,False,https://www.gjel.com/contact-us,200,1
https://www.gjel.com/archives/distracted-walking-law-proposed-to-ease-uptick-in-pedestrian-accidents,https://www.gjel.com/contact-us/,Free Case Evaluation,boiler-class,False,https://www.gjel.com/contact-us,200,1
https://www.gjel.com/archives/do-bicycle-accident-injury-reports-improve-safety-or-scare-potential-cyclists,https://www.gjel.com/contact-us/,Free Case Evaluation,boiler-class,False,https://www.gjel.com/contact-us,200,1
https://www.gjel.com/archives/dump-truck-driver-crash-injuries,https://www.gjel.com/contact-us/,Free Case Evaluation,boiler-class,False,https://www.gjel.com/contact-us,200,1
https://www.gjel.com/archives/eight-injured-in-fresno-county-suv-rollover-crash,https://www.gjel.com/contact-us/,Free Case Evaluation,boiler-class,False,https://www.gjel.com/contact-us,200,1
https://www.gjel.com/archives/elderly-drivers-car-goes-airborne-in-dublin-crash,https://www.gjel.com/contact-us/,Free Case Evaluation,boiler-class,False,https://www.gjel.com/contact-us,200,1
https://www.gjel.com/archives/electric-bike-hit-and-run-accident,https://www.gjel.com/contact-us/,Free Case Evaluation,boiler-class,False,https://www.gjel.com/contact-us,200,1
https://www.gjel.com/archives/encroachments-on-high-pressure-jet-fuel-pipeline-along-iron-horse-trail-create-major-safety-concern,https://www.gjel.com/contact-us/,Free Case Evaluation,boiler-class,False,https://www.gjel.com/contact-us,200,1
https://www.gjel.com/archives/fata-bicycle-accident-in-merced-county,https://www.gjel.com/contact-us/,Free Case Evaluation,boiler-class,False,https://www.gjel.com/contact-us,200,1
https://www.gjel.com/archives/fata-hit-and-run-accident-in-atwater,https://www.gjel.com/contact-us/,Free Case Evaluation,boiler-class,False,https://www.gjel.com/contact-us,200,1
https://www.gjel.com/archives/fatal-bicycle-accident-in-petaluma,https://www.gjel.com/contact-us/,Free Case Evaluation,boiler-class,False,https://www.gjel.com/contact-us,200,1
https://www.gjel.com/archives/fatal-bicycle-accident-safety-concerns-for-cyclists-in-elk-grove,https://www.gjel.com/contact-us/,Free Case Evaluation,boiler-class,False,https://www.gjel.com/contact-us,200,1
https://www.gjel.com/archives/fatal-big-rig-collision-on-highway-20-near-williams-highlights-rural-road-risks,https://www.gjel.com/contact-us/,Free Case Evaluation,boiler-class,False,https://www.gjel.com/contact-us,200,1
https://www.gjel.com/archives/fatal-canal-accident-in-sutter-county-highlights-rural-road-safety-concerns,https://www.gjel.com/contact-us/,Free Case Evaluation,boiler-class,False,https://www.gjel.com/contact-us,200,1
https://www.gjel.com/archives/fatal-chain-reaction-crash-in-fresno,https://www.gjel.com/contact-us/,Free Case Evaluation,boiler-class,False,https://www.gjel.com/contact-us,200,1
https://www.gjel.com/archives/fatal-dui-crash-claims-life-of-67-year-old-man,https://www.gjel.com/contact-us/,Free Case Evaluation,boiler-class,False,https://www.gjel.com/contact-us,200,1
https://www.gjel.com/archives/fatal-dui-crash-in-fresno-county-one-dead,https://www.gjel.com/contact-us/,Free Case Evaluation,boiler-class,False,https://www.gjel.com/contact-us,200,1
https://www.gjel.com/archives/fatal-head-on-collision-in-fairfield-claims-life-of-young-driver,https://www.gjel.com/contact-us/,Free Case Evaluation,boiler-class,False,https://www.gjel.com/contact-us,200,1
https://www.gjel.com/archives/fatal-head-on-collision-in-gilroy-claims-life-of-elderly-san-mateo-driver,https://www.gjel.com/contact-us/,Free Case Evaluation,boiler-class,False,https://www.gjel.com/contact-us,200,1
https://www.gjel.com/archives/fatal-head-on-collision-in-monterey,https://www.gjel.com/contact-us/,Free Case Evaluation,boiler-class,False,https://www.gjel.com/contact-us,200,1
https://www.gjel.com/archives/fatal-head-on-collision-on-highway-132-claims-one-life-injures-two-in-stanislaus-county,https://www.gjel.com/contact-us/,Free Case Evaluation,boiler-class,False,https://www.gjel.com/contact-us,200,1
https://www.gjel.com/archives/fatal-hit-and-run-in-san-bernardino-county,https://www.gjel.com/contact-us/,Free Case Evaluation,boiler-class,False,https://www.gjel.com/contact-us,200,1
https://www.gjel.com/archives/fatal-mobility-scooter-accident-claims-life,https://www.gjel.com/contact-us/,Free Case Evaluation,boiler-class,False,https://www.gjel.com/contact-us,200,1
https://www.gjel.com/archives/fatal-motorcycle-accident-claims-life-of-motorcyclist,https://www.gjel.com/contact-us/,Free Case Evaluation,boiler-class,False,https://www.gjel.com/contact-us,200,1
https://www.gjel.com/archives/fatal-motorcycle-accident-highway-99-sacramento,https://www.gjel.com/contact-us/,Free Case Evaluation,boiler-class,False,https://www.gjel.com/contact-us,200,1
https://www.gjel.com/archives/fatal-motorcycle-accident-in-oakland-dangers-of-traffic-violations,https://www.gjel.com/contact-us/,Free Case Evaluation,boiler-class,False,https://www.gjel.com/contact-us,200,1
https://www.gjel.com/archives/fatal-motorcycle-accident-in-sacramento,https://www.gjel.com/contact-us/,Free Case Evaluation,boiler-class,False,https://www.gjel.com/contact-us,200,1
https://www.gjel.com/archives/fatal-motorcycle-accident-legal-rights,https://www.gjel.com/contact-us/,Free Case Evaluation,boiler-class,False,https://www.gjel.com/contact-us,200,1
https://www.gjel.com/archives/fatal-motorcycle-accident-on-benicia-martinez-bridge,https://www.gjel.com/contact-us/,Free Case Evaluation,boiler-class,False,https://www.gjel.com/contact-us,200,1
https://www.gjel.com/archives/fatal-motorcycle-and-truck-accident-in-san-francisco,https://www.gjel.com/contact-us/,Free Case Evaluation,boiler-class,False,https://www.gjel.com/contact-us,200,1
https://www.gjel.com/archives/fatal-pedestrian-accident-berkeley,https://www.gjel.com/contact-us/,Free Case Evaluation,boiler-class,False,https://www.gjel.com/contact-us,200,1
https://www.gjel.com/archives/fatal-pedestrian-accident-central-fresno,https://www.gjel.com/contact-us/,Free Case Evaluation,boiler-class,False,https://www.gjel.com/contact-us,200,1
https://www.gjel.com/archives/fatal-pedestrian-accident-claims-life,https://www.gjel.com/contact-us/,Free Case Evaluation,boiler-class,False,https://www.gjel.com/contact-us,200,1
https://www.gjel.com/archives/fatal-pedestrian-accident-highway-safety-concerns-in-alameda-county,https://www.gjel.com/contact-us/,Free Case Evaluation,boiler-class,False,https://www.gjel.com/contact-us,200,1
https://www.gjel.com/archives/fatal-pedestrian-accident-safety-concerns,https://www.gjel.com/contact-us/,Free Case Evaluation,boiler-class,False,https://www.gjel.com/contact-us,200,1
https://www.gjel.com/archives/fatal-pedestrian-accident-san-jose,https://www.gjel.com/contact-us/,Free Case Evaluation,boiler-class,False,https://www.gjel.com/contact-us,200,1
https://www.gjel.com/archives/fatal-pedestrian-crash-accident-on-fairmont,https://www.gjel.com/contact-us/,Free Case Evaluation,boiler-class,False,https://www.gjel.com/contact-us,200,1
https://www.gjel.com/archives/fatal-power-pole-crash-in-madera-county-understanding-your-legal-rights-after-single-vehicle-accidents,https://www.gjel.com/contact-us/,Free Case Evaluation,boiler-class,False,https://www.gjel.com/contact-us,200,1
https://www.gjel.com/archives/fatal-rollover-crash-one-dead-others-injured,https://www.gjel.com/contact-us/,Free Case Evaluation,boiler-class,False,https://www.gjel.com/contact-us,200,1
https://www.gjel.com/archives/fatal-san-francisco-muni-bus-accident-dangerous-left-turns,https://www.gjel.com/contact-us/,Free Case Evaluation,boiler-class,False,https://www.gjel.com/contact-us,200,1
https://www.gjel.com/archives/fatal-semi-truck-collision-claims-life-of-driver,https://www.gjel.com/contact-us/,Free Case Evaluation,boiler-class,False,https://www.gjel.com/contact-us,200,1
https://www.gjel.com/archives/fatal-seven-vehicle-crash-kills-bystander,https://www.gjel.com/contact-us/,Free Case Evaluation,boiler-class,False,https://www.gjel.com/contact-us,200,1
https://www.gjel.com/archives/fatal-single-vehicle-accident-in-calistoga,https://www.gjel.com/contact-us/,Free Case Evaluation,boiler-class,False,https://www.gjel.com/contact-us,200,1
https://www.gjel.com/archives/fatal-solo-vehicle-crash-in-napa-county-highlights-dangers-of-impaired-and-high-speed-driving,https://www.gjel.com/contact-us/,Free Case Evaluation,boiler-class,False,https://www.gjel.com/contact-us,200,1
https://www.gjel.com/archives/fatal-solo-vehicle-crash-in-north-sacramento,https://www.gjel.com/contact-us/,Free Case Evaluation,boiler-class,False,https://www.gjel.com/contact-us,200,1
https://www.gjel.com/archives/fatal-three-vehicle-crash-understanding-the-aftermath,https://www.gjel.com/contact-us/,Free Case Evaluation,boiler-class,False,https://www.gjel.com/contact-us,200,1
https://www.gjel.com/archives/fatal-traffic-collision-under-investigation-in-santa-clara,https://www.gjel.com/contact-us/,Free Case Evaluation,boiler-class,False,https://www.gjel.com/contact-us,200,1
https://www.gjel.com/archives/fatal-two-vehicle-crash-claims-life-of-passenger,https://www.gjel.com/contact-us/,Free Case Evaluation,boiler-class,False,https://www.gjel.com/contact-us,200,1
https://www.gjel.com/archives/fatal-workplace-accident-at-construction-site,https://www.gjel.com/contact-us/,Free Case Evaluation,boiler-class,False,https://www.gjel.com/contact-us,200,1
https://www.gjel.com/archives/five-injured-after-car-strikes-pedestrians-and-pole-in-stockton,https://www.gjel.com/contact-us/,Free Case Evaluation,boiler-class,False,https://www.gjel.com/contact-us,200,1
https://www.gjel.com/archives/fresno-atv-accident-teen-fatality,https://www.gjel.com/contact-us/,Free Case Evaluation,boiler-class,False,https://www.gjel.com/contact-us,200,1
https://www.gjel.com/archives/fresno-county-propane-truck-rollover-crash,https://www.gjel.com/contact-us/,Free Case Evaluation,boiler-class,False,https://www.gjel.com/contact-us,200,1
https://www.gjel.com/archives/good-news-for-lawyers-on-social-media,https://www.gjel.com/contact-us/,Free Case Evaluation,boiler-class,False,https://www.gjel.com/contact-us,200,1
https://www.gjel.com/archives/google-glasses-could-be-both-a-blessing-and-a-curse-to-drivers-and-pedestrians-alike,https://www.gjel.com/contact-us/,Free Case Evaluation,boiler-class,False,https://www.gjel.com/contact-us,200,1
https://www.gjel.com/archives/head-on-collision-in-stanislaus-county,https://www.gjel.com/contact-us/,Free Case Evaluation,boiler-class,False,https://www.gjel.com/contact-us,200,1
https://www.gjel.com/archives/headphone-related-pedestrian-deaths-up-300-percent-since-2004,https://www.gjel.com/contact-us/,Free Case Evaluation,boiler-class,False,https://www.gjel.com/contact-us,200,1
https://www.gjel.com/archives/highway-99-multi-vehicle-crash-injuries,https://www.gjel.com/contact-us/,Free Case Evaluation,boiler-class,False,https://www.gjel.com/contact-us,200,1
https://www.gjel.com/archives/hit-and-run-suspect-crashes-into-building,https://www.gjel.com/contact-us/,Free Case Evaluation,boiler-class,False,https://www.gjel.com/contact-us,200,1
https://www.gjel.com/archives/how-soon-to-file-lawsuit,https://www.gjel.com/contact-us/,Free Case Evaluation,boiler-class,False,https://www.gjel.com/contact-us,200,1
https://www.gjel.com/archives/hvac-technician-concussion-settlement,https://www.gjel.com/contact-us/,Free Case Evaluation,boiler-class,False,https://www.gjel.com/contact-us,200,1
https://www.gjel.com/archives/incident-in-littleton-reminds-cyclists-to-always-exercise-caution,https://www.gjel.com/contact-us/,Free Case Evaluation,boiler-class,False,https://www.gjel.com/contact-us,200,1
https://www.gjel.com/archives/injuries-in-a-rollover-accident-in-fresno,https://www.gjel.com/contact-us/,Free Case Evaluation,boiler-class,False,https://www.gjel.com/contact-us,200,1
https://www.gjel.com/archives/lane-splitting-100k-settlement-in-alameda-county,https://www.gjel.com/contact-us/,Free Case Evaluation,boiler-class,False,https://www.gjel.com/contact-us,200,1
https://www.gjel.com/archives/law-students-no-job-try-suing-your-school,https://www.gjel.com/contact-us/,Free Case Evaluation,boiler-class,False,https://www.gjel.com/contact-us,200,1
https://www.gjel.com/archives/list-of-fatal-san-francisco-pedestrian-accidents-2011,https://www.gjel.com/contact-us/,Free Case Evaluation,boiler-class,False,https://www.gjel.com/contact-us,200,1
https://www.gjel.com/archives/louisiana-considers-cutting-tulane-university-environmental-law-clinic-funding,https://www.gjel.com/contact-us/,Free Case Evaluation,boiler-class,False,https://www.gjel.com/contact-us,200,1
https://www.gjel.com/archives/major-injury-crash-on-i-80-in-fairfield,https://www.gjel.com/contact-us/,Free Case Evaluation,boiler-class,False,https://www.gjel.com/contact-us,200,1
https://www.gjel.com/archives/major-injury-crash-on-us-101-on-ramp-in-salinas,https://www.gjel.com/contact-us/,Free Case Evaluation,boiler-class,False,https://www.gjel.com/contact-us,200,1
https://www.gjel.com/archives/man-hospitalized-after-a-motorcycle-accident,https://www.gjel.com/contact-us/,Free Case Evaluation,boiler-class,False,https://www.gjel.com/contact-us,200,1
https://www.gjel.com/archives/man-injured-in-a-motorcycle-accident,https://www.gjel.com/contact-us/,Free Case Evaluation,boiler-class,False,https://www.gjel.com/contact-us,200,1
https://www.gjel.com/archives/mandatory-helmet-law-gutted-now-what,https://www.gjel.com/contact-us/,Free Case Evaluation,boiler-class,False,https://www.gjel.com/contact-us,200,1
https://www.gjel.com/archives/minor-injuries-u-turn-crash-in-yuba-county,https://www.gjel.com/contact-us/,Free Case Evaluation,boiler-class,False,https://www.gjel.com/contact-us,200,1
https://www.gjel.com/archives/more-taxis-in-san-francisco-equals-fewer-cars-safer-streets,https://www.gjel.com/contact-us/,Free Case Evaluation,boiler-class,False,https://www.gjel.com/contact-us,200,1
https://www.gjel.com/archives/motorcycle-accident-300k-settlement,https://www.gjel.com/contact-us/,Free Case Evaluation,boiler-class,False,https://www.gjel.com/contact-us,200,1
https://www.gjel.com/archives/motorcycle-accident-in-fresno,https://www.gjel.com/contact-us/,Free Case Evaluation,boiler-class,False,https://www.gjel.com/contact-us,200,1
https://www.gjel.com/archives/motorcycle-accident-in-napa-200k-settlement,https://www.gjel.com/contact-us/,Free Case Evaluation,boiler-class,False,https://www.gjel.com/contact-us,200,1
https://www.gjel.com/archives/motorcycle-accident-settlement-in-marin-county,https://www.gjel.com/contact-us/,Free Case Evaluation,boiler-class,False,https://www.gjel.com/contact-us,200,1
https://www.gjel.com/archives/motorcyclist-killed-in-suspected-fatal-dui-collision,https://www.gjel.com/contact-us/,Free Case Evaluation,boiler-class,False,https://www.gjel.com/contact-us,200,1
https://www.gjel.com/archives/motorist-strikes-cyclist-threatens-to-sue-for-damage-to-vehicle,https://www.gjel.com/contact-us/,Free Case Evaluation,boiler-class,False,https://www.gjel.com/contact-us,200,1
https://www.gjel.com/archives/multi-vehicle-collision-causes-extensive-delays,https://www.gjel.com/contact-us/,Free Case Evaluation,boiler-class,False,https://www.gjel.com/contact-us,200,1
https://www.gjel.com/archives/multi-vehicle-collision-in-oakland,https://www.gjel.com/contact-us/,Free Case Evaluation,boiler-class,False,https://www.gjel.com/contact-us,200,1
https://www.gjel.com/archives/multi-vehicle-crash-causes-major-traffic-disruption,https://www.gjel.com/contact-us/,Free Case Evaluation,boiler-class,False,https://www.gjel.com/contact-us,200,1
https://www.gjel.com/archives/multi-vehicle-crash-in-san-francisco,https://www.gjel.com/contact-us/,Free Case Evaluation,boiler-class,False,https://www.gjel.com/contact-us,200,1
https://www.gjel.com/archives/multi-vehicle-crash-leaves-several-injured,https://www.gjel.com/contact-us/,Free Case Evaluation,boiler-class,False,https://www.gjel.com/contact-us,200,1
https://www.gjel.com/archives/multi-vehicle-crash-sacramento,https://www.gjel.com/contact-us/,Free Case Evaluation,boiler-class,False,https://www.gjel.com/contact-us,200,1
https://www.gjel.com/archives/multi-vehicle-traffic-accident-injures-people,https://www.gjel.com/contact-us/,Free Case Evaluation,boiler-class,False,https://www.gjel.com/contact-us,200,1
https://www.gjel.com/archives/multiple-injuries-in-modesto-crash,https://www.gjel.com/contact-us/,Free Case Evaluation,boiler-class,False,https://www.gjel.com/contact-us,200,1
https://www.gjel.com/archives/napa-construction-zone-accident-leaves-man-hospitalized,https://www.gjel.com/contact-us/,Free Case Evaluation,boiler-class,False,https://www.gjel.com/contact-us,200,1
https://www.gjel.com/archives/new-distracted-driving-gizmo-could-make-it-easier-to-text,https://www.gjel.com/contact-us/,Free Case Evaluation,boiler-class,False,https://www.gjel.com/contact-us,200,1
https://www.gjel.com/archives/oakland-police-car-crash,https://www.gjel.com/contact-us/,Free Case Evaluation,boiler-class,False,https://www.gjel.com/contact-us,200,1
https://www.gjel.com/archives/pedestrian-accident-claims-life-in-stockton,https://www.gjel.com/contact-us/,Free Case Evaluation,boiler-class,False,https://www.gjel.com/contact-us,200,1
https://www.gjel.com/archives/pedestrian-accident-injuries-in-sacramento,https://www.gjel.com/contact-us/,Free Case Evaluation,boiler-class,False,https://www.gjel.com/contact-us,200,1
https://www.gjel.com/archives/pedestrian-injury-settlement-in-walnut-creek,https://www.gjel.com/contact-us/,Free Case Evaluation,boiler-class,False,https://www.gjel.com/contact-us,200,1
https://www.gjel.com/archives/pedestrians-dying-at-disproportionate-rates-in-americas-poorer-neighborhoods,https://www.gjel.com/contact-us/,Free Case Evaluation,boiler-class,False,https://www.gjel.com/contact-us,200,1
https://www.gjel.com/archives/pediatrics-organization-alters-car-seat-advice-to-reduce-accident-injuries-and-fatalities,https://www.gjel.com/contact-us/,Free Case Evaluation,boiler-class,False,https://www.gjel.com/contact-us,200,1
https://www.gjel.com/archives/personal-injury-plaintiff-ordered-to-reveal-facebook-data,https://www.gjel.com/contact-us/,Free Case Evaluation,boiler-class,False,https://www.gjel.com/contact-us,200,1
https://www.gjel.com/archives/pge-san-bruno-pipeline-explosion-lawsuits-blame,https://www.gjel.com/contact-us/,Free Case Evaluation,boiler-class,False,https://www.gjel.com/contact-us,200,1
https://www.gjel.com/archives/pleasant-hill-california-launches-plan-to-reduce-pedestrian-bicycle-accidents,https://www.gjel.com/contact-us/,Free Case Evaluation,boiler-class,False,https://www.gjel.com/contact-us,200,1
https://www.gjel.com/archives/portland-continues-to-invest-in-biking-amid-ongoing-budget-constraints,https://www.gjel.com/contact-us/,Free Case Evaluation,boiler-class,False,https://www.gjel.com/contact-us,200,1
https://www.gjel.com/archives/post-office-building-crash-in-san-jose,https://www.gjel.com/contact-us/,Free Case Evaluation,boiler-class,False,https://www.gjel.com/contact-us,200,1
https://www.gjel.com/archives/pregnant-woman-dies-in-san-jose-fatal-collision,https://www.gjel.com/contact-us/,Free Case Evaluation,boiler-class,False,https://www.gjel.com/contact-us,200,1
https://www.gjel.com/archives/rear-end-collision-in-mountain-view,https://www.gjel.com/contact-us/,Free Case Evaluation,boiler-class,False,https://www.gjel.com/contact-us,200,1
https://www.gjel.com/archives/rear-end-settlement-100k-in-oakley,https://www.gjel.com/contact-us/,Free Case Evaluation,boiler-class,False,https://www.gjel.com/contact-us,200,1
https://www.gjel.com/archives/redwood-city-fatal-pedestrian-accident,https://www.gjel.com/contact-us/,Free Case Evaluation,boiler-class,False,https://www.gjel.com/contact-us,200,1
https://www.gjel.com/archives/sacramento-bicycle-accident-cyclist-safety-awareness,https://www.gjel.com/contact-us/,Free Case Evaluation,boiler-class,False,https://www.gjel.com/contact-us,200,1
https://www.gjel.com/archives/sacramento-bicycle-accident-cyclist-struck,https://www.gjel.com/contact-us/,Free Case Evaluation,boiler-class,False,https://www.gjel.com/contact-us,200,1
https://www.gjel.com/archives/sacramento-pedestrian-hit-and-run,https://www.gjel.com/contact-us/,Free Case Evaluation,boiler-class,False,https://www.gjel.com/contact-us,200,1
https://www.gjel.com/archives/safety-light-offers-cyclists-moving-diy-bike-lane,https://www.gjel.com/contact-us/,Free Case Evaluation,boiler-class,False,https://www.gjel.com/contact-us,200,1
https://www.gjel.com/archives/san-francisco-pedestrian-accident-death-highlights-urgent-street-safety-need,https://www.gjel.com/contact-us/,Free Case Evaluation,boiler-class,False,https://www.gjel.com/contact-us,200,1
https://www.gjel.com/archives/san-francisco-pedestrian-accident-death-proves-need-for-masonic-avenue-safety-plan,https://www.gjel.com/contact-us/,Free Case Evaluation,boiler-class,False,https://www.gjel.com/contact-us,200,1
https://www.gjel.com/archives/san-jose-traffic-sensors-bike-motorcycle-safety,https://www.gjel.com/contact-us/,Free Case Evaluation,boiler-class,False,https://www.gjel.com/contact-us,200,1
https://www.gjel.com/archives/santa-cruz-fatal-pedestrian-accident,https://www.gjel.com/contact-us/,Free Case Evaluation,boiler-class,False,https://www.gjel.com/contact-us,200,1
https://www.gjel.com/archives/santa-rosa-dui-accident-legal-rights-victims,https://www.gjel.com/contact-us/,Free Case Evaluation,boiler-class,False,https://www.gjel.com/contact-us,200,1
https://www.gjel.com/archives/scooter-accident-100k-settlement-in-brentwood,https://www.gjel.com/contact-us/,Free Case Evaluation,boiler-class,False,https://www.gjel.com/contact-us,200,1
https://www.gjel.com/archives/semi-truck-collision-leaves-two-with-major-injuries,https://www.gjel.com/contact-us/,Free Case Evaluation,boiler-class,False,https://www.gjel.com/contact-us,200,1
https://www.gjel.com/archives/sf-muni-turns-100-with-weeklong-celebration,https://www.gjel.com/contact-us/,Free Case Evaluation,boiler-class,False,https://www.gjel.com/contact-us,200,1
https://www.gjel.com/archives/should-school-buses-have-seat-belts-crash-in-indianapolis-renews-debate,https://www.gjel.com/contact-us/,Free Case Evaluation,boiler-class,False,https://www.gjel.com/contact-us,200,1
https://www.gjel.com/archives/should-sf-police-set-up-distracted-driving-stings,https://www.gjel.com/contact-us/,Free Case Evaluation,boiler-class,False,https://www.gjel.com/contact-us,200,1
https://www.gjel.com/archives/slough-crash-in-stockton,https://www.gjel.com/contact-us/,Free Case Evaluation,boiler-class,False,https://www.gjel.com/contact-us,200,1
https://www.gjel.com/archives/stanford-university-student-killed-in-bicycle-accident,https://www.gjel.com/contact-us/,Free Case Evaluation,boiler-class,False,https://www.gjel.com/contact-us,200,1
https://www.gjel.com/archives/the-long-road-to-recovery-understanding-the-rehabilitation-process-after-a-catastrophic-injury,https://www.gjel.com/contact-us/,Free Case Evaluation,boiler-class,False,https://www.gjel.com/contact-us,200,1
https://www.gjel.com/archives/three-injured-in-fiery-two-vehicle-crash-at-oakdale-intersection,https://www.gjel.com/contact-us/,Free Case Evaluation,boiler-class,False,https://www.gjel.com/contact-us,200,1
https://www.gjel.com/archives/three-vehicle-accident-on-highway-242-near-concord-avenue-injures-one,https://www.gjel.com/contact-us/,Free Case Evaluation,boiler-class,False,https://www.gjel.com/contact-us,200,1
https://www.gjel.com/archives/tracy-traffic-collision-leaves-four-people-injured,https://www.gjel.com/contact-us/,Free Case Evaluation,boiler-class,False,https://www.gjel.com/contact-us,200,1
https://www.gjel.com/archives/tragic-collision-claims-four-lives-on-state-route-165-in-stanislaus-county,https://www.gjel.com/contact-us/,Free Case Evaluation,boiler-class,False,https://www.gjel.com/contact-us,200,1
https://www.gjel.com/archives/tragic-fireworks-facility-explosion-in-esparto,https://www.gjel.com/contact-us/,Free Case Evaluation,boiler-class,False,https://www.gjel.com/contact-us,200,1
https://www.gjel.com/archives/tragic-head-on-crash-claims-two-lives-injures-four,https://www.gjel.com/contact-us/,Free Case Evaluation,boiler-class,False,https://www.gjel.com/contact-us,200,1
https://www.gjel.com/archives/train-safety-and-trespassing-recent-amtrak-tragic-incident-highlights-ongoing-safety-concerns,https://www.gjel.com/contact-us/,Free Case Evaluation,boiler-class,False,https://www.gjel.com/contact-us,200,1
https://www.gjel.com/archives/two-vehicle-collision-causes-traffic-disruptions,https://www.gjel.com/contact-us/,Free Case Evaluation,boiler-class,False,https://www.gjel.com/contact-us,200,1
https://www.gjel.com/archives/two-vehicle-crash-in-rancho-cordova,https://www.gjel.com/contact-us/,Free Case Evaluation,boiler-class,False,https://www.gjel.com/contact-us,200,1
https://www.gjel.com/archives/two-vehicle-crash-injures-one-in-oakland,https://www.gjel.com/contact-us/,Free Case Evaluation,boiler-class,False,https://www.gjel.com/contact-us,200,1
https://www.gjel.com/archives/two-vehicle-crash-injuries-in-rancho-cordova,https://www.gjel.com/contact-us/,Free Case Evaluation,boiler-class,False,https://www.gjel.com/contact-us,200,1
https://www.gjel.com/archives/volvo-designs-external-vehicle-airbags-to-help-increase-pedestrian-safety,https://www.gjel.com/contact-us/,Free Case Evaluation,boiler-class,False,https://www.gjel.com/contact-us,200,1
https://www.gjel.com/archives/what-stravas-pending-lawsuit-could-mean-for-the-company-and-its-users,https://www.gjel.com/contact-us/,Free Case Evaluation,boiler-class,False,https://www.gjel.com/contact-us,200,1
https://www.gjel.com/archives/woodland-california-bicycle-accident,https://www.gjel.com/contact-us/,Free Case Evaluation,boiler-class,False,https://www.gjel.com/contact-us,200,1
https://www.gjel.com/archives/world-naked-bike-ride-aims-to-promote-greener-communities-and-safer-streets-for-cyclists,https://www.gjel.com/contact-us/,Free Case Evaluation,boiler-class,False,https://www.gjel.com/contact-us,200,1
https://www.gjel.com/archives/would-automotive-black-boxes-clarify-car-accident-lawsuits,https://www.gjel.com/contact-us/,Free Case Evaluation,boiler-class,False,https://www.gjel.com/contact-us,200,1
https://www.gjel.com/archives/wrongful-death-settlement-2-2m-in-dublin,https://www.gjel.com/contact-us/,Free Case Evaluation,boiler-class,False,https://www.gjel.com/contact-us,200,1
https://www.gjel.com/archives/young-cyclist-hospitalized-in-a-bicycle-accident,https://www.gjel.com/contact-us/,Free Case Evaluation,boiler-class,False,https://www.gjel.com/contact-us,200,1
https://www.gjel.com/archives/young-lives-at-risk-underage-drinking-and-driving-in-concord,https://www.gjel.com/contact-us/,Free Case Evaluation,boiler-class,False,https://www.gjel.com/contact-us,200,1
https://www.gjel.com/are-motorcycle-accidents-treated-differently-than-car-accidents-in-california,https://www.gjel.com/contact-us/,Free Case Evaluation,boiler-class,False,https://www.gjel.com/contact-us,200,1
https://www.gjel.com/average-payout-for-car-accident-death-understanding-compensation-for-fatal-accidents,https://www.gjel.com/contact-us/,Free Case Evaluation,boiler-class,False,https://www.gjel.com/contact-us,200,1
https://www.gjel.com/average-settlement-lawsuit,https://www.gjel.com/contact-us/,Free Case Evaluation,boiler-class,False,https://www.gjel.com/contact-us,200,1
https://www.gjel.com/berkeley,https://www.gjel.com/contact-us/,Free Case Evaluation,boiler-class,False,https://www.gjel.com/contact-us,200,1
https://www.gjel.com/berkeley/amputation,https://www.gjel.com/contact-us/,Free Case Evaluation,boiler-class,False,https://www.gjel.com/contact-us,200,1
https://www.gjel.com/berkeley/bicycle-accidents,https://www.gjel.com/contact-us/,Free Case Evaluation,boiler-class,False,https://www.gjel.com/contact-us,200,1
https://www.gjel.com/berkeley/brain-injuries,https://www.gjel.com/contact-us/,Free Case Evaluation,boiler-class,False,https://www.gjel.com/contact-us,200,1
https://www.gjel.com/berkeley/motorcycle-accidents,https://www.gjel.com/contact-us/,Free Case Evaluation,boiler-class,False,https://www.gjel.com/contact-us,200,1
https://www.gjel.com/berkeley/scooter-accidents,https://www.gjel.com/contact-us/,Free Case Evaluation,boiler-class,False,https://www.gjel.com/contact-us,200,1
https://www.gjel.com/berkeley/truck-accidents,https://www.gjel.com/contact-us/,Free Case Evaluation,boiler-class,False,https://www.gjel.com/contact-us,200,1
https://www.gjel.com/berkeley/wrongful-death-attorneys,https://www.gjel.com/contact-us/,Free Case Evaluation,boiler-class,False,https://www.gjel.com/contact-us,200,1
https://www.gjel.com/blog/10-biggest-personal-injury-settlements,https://www.gjel.com/contact-us/,Free Case Evaluation,boiler-class,False,https://www.gjel.com/contact-us,200,1
https://www.gjel.com/blog/16-year-old-girl-killed-in-dui-crash,https://www.gjel.com/contact-us/,Free Case Evaluation,boiler-class,False,https://www.gjel.com/contact-us,200,1
https://www.gjel.com/blog/19-year-old-woman-dies-in-fatal-big-rig-collision,https://www.gjel.com/contact-us/,Free Case Evaluation,boiler-class,False,https://www.gjel.com/contact-us,200,1
https://www.gjel.com/blog/3-killed-in-oakland-crash-speeding-pickup-truck,https://www.gjel.com/contact-us/,Free Case Evaluation,boiler-class,False,https://www.gjel.com/contact-us,200,1
https://www.gjel.com/blog/3-year-old-child-hospitalized-after-construction-truck-accident,https://www.gjel.com/contact-us/,Free Case Evaluation,boiler-class,False,https://www.gjel.com/contact-us,200,1
https://www.gjel.com/blog/a-fatal-head-on-collision-kills-one,https://www.gjel.com/contact-us/,Free Case Evaluation,boiler-class,False,https://www.gjel.com/contact-us,200,1
https://www.gjel.com/blog/accident-prone-constantly-covered-in-bruises-or-visiting-the-er-see-if-your-name-makes-it-onto-our-list-of-americas-clumsiest-names,https://www.gjel.com/contact-us/,Free Case Evaluation,boiler-class,False,https://www.gjel.com/contact-us,200,1
https://www.gjel.com/blog/adverse-reckless-driver-ran-red-light-resulting-in-100000-settlement,https://www.gjel.com/contact-us/,Free Case Evaluation,boiler-class,False,https://www.gjel.com/contact-us,200,1
https://www.gjel.com/blog/antioch-woman-killed-ejected-single-vehicle-crash,https://www.gjel.com/contact-us/,Free Case Evaluation,boiler-class,False,https://www.gjel.com/contact-us,200,1
https://www.gjel.com/blog/arden-arcade-motorcycle-accident-major-injuries,https://www.gjel.com/contact-us/,Free Case Evaluation,boiler-class,False,https://www.gjel.com/contact-us,200,1
https://www.gjel.com/blog/atv-driver-killed-in-rear-end-crash,https://www.gjel.com/contact-us/,Free Case Evaluation,boiler-class,False,https://www.gjel.com/contact-us,200,1
https://www.gjel.com/blog/atv-rider-killed-in-rear-end-collision,https://www.gjel.com/contact-us/,Free Case Evaluation,boiler-class,False,https://www.gjel.com/contact-us,200,1
https://www.gjel.com/blog/basketball-named-the-most-dangerous-sport-in-america,https://www.gjel.com/contact-us/,Free Case Evaluation,boiler-class,False,https://www.gjel.com/contact-us,200,1
https://www.gjel.com/blog/bicycle-accident-bicyclist-seriously-injured,https://www.gjel.com/contact-us/,Free Case Evaluation,boiler-class,False,https://www.gjel.com/contact-us,200,1
https://www.gjel.com/blog/bicycle-accident-on-rural-marin-county-road,https://www.gjel.com/contact-us/,Free Case Evaluation,boiler-class,False,https://www.gjel.com/contact-us,200,1
https://www.gjel.com/blog/bicycle-crash-bicyclist-suffers-major-injuries,https://www.gjel.com/contact-us/,Free Case Evaluation,boiler-class,False,https://www.gjel.com/contact-us,200,1
https://www.gjel.com/blog/bicyclist-killed-industrial-harbor-boulevard,https://www.gjel.com/contact-us/,Free Case Evaluation,boiler-class,False,https://www.gjel.com/contact-us,200,1
https://www.gjel.com/blog/boat-crash-injures-six-during-fishing-competition,https://www.gjel.com/contact-us/,Free Case Evaluation,boiler-class,False,https://www.gjel.com/contact-us,200,1
https://www.gjel.com/blog/box-truck-accident-injures-multiple-parties,https://www.gjel.com/contact-us/,Free Case Evaluation,boiler-class,False,https://www.gjel.com/contact-us,200,1
https://www.gjel.com/blog/chain-reaction-crash-multi-vehicle-collision,https://www.gjel.com/contact-us/,Free Case Evaluation,boiler-class,False,https://www.gjel.com/contact-us,200,1
https://www.gjel.com/blog/child-critical-condition-after-bicycle-accident,https://www.gjel.com/contact-us/,Free Case Evaluation,boiler-class,False,https://www.gjel.com/contact-us,200,1
https://www.gjel.com/blog/child-dies-at-after-school-program-tragedy,https://www.gjel.com/contact-us/,Free Case Evaluation,boiler-class,False,https://www.gjel.com/contact-us,200,1
https://www.gjel.com/blog/cyclist-injured-in-morning-bicycle-accident,https://www.gjel.com/contact-us/,Free Case Evaluation,boiler-class,False,https://www.gjel.com/contact-us,200,1
https://www.gjel.com/blog/davis-e-bike-and-bicycle-collision-accident,https://www.gjel.com/contact-us/,Free Case Evaluation,boiler-class,False,https://www.gjel.com/contact-us,200,1
https://www.gjel.com/blog/deadly-accident-after-car-plunges-off-dock,https://www.gjel.com/contact-us/,Free Case Evaluation,boiler-class,False,https://www.gjel.com/contact-us,200,1
https://www.gjel.com/blog/deadly-head-on-collision-kills-one-injures-five,https://www.gjel.com/contact-us/,Free Case Evaluation,boiler-class,False,https://www.gjel.com/contact-us,200,1
https://www.gjel.com/blog/deadly-lake-tahoe-boat-accident-6-dead-2-missing,https://www.gjel.com/contact-us/,Free Case Evaluation,boiler-class,False,https://www.gjel.com/contact-us,200,1
https://www.gjel.com/blog/driver-killed-in-christmas-eve-single-vehicle-crash,https://www.gjel.com/contact-us/,Free Case Evaluation,boiler-class,False,https://www.gjel.com/contact-us,200,1
https://www.gjel.com/blog/driver-killed-in-fiery-head-on-crash-in-fresno,https://www.gjel.com/contact-us/,Free Case Evaluation,boiler-class,False,https://www.gjel.com/contact-us,200,1
https://www.gjel.com/blog/drivers-injured-in-two-vehicle-crash,https://www.gjel.com/contact-us/,Free Case Evaluation,boiler-class,False,https://www.gjel.com/contact-us,200,1
https://www.gjel.com/blog/dui-crash-kills-one-adult-injures-three-children,https://www.gjel.com/contact-us/,Free Case Evaluation,boiler-class,False,https://www.gjel.com/contact-us,200,1
https://www.gjel.com/blog/dui-driver-arrested-after-fatal-motorcycle-crash,https://www.gjel.com/contact-us/,Free Case Evaluation,boiler-class,False,https://www.gjel.com/contact-us,200,1
https://www.gjel.com/blog/dui-driver-causes-multi-vehicle-rollover-crash,https://www.gjel.com/contact-us/,Free Case Evaluation,boiler-class,False,https://www.gjel.com/contact-us,200,1
https://www.gjel.com/blog/dui-driver-kills-pedestrian-in-crosswalk,https://www.gjel.com/contact-us/,Free Case Evaluation,boiler-class,False,https://www.gjel.com/contact-us,200,1
https://www.gjel.com/blog/dui-driver-kills-pedestrian-in-south-san-jose,https://www.gjel.com/contact-us/,Free Case Evaluation,boiler-class,False,https://www.gjel.com/contact-us,200,1
https://www.gjel.com/blog/early-morning-bicycle-collision-in-calistoga,https://www.gjel.com/contact-us/,Free Case Evaluation,boiler-class,False,https://www.gjel.com/contact-us,200,1
https://www.gjel.com/blog/early-morning-crash-claims-pedestrians-life,https://www.gjel.com/contact-us/,Free Case Evaluation,boiler-class,False,https://www.gjel.com/contact-us,200,1
https://www.gjel.com/blog/fatal-bicycle-accident-claimed-mans-life,https://www.gjel.com/contact-us/,Free Case Evaluation,boiler-class,False,https://www.gjel.com/contact-us,200,1
https://www.gjel.com/blog/fatal-big-rig-accident-claims-one-life,https://www.gjel.com/contact-us/,Free Case Evaluation,boiler-class,False,https://www.gjel.com/contact-us,200,1
https://www.gjel.com/blog/fatal-big-rig-crash-in-tracy-claims-truck-drivers-life,https://www.gjel.com/contact-us/,Free Case Evaluation,boiler-class,False,https://www.gjel.com/contact-us,200,1
https://www.gjel.com/blog/fatal-boating-accident-claims-life-of-a-man,https://www.gjel.com/contact-us/,Free Case Evaluation,boiler-class,False,https://www.gjel.com/contact-us,200,1
https://www.gjel.com/blog/fatal-chain-reaction-crash-kills-woman,https://www.gjel.com/contact-us/,Free Case Evaluation,boiler-class,False,https://www.gjel.com/contact-us,200,1
https://www.gjel.com/blog/fatal-christmas-day-collision-in-golden-gate-park-claims-one-life,https://www.gjel.com/contact-us/,Free Case Evaluation,boiler-class,False,https://www.gjel.com/contact-us,200,1
https://www.gjel.com/blog/fatal-cliff-crash-claims-life-of-santa-rosa-man,https://www.gjel.com/contact-us/,Free Case Evaluation,boiler-class,False,https://www.gjel.com/contact-us,200,1
https://www.gjel.com/blog/fatal-collision-danville,https://www.gjel.com/contact-us/,Free Case Evaluation,boiler-class,False,https://www.gjel.com/contact-us,200,1
https://www.gjel.com/blog/fatal-collision-shuts-down-southbound-lanes,https://www.gjel.com/contact-us/,Free Case Evaluation,boiler-class,False,https://www.gjel.com/contact-us,200,1
https://www.gjel.com/blog/fatal-cow-related-crash,https://www.gjel.com/contact-us/,Free Case Evaluation,boiler-class,False,https://www.gjel.com/contact-us,200,1
https://www.gjel.com/blog/fatal-crash-claims-one-life-in-willows,https://www.gjel.com/contact-us/,Free Case Evaluation,boiler-class,False,https://www.gjel.com/contact-us,200,1
https://www.gjel.com/blog/fatal-crash-kills-driver,https://www.gjel.com/contact-us/,Free Case Evaluation,boiler-class,False,https://www.gjel.com/contact-us,200,1
https://www.gjel.com/blog/fatal-crash-multi-vehicle-crash-kills-one,https://www.gjel.com/contact-us/,Free Case Evaluation,boiler-class,False,https://www.gjel.com/contact-us,200,1
https://www.gjel.com/blog/fatal-dui-crash-in-lassen-county-claims-life-critically-injures-child,https://www.gjel.com/contact-us/,Free Case Evaluation,boiler-class,False,https://www.gjel.com/contact-us,200,1
https://www.gjel.com/blog/fatal-dui-crash-in-roseville-claims-life-of-9-year-old-girl-highlights-dangers-of-impaired-driving,https://www.gjel.com/contact-us/,Free Case Evaluation,boiler-class,False,https://www.gjel.com/contact-us,200,1
https://www.gjel.com/blog/fatal-dui-crash-woman-dies-in-multi-vehicle-collision,https://www.gjel.com/contact-us/,Free Case Evaluation,boiler-class,False,https://www.gjel.com/contact-us,200,1
https://www.gjel.com/blog/fatal-dui-pedestrian-accident-in-vallejo,https://www.gjel.com/contact-us/,Free Case Evaluation,boiler-class,False,https://www.gjel.com/contact-us,200,1
https://www.gjel.com/blog/fatal-e-scooter-accident-in-santa-rosa,https://www.gjel.com/contact-us/,Free Case Evaluation,boiler-class,False,https://www.gjel.com/contact-us,200,1
https://www.gjel.com/blog/fatal-e-scooter-crash-kills-rider-in-morgan-hill,https://www.gjel.com/contact-us/,Free Case Evaluation,boiler-class,False,https://www.gjel.com/contact-us,200,1
https://www.gjel.com/blog/fatal-early-morning-crash-man-dead,https://www.gjel.com/contact-us/,Free Case Evaluation,boiler-class,False,https://www.gjel.com/contact-us,200,1
https://www.gjel.com/blog/fatal-freeway-crash-in-north-sacramento,https://www.gjel.com/contact-us/,Free Case Evaluation,boiler-class,False,https://www.gjel.com/contact-us,200,1
https://www.gjel.com/blog/fatal-head-on-collision-claims-life-in-salinas,https://www.gjel.com/contact-us/,Free Case Evaluation,boiler-class,False,https://www.gjel.com/contact-us,200,1
https://www.gjel.com/blog/fatal-head-on-collision-claims-one-life-2,https://www.gjel.com/contact-us/,Free Case Evaluation,boiler-class,False,https://www.gjel.com/contact-us,200,1
https://www.gjel.com/blog/fatal-head-on-collision-in-san-mateo,https://www.gjel.com/contact-us/,Free Case Evaluation,boiler-class,False,https://www.gjel.com/contact-us,200,1
https://www.gjel.com/blog/fatal-head-on-crash-claims-womans-life,https://www.gjel.com/contact-us/,Free Case Evaluation,boiler-class,False,https://www.gjel.com/contact-us,200,1
https://www.gjel.com/blog/fatal-head-on-crash-on-leaves-one-dead-two-critically-injured,https://www.gjel.com/contact-us/,Free Case Evaluation,boiler-class,False,https://www.gjel.com/contact-us,200,1
https://www.gjel.com/blog/fatal-head-on-motorcycle-crash-kills-rider,https://www.gjel.com/contact-us/,Free Case Evaluation,boiler-class,False,https://www.gjel.com/contact-us,200,1
https://www.gjel.com/blog/fatal-highway-collision-claims-life-of-driver,https://www.gjel.com/contact-us/,Free Case Evaluation,boiler-class,False,https://www.gjel.com/contact-us,200,1
https://www.gjel.com/blog/fatal-highway-crash-claims-drivers-life,https://www.gjel.com/contact-us/,Free Case Evaluation,boiler-class,False,https://www.gjel.com/contact-us,200,1
https://www.gjel.com/blog/fatal-highway-crash-kills-man,https://www.gjel.com/contact-us/,Free Case Evaluation,boiler-class,False,https://www.gjel.com/contact-us,200,1
https://www.gjel.com/blog/fatal-highway-crash-kills-man-on-memorial-day,https://www.gjel.com/contact-us/,Free Case Evaluation,boiler-class,False,https://www.gjel.com/contact-us,200,1
https://www.gjel.com/blog/fatal-highway-crash-pedestrian-killed,https://www.gjel.com/contact-us/,Free Case Evaluation,boiler-class,False,https://www.gjel.com/contact-us,200,1
https://www.gjel.com/blog/fatal-hit-and-run-claims-life-of-san-jose-woman,https://www.gjel.com/contact-us/,Free Case Evaluation,boiler-class,False,https://www.gjel.com/contact-us,200,1
https://www.gjel.com/blog/fatal-hit-and-run-crash-claims-life-of-pedestrian,https://www.gjel.com/contact-us/,Free Case Evaluation,boiler-class,False,https://www.gjel.com/contact-us,200,1
https://www.gjel.com/blog/fatal-hit-and-run-pedestrian-crash-kills-one,https://www.gjel.com/contact-us/,Free Case Evaluation,boiler-class,False,https://www.gjel.com/contact-us,200,1
https://www.gjel.com/blog/fatal-hit-and-run-understanding-dui-related-traffic-deaths,https://www.gjel.com/contact-us/,Free Case Evaluation,boiler-class,False,https://www.gjel.com/contact-us,200,1
https://www.gjel.com/blog/fatal-motorcycle-accident-at-golden-gate-bridge-claims-life-of-rider,https://www.gjel.com/contact-us/,Free Case Evaluation,boiler-class,False,https://www.gjel.com/contact-us,200,1
https://www.gjel.com/blog/fatal-motorcycle-accident-claims-one-life,https://www.gjel.com/contact-us/,Free Case Evaluation,boiler-class,False,https://www.gjel.com/contact-us,200,1
https://www.gjel.com/blog/fatal-motorcycle-accident-claims-womans-life,https://www.gjel.com/contact-us/,Free Case Evaluation,boiler-class,False,https://www.gjel.com/contact-us,200,1
https://www.gjel.com/blog/fatal-motorcycle-accident-in-willow-glen-crash,https://www.gjel.com/contact-us/,Free Case Evaluation,boiler-class,False,https://www.gjel.com/contact-us,200,1
https://www.gjel.com/blog/fatal-motorcycle-collision-claims-life-of-teen-rider-in-pleasant-hill,https://www.gjel.com/contact-us/,Free Case Evaluation,boiler-class,False,https://www.gjel.com/contact-us,200,1
https://www.gjel.com/blog/fatal-motorcycle-collision-with-an-suv-in-concord,https://www.gjel.com/contact-us/,Free Case Evaluation,boiler-class,False,https://www.gjel.com/contact-us,200,1
https://www.gjel.com/blog/fatal-motorcycle-crash-in-fairfield-claims-one-life,https://www.gjel.com/contact-us/,Free Case Evaluation,boiler-class,False,https://www.gjel.com/contact-us,200,1
https://www.gjel.com/blog/fatal-motorcycle-crash-kills-oakland-man,https://www.gjel.com/contact-us/,Free Case Evaluation,boiler-class,False,https://www.gjel.com/contact-us,200,1
https://www.gjel.com/blog/fatal-motorcycle-crash-leaves-rider-dead-at-scene,https://www.gjel.com/contact-us/,Free Case Evaluation,boiler-class,False,https://www.gjel.com/contact-us,200,1
https://www.gjel.com/blog/fatal-motorcycle-crash-motorcyclist-killed,https://www.gjel.com/contact-us/,Free Case Evaluation,boiler-class,False,https://www.gjel.com/contact-us,200,1
https://www.gjel.com/blog/fatal-motorcycle-crash-rider-killed,https://www.gjel.com/contact-us/,Free Case Evaluation,boiler-class,False,https://www.gjel.com/contact-us,200,1
https://www.gjel.com/blog/fatal-multi-vehicle-collision-claims-one-life,https://www.gjel.com/contact-us/,Free Case Evaluation,boiler-class,False,https://www.gjel.com/contact-us,200,1
https://www.gjel.com/blog/fatal-multi-vehicle-crash-kills-one,https://www.gjel.com/contact-us/,Free Case Evaluation,boiler-class,False,https://www.gjel.com/contact-us,200,1
https://www.gjel.com/blog/fatal-pedestrian-accident-claimed-life,https://www.gjel.com/contact-us/,Free Case Evaluation,boiler-class,False,https://www.gjel.com/contact-us,200,1
https://www.gjel.com/blog/fatal-pedestrian-accident-in-antioch,https://www.gjel.com/contact-us/,Free Case Evaluation,boiler-class,False,https://www.gjel.com/contact-us,200,1
https://www.gjel.com/blog/fatal-pedestrian-accident-in-hayward-2,https://www.gjel.com/contact-us/,Free Case Evaluation,boiler-class,False,https://www.gjel.com/contact-us,200,1
https://www.gjel.com/blog/fatal-pedestrian-accident-in-pajaro-claims-life-on-salinas-road,https://www.gjel.com/contact-us/,Free Case Evaluation,boiler-class,False,https://www.gjel.com/contact-us,200,1
https://www.gjel.com/blog/fatal-pedestrian-accident-in-redwood-city,https://www.gjel.com/contact-us/,Free Case Evaluation,boiler-class,False,https://www.gjel.com/contact-us,200,1
https://www.gjel.com/blog/fatal-pedestrian-accident-in-sacramento-5,https://www.gjel.com/contact-us/,Free Case Evaluation,boiler-class,False,https://www.gjel.com/contact-us,200,1
https://www.gjel.com/blog/fatal-pedestrian-accident-in-san-joaquin-county-highlights-road-safety-concerns,https://www.gjel.com/contact-us/,Free Case Evaluation,boiler-class,False,https://www.gjel.com/contact-us,200,1
https://www.gjel.com/blog/fatal-pedestrian-accident-in-san-mateo,https://www.gjel.com/contact-us/,Free Case Evaluation,boiler-class,False,https://www.gjel.com/contact-us,200,1
https://www.gjel.com/blog/fatal-pedestrian-accident-kills-man-in-his-40s,https://www.gjel.com/contact-us/,Free Case Evaluation,boiler-class,False,https://www.gjel.com/contact-us,200,1
https://www.gjel.com/blog/fatal-pedestrian-accident-leaves-one-dead-another-critically-injured,https://www.gjel.com/contact-us/,Free Case Evaluation,boiler-class,False,https://www.gjel.com/contact-us,200,1
https://www.gjel.com/blog/fatal-pedestrian-crash-claims-mans-life,https://www.gjel.com/contact-us/,Free Case Evaluation,boiler-class,False,https://www.gjel.com/contact-us,200,1
https://www.gjel.com/blog/fatal-pedestrian-crash-claims-womans-life,https://www.gjel.com/contact-us/,Free Case Evaluation,boiler-class,False,https://www.gjel.com/contact-us,200,1
https://www.gjel.com/blog/fatal-pedestrian-crash-man-dead,https://www.gjel.com/contact-us/,Free Case Evaluation,boiler-class,False,https://www.gjel.com/contact-us,200,1
https://www.gjel.com/blog/fatal-pleasant-hill-crash-incident-grayson-road-updates,https://www.gjel.com/contact-us/,Free Case Evaluation,boiler-class,False,https://www.gjel.com/contact-us,200,1
https://www.gjel.com/blog/fatal-rear-end-collision-on-hayward-bridge-claims-one-life,https://www.gjel.com/contact-us/,Free Case Evaluation,boiler-class,False,https://www.gjel.com/contact-us,200,1
https://www.gjel.com/blog/fatal-redding-rollover-crash-woman-killed,https://www.gjel.com/contact-us/,Free Case Evaluation,boiler-class,False,https://www.gjel.com/contact-us,200,1
https://www.gjel.com/blog/fatal-rollover-collision-in-livermore,https://www.gjel.com/contact-us/,Free Case Evaluation,boiler-class,False,https://www.gjel.com/contact-us,200,1
https://www.gjel.com/blog/fatal-rollover-crash-claims-life-of-19-year-old,https://www.gjel.com/contact-us/,Free Case Evaluation,boiler-class,False,https://www.gjel.com/contact-us,200,1
https://www.gjel.com/blog/fatal-rollover-crash-claims-young-drivers-life,https://www.gjel.com/contact-us/,Free Case Evaluation,boiler-class,False,https://www.gjel.com/contact-us,200,1
https://www.gjel.com/blog/fatal-scooter-accident-kills-rider,https://www.gjel.com/contact-us/,Free Case Evaluation,boiler-class,False,https://www.gjel.com/contact-us,200,1
https://www.gjel.com/blog/fatal-scott-road-crash-kills-two-teen-girls,https://www.gjel.com/contact-us/,Free Case Evaluation,boiler-class,False,https://www.gjel.com/contact-us,200,1
https://www.gjel.com/blog/fatal-semi-truck-crash-claims-life,https://www.gjel.com/contact-us/,Free Case Evaluation,boiler-class,False,https://www.gjel.com/contact-us,200,1
https://www.gjel.com/blog/fatal-single-vehicle-crash-at-sr-121,https://www.gjel.com/contact-us/,Free Case Evaluation,boiler-class,False,https://www.gjel.com/contact-us,200,1
https://www.gjel.com/blog/fatal-single-vehicle-crash-claims-life,https://www.gjel.com/contact-us/,Free Case Evaluation,boiler-class,False,https://www.gjel.com/contact-us,200,1
https://www.gjel.com/blog/fatal-single-vehicle-crash-claims-life-of-fair-oaks-woman,https://www.gjel.com/contact-us/,Free Case Evaluation,boiler-class,False,https://www.gjel.com/contact-us,200,1
https://www.gjel.com/blog/fatal-single-vehicle-crash-claims-mans-life,https://www.gjel.com/contact-us/,Free Case Evaluation,boiler-class,False,https://www.gjel.com/contact-us,200,1
https://www.gjel.com/blog/fatal-single-vehicle-crash-claims-womans-life,https://www.gjel.com/contact-us/,Free Case Evaluation,boiler-class,False,https://www.gjel.com/contact-us,200,1
https://www.gjel.com/blog/fatal-single-vehicle-crash-in-a-rice-field-under-investigation,https://www.gjel.com/contact-us/,Free Case Evaluation,boiler-class,False,https://www.gjel.com/contact-us,200,1
https://www.gjel.com/blog/fatal-single-vehicle-crash-in-elk-grove,https://www.gjel.com/contact-us/,Free Case Evaluation,boiler-class,False,https://www.gjel.com/contact-us,200,1
https://www.gjel.com/blog/fatal-single-vehicle-crash-kills-chico-man,https://www.gjel.com/contact-us/,Free Case Evaluation,boiler-class,False,https://www.gjel.com/contact-us,200,1
https://www.gjel.com/blog/fatal-single-vehicle-crash-kills-driver,https://www.gjel.com/contact-us/,Free Case Evaluation,boiler-class,False,https://www.gjel.com/contact-us,200,1
https://www.gjel.com/blog/fatal-single-vehicle-crash-kills-passenger,https://www.gjel.com/contact-us/,Free Case Evaluation,boiler-class,False,https://www.gjel.com/contact-us,200,1
https://www.gjel.com/blog/fatal-single-vehicle-crash-kills-salinas-man,https://www.gjel.com/contact-us/,Free Case Evaluation,boiler-class,False,https://www.gjel.com/contact-us,200,1
https://www.gjel.com/blog/fatal-single-vehicle-rollover-crash-near-gonzales-injures-multiple-occupants-including-infant,https://www.gjel.com/contact-us/,Free Case Evaluation,boiler-class,False,https://www.gjel.com/contact-us,200,1
https://www.gjel.com/blog/fatal-solo-vehicle-crash-claims-womans-life,https://www.gjel.com/contact-us/,Free Case Evaluation,boiler-class,False,https://www.gjel.com/contact-us,200,1
https://www.gjel.com/blog/fatal-suv-crash-claims-one-life-on-memorial-day,https://www.gjel.com/contact-us/,Free Case Evaluation,boiler-class,False,https://www.gjel.com/contact-us,200,1
https://www.gjel.com/blog/fatal-tracy-ca-accident-dui-driver-causes-deadly-head-on-crash-on-sr-4,https://www.gjel.com/contact-us/,Free Case Evaluation,boiler-class,False,https://www.gjel.com/contact-us,200,1
https://www.gjel.com/blog/fatal-traffic-accident-claims-life-of-elderly-man,https://www.gjel.com/contact-us/,Free Case Evaluation,boiler-class,False,https://www.gjel.com/contact-us,200,1
https://www.gjel.com/blog/fatal-traffic-accident-understanding-your-rights,https://www.gjel.com/contact-us/,Free Case Evaluation,boiler-class,False,https://www.gjel.com/contact-us,200,1
https://www.gjel.com/blog/fatal-traffic-crash-claims-drivers-life,https://www.gjel.com/contact-us/,Free Case Evaluation,boiler-class,False,https://www.gjel.com/contact-us,200,1
https://www.gjel.com/blog/fatal-two-vehicle-collision-in-stockton-leaves-one-dead-another-injured,https://www.gjel.com/contact-us/,Free Case Evaluation,boiler-class,False,https://www.gjel.com/contact-us,200,1
https://www.gjel.com/blog/fatal-two-vehicle-collision-on-highway-4,https://www.gjel.com/contact-us/,Free Case Evaluation,boiler-class,False,https://www.gjel.com/contact-us,200,1
https://www.gjel.com/blog/fatal-two-vehicle-crash-in-morgan-hill-claims-one-life,https://www.gjel.com/contact-us/,Free Case Evaluation,boiler-class,False,https://www.gjel.com/contact-us,200,1
https://www.gjel.com/blog/fatal-two-vehicle-crash-kills-one-injures-two,https://www.gjel.com/contact-us/,Free Case Evaluation,boiler-class,False,https://www.gjel.com/contact-us,200,1
https://www.gjel.com/blog/fatal-vehicle-fire-crash-claimed-life,https://www.gjel.com/contact-us/,Free Case Evaluation,boiler-class,False,https://www.gjel.com/contact-us,200,1
https://www.gjel.com/blog/fiery-single-vehicle-crash,https://www.gjel.com/contact-us/,Free Case Evaluation,boiler-class,False,https://www.gjel.com/contact-us,200,1
https://www.gjel.com/blog/five-hospitalized-after-t-bone-collision,https://www.gjel.com/contact-us/,Free Case Evaluation,boiler-class,False,https://www.gjel.com/contact-us,200,1
https://www.gjel.com/blog/five-injured-in-multi-vehicle-crash,https://www.gjel.com/contact-us/,Free Case Evaluation,boiler-class,False,https://www.gjel.com/contact-us,200,1
https://www.gjel.com/blog/fleeing-driver-causes-fatal-crash-in-san-jose,https://www.gjel.com/contact-us/,Free Case Evaluation,boiler-class,False,https://www.gjel.com/contact-us,200,1
https://www.gjel.com/blog/four-killed-in-devastating-head-on-crash,https://www.gjel.com/contact-us/,Free Case Evaluation,boiler-class,False,https://www.gjel.com/contact-us,200,1
https://www.gjel.com/blog/fremont-bicycle-accident-kills-man,https://www.gjel.com/contact-us/,Free Case Evaluation,boiler-class,False,https://www.gjel.com/contact-us,200,1
https://www.gjel.com/blog/fresno-motorcycle-accident,https://www.gjel.com/contact-us/,Free Case Evaluation,boiler-class,False,https://www.gjel.com/contact-us,200,1
https://www.gjel.com/blog/granite-bay-head-on-collision-blocks-traffic,https://www.gjel.com/contact-us/,Free Case Evaluation,boiler-class,False,https://www.gjel.com/contact-us,200,1
https://www.gjel.com/blog/high-speed-crash-leaves-driver-in-critical-condition,https://www.gjel.com/contact-us/,Free Case Evaluation,boiler-class,False,https://www.gjel.com/contact-us,200,1
https://www.gjel.com/blog/hit-and-run-collision-leaves-victim-without-compensation,https://www.gjel.com/contact-us/,Free Case Evaluation,boiler-class,False,https://www.gjel.com/contact-us,200,1
https://www.gjel.com/blog/hit-and-run-crash-on-highway-70-at-palermo-road,https://www.gjel.com/contact-us/,Free Case Evaluation,boiler-class,False,https://www.gjel.com/contact-us,200,1
https://www.gjel.com/blog/hit-and-run-driver-crashes-into-rancho-cordova-structural-damage,https://www.gjel.com/contact-us/,Free Case Evaluation,boiler-class,False,https://www.gjel.com/contact-us,200,1
https://www.gjel.com/blog/how-is-the-trauma-center-at-santa-clara-valley-medical-center-for-serious-injuries,https://www.gjel.com/contact-us/,Free Case Evaluation,boiler-class,False,https://www.gjel.com/contact-us,200,1
https://www.gjel.com/blog/how-to-support-an-accident-victim-tips-for-friends-and-family,https://www.gjel.com/contact-us/,Free Case Evaluation,boiler-class,False,https://www.gjel.com/contact-us,200,1
https://www.gjel.com/blog/impaired-driver-causes-crash-injuring-pregnant-woman,https://www.gjel.com/contact-us/,Free Case Evaluation,boiler-class,False,https://www.gjel.com/contact-us,200,1
https://www.gjel.com/blog/injury-accident-at-east-laurel-drive-and-linwood-drive-in-salinas,https://www.gjel.com/contact-us/,Free Case Evaluation,boiler-class,False,https://www.gjel.com/contact-us,200,1
https://www.gjel.com/blog/injury-reported-after-multi-vehicle-collision,https://www.gjel.com/contact-us/,Free Case Evaluation,boiler-class,False,https://www.gjel.com/contact-us,200,1
https://www.gjel.com/blog/juvenile-killed-in-fatal-e-bike-crash,https://www.gjel.com/contact-us/,Free Case Evaluation,boiler-class,False,https://www.gjel.com/contact-us,200,1
https://www.gjel.com/blog/juveniles-seriously-injured-in-e-bike-collision,https://www.gjel.com/contact-us/,Free Case Evaluation,boiler-class,False,https://www.gjel.com/contact-us,200,1
https://www.gjel.com/blog/largest-class-action-settlements,https://www.gjel.com/contact-us/,Free Case Evaluation,boiler-class,False,https://www.gjel.com/contact-us,200,1
https://www.gjel.com/blog/legal-documentary-films,https://www.gjel.com/contact-us/,Free Case Evaluation,boiler-class,False,https://www.gjel.com/contact-us,200,1
https://www.gjel.com/blog/los-altos-multi-vehicle-crash,https://www.gjel.com/contact-us/,Free Case Evaluation,boiler-class,False,https://www.gjel.com/contact-us,200,1
https://www.gjel.com/blog/major-injury-collision-on-pepperweed-road,https://www.gjel.com/contact-us/,Free Case Evaluation,boiler-class,False,https://www.gjel.com/contact-us,200,1
https://www.gjel.com/blog/major-injury-collision-semi-truck-strikes-sedan,https://www.gjel.com/contact-us/,Free Case Evaluation,boiler-class,False,https://www.gjel.com/contact-us,200,1
https://www.gjel.com/blog/major-injury-crash-involving-two-commercial-trucks,https://www.gjel.com/contact-us/,Free Case Evaluation,boiler-class,False,https://www.gjel.com/contact-us,200,1
https://www.gjel.com/blog/major-injury-crash-leaves-multiple-victims-injured,https://www.gjel.com/contact-us/,Free Case Evaluation,boiler-class,False,https://www.gjel.com/contact-us,200,1
https://www.gjel.com/blog/major-injury-crash-school-bus-collision-in-fresno,https://www.gjel.com/contact-us/,Free Case Evaluation,boiler-class,False,https://www.gjel.com/contact-us,200,1
https://www.gjel.com/blog/major-injury-crash-sends-one-to-the-hospital,https://www.gjel.com/contact-us/,Free Case Evaluation,boiler-class,False,https://www.gjel.com/contact-us,200,1
https://www.gjel.com/blog/major-injury-rollover-crash-leaves-two-injured,https://www.gjel.com/contact-us/,Free Case Evaluation,boiler-class,False,https://www.gjel.com/contact-us,200,1
https://www.gjel.com/blog/man-arrested-for-alleged-dui-crash-that-killed-castro-valley-woman,https://www.gjel.com/contact-us/,Free Case Evaluation,boiler-class,False,https://www.gjel.com/contact-us,200,1
https://www.gjel.com/blog/man-killed-in-a-pedestrian-accident,https://www.gjel.com/contact-us/,Free Case Evaluation,boiler-class,False,https://www.gjel.com/contact-us,200,1
https://www.gjel.com/blog/man-killed-in-head-on-collision,https://www.gjel.com/contact-us/,Free Case Evaluation,boiler-class,False,https://www.gjel.com/contact-us,200,1
https://www.gjel.com/blog/man-killed-in-single-vehicle-crash-accident,https://www.gjel.com/contact-us/,Free Case Evaluation,boiler-class,False,https://www.gjel.com/contact-us,200,1
https://www.gjel.com/blog/man-killed-in-suspected-dui-pedestrian-crash,https://www.gjel.com/contact-us/,Free Case Evaluation,boiler-class,False,https://www.gjel.com/contact-us,200,1
https://www.gjel.com/blog/marina-woman-killed-in-head-on-collision,https://www.gjel.com/contact-us/,Free Case Evaluation,boiler-class,False,https://www.gjel.com/contact-us,200,1
https://www.gjel.com/blog/minor-injury-collision-on-big-ranch-road-in-napa,https://www.gjel.com/contact-us/,Free Case Evaluation,boiler-class,False,https://www.gjel.com/contact-us,200,1
https://www.gjel.com/blog/modesto-injury-involved-car-crash-accident,https://www.gjel.com/contact-us/,Free Case Evaluation,boiler-class,False,https://www.gjel.com/contact-us,200,1
https://www.gjel.com/blog/most-unlikely-coutroom-comedies,https://www.gjel.com/contact-us/,Free Case Evaluation,boiler-class,False,https://www.gjel.com/contact-us,200,1
https://www.gjel.com/blog/mother-and-son-killed-in-suspected-dui-hit-and-run-collision,https://www.gjel.com/contact-us/,Free Case Evaluation,boiler-class,False,https://www.gjel.com/contact-us,200,1
https://www.gjel.com/blog/motorcycle-accident-leaves-rider-hospitalized,https://www.gjel.com/contact-us/,Free Case Evaluation,boiler-class,False,https://www.gjel.com/contact-us,200,1
https://www.gjel.com/blog/motorcycle-accident-leaves-rider-with-critical-injuries,https://www.gjel.com/contact-us/,Free Case Evaluation,boiler-class,False,https://www.gjel.com/contact-us,200,1
https://www.gjel.com/blog/motorcycle-accident-leaves-rider-with-injuries-2,https://www.gjel.com/contact-us/,Free Case Evaluation,boiler-class,False,https://www.gjel.com/contact-us,200,1
https://www.gjel.com/blog/motorcycle-accident-rider-suffers-major-injuries,https://www.gjel.com/contact-us/,Free Case Evaluation,boiler-class,False,https://www.gjel.com/contact-us,200,1
https://www.gjel.com/blog/motorcycle-crash-rider-seriously-injured,https://www.gjel.com/contact-us/,Free Case Evaluation,boiler-class,False,https://www.gjel.com/contact-us,200,1
https://www.gjel.com/blog/motorcycle-rider-injured-in-collision,https://www.gjel.com/contact-us/,Free Case Evaluation,boiler-class,False,https://www.gjel.com/contact-us,200,1
https://www.gjel.com/blog/motorcyclist-injured-in-collision,https://www.gjel.com/contact-us/,Free Case Evaluation,boiler-class,False,https://www.gjel.com/contact-us,200,1
https://www.gjel.com/blog/motorcyclist-injured-in-collision-on-power-inn-road-in-sacramento,https://www.gjel.com/contact-us/,Free Case Evaluation,boiler-class,False,https://www.gjel.com/contact-us,200,1
https://www.gjel.com/blog/motorcyclist-killed-in-head-on-collision,https://www.gjel.com/contact-us/,Free Case Evaluation,boiler-class,False,https://www.gjel.com/contact-us,200,1
https://www.gjel.com/blog/motorcyclist-killed-in-stockton-accident,https://www.gjel.com/contact-us/,Free Case Evaluation,boiler-class,False,https://www.gjel.com/contact-us,200,1
https://www.gjel.com/blog/multi-vehicle-collision-causes-major-injuries,https://www.gjel.com/contact-us/,Free Case Evaluation,boiler-class,False,https://www.gjel.com/contact-us,200,1
https://www.gjel.com/blog/multi-vehicle-collision-in-san-jose,https://www.gjel.com/contact-us/,Free Case Evaluation,boiler-class,False,https://www.gjel.com/contact-us,200,1
https://www.gjel.com/blog/multi-vehicle-crash-injures-motorcyclist,https://www.gjel.com/contact-us/,Free Case Evaluation,boiler-class,False,https://www.gjel.com/contact-us,200,1
https://www.gjel.com/blog/multi-vehicle-crash-injures-multiple-people,https://www.gjel.com/contact-us/,Free Case Evaluation,boiler-class,False,https://www.gjel.com/contact-us,200,1
https://www.gjel.com/blog/multi-vehicle-crash-on-state-route-128-in-napa-county-leaves-multiple-injured,https://www.gjel.com/contact-us/,Free Case Evaluation,boiler-class,False,https://www.gjel.com/contact-us,200,1
https://www.gjel.com/blog/multi-vehicle-crash-with-fire-leaves-multiple-injured,https://www.gjel.com/contact-us/,Free Case Evaluation,boiler-class,False,https://www.gjel.com/contact-us,200,1
https://www.gjel.com/blog/muni-bus-collision-sends-two-to-the-hospital,https://www.gjel.com/contact-us/,Free Case Evaluation,boiler-class,False,https://www.gjel.com/contact-us,200,1
https://www.gjel.com/blog/nurse-killed-in-pedestrian-accident-at-va-medical-center,https://www.gjel.com/contact-us/,Free Case Evaluation,boiler-class,False,https://www.gjel.com/contact-us,200,1
https://www.gjel.com/blog/oakland-car-accident-leaves-one-with-head-injury,https://www.gjel.com/contact-us/,Free Case Evaluation,boiler-class,False,https://www.gjel.com/contact-us,200,1
https://www.gjel.com/blog/oakland-traffic-accident-results-in-hospitalization,https://www.gjel.com/contact-us/,Free Case Evaluation,boiler-class,False,https://www.gjel.com/contact-us,200,1
https://www.gjel.com/blog/on-ramp-crash-injures-victims-in-morgan-hill,https://www.gjel.com/contact-us/,Free Case Evaluation,boiler-class,False,https://www.gjel.com/contact-us,200,1
https://www.gjel.com/blog/one-dead-in-fatal-bicycle-accident,https://www.gjel.com/contact-us/,Free Case Evaluation,boiler-class,False,https://www.gjel.com/contact-us,200,1
https://www.gjel.com/blog/one-dead-in-fiery-rollover-crash,https://www.gjel.com/contact-us/,Free Case Evaluation,boiler-class,False,https://www.gjel.com/contact-us,200,1
https://www.gjel.com/blog/one-injured-after-fiery-three-vehicle-crash,https://www.gjel.com/contact-us/,Free Case Evaluation,boiler-class,False,https://www.gjel.com/contact-us,200,1
https://www.gjel.com/blog/one-killed-in-suspected-dui-rollover-crash,https://www.gjel.com/contact-us/,Free Case Evaluation,boiler-class,False,https://www.gjel.com/contact-us,200,1
https://www.gjel.com/blog/one-killed-three-injured-in-pedestrian-crash,https://www.gjel.com/contact-us/,Free Case Evaluation,boiler-class,False,https://www.gjel.com/contact-us,200,1
https://www.gjel.com/blog/one-killed-three-seriously-injured-in-fiery-crash,https://www.gjel.com/contact-us/,Free Case Evaluation,boiler-class,False,https://www.gjel.com/contact-us,200,1
https://www.gjel.com/blog/overturned-tanker-truck-causes-major-highway-closure,https://www.gjel.com/contact-us/,Free Case Evaluation,boiler-class,False,https://www.gjel.com/contact-us,200,1
https://www.gjel.com/blog/passenger-injury-875k-settlement,https://www.gjel.com/contact-us/,Free Case Evaluation,boiler-class,False,https://www.gjel.com/contact-us,200,1
https://www.gjel.com/blog/passenger-killed-in-head-on-road-collision,https://www.gjel.com/contact-us/,Free Case Evaluation,boiler-class,False,https://www.gjel.com/contact-us,200,1
https://www.gjel.com/blog/passenger-suffers-head-injury-after-bus-drivers-emergency-stop,https://www.gjel.com/contact-us/,Free Case Evaluation,boiler-class,False,https://www.gjel.com/contact-us,200,1
https://www.gjel.com/blog/pedestrian-accident-kills-91-year-old-man,https://www.gjel.com/contact-us/,Free Case Evaluation,boiler-class,False,https://www.gjel.com/contact-us,200,1
https://www.gjel.com/blog/pedestrian-accident-kills-one,https://www.gjel.com/contact-us/,Free Case Evaluation,boiler-class,False,https://www.gjel.com/contact-us,200,1
https://www.gjel.com/blog/pedestrian-accident-life-threatening-injuries,https://www.gjel.com/contact-us/,Free Case Evaluation,boiler-class,False,https://www.gjel.com/contact-us,200,1
https://www.gjel.com/blog/pedestrian-and-dogs-killed-in-hit-and-run-crash,https://www.gjel.com/contact-us/,Free Case Evaluation,boiler-class,False,https://www.gjel.com/contact-us,200,1
https://www.gjel.com/blog/pedestrian-critically-injured-after-being-struck,https://www.gjel.com/contact-us/,Free Case Evaluation,boiler-class,False,https://www.gjel.com/contact-us,200,1
https://www.gjel.com/blog/pedestrian-fatality-in-a-multi-vehicle-crash,https://www.gjel.com/contact-us/,Free Case Evaluation,boiler-class,False,https://www.gjel.com/contact-us,200,1
https://www.gjel.com/blog/pedestrian-killed-after-being-struck-by-vehicle,https://www.gjel.com/contact-us/,Free Case Evaluation,boiler-class,False,https://www.gjel.com/contact-us,200,1
https://www.gjel.com/blog/pedestrian-killed-at-santa-ana-car-wash-in-suspected-dui-collision,https://www.gjel.com/contact-us/,Free Case Evaluation,boiler-class,False,https://www.gjel.com/contact-us,200,1
https://www.gjel.com/blog/pedestrian-killed-hit-and-run-in-sacramento,https://www.gjel.com/contact-us/,Free Case Evaluation,boiler-class,False,https://www.gjel.com/contact-us,200,1
https://www.gjel.com/blog/pedestrian-killed-in-a-traffic-accident-in-san-rafael,https://www.gjel.com/contact-us/,Free Case Evaluation,boiler-class,False,https://www.gjel.com/contact-us,200,1
https://www.gjel.com/blog/pedestrian-killed-in-crash-in-tracy,https://www.gjel.com/contact-us/,Free Case Evaluation,boiler-class,False,https://www.gjel.com/contact-us,200,1
https://www.gjel.com/blog/pedestrian-killed-in-hit-and-run-crash,https://www.gjel.com/contact-us/,Free Case Evaluation,boiler-class,False,https://www.gjel.com/contact-us,200,1
https://www.gjel.com/blog/pedestrian-killed-in-san-leandro,https://www.gjel.com/contact-us/,Free Case Evaluation,boiler-class,False,https://www.gjel.com/contact-us,200,1
https://www.gjel.com/blog/pedestrian-killed-in-suspected-dui-crash-in-fairfield,https://www.gjel.com/contact-us/,Free Case Evaluation,boiler-class,False,https://www.gjel.com/contact-us,200,1
https://www.gjel.com/blog/pedestrian-struck-by-vehicle-in-reedley,https://www.gjel.com/contact-us/,Free Case Evaluation,boiler-class,False,https://www.gjel.com/contact-us,200,1
https://www.gjel.com/blog/petaluma-multi-vehicle-crash-injuries,https://www.gjel.com/contact-us/,Free Case Evaluation,boiler-class,False,https://www.gjel.com/contact-us,200,1
https://www.gjel.com/blog/plane-crash-truckee-tahoe-airport-pilot-killed,https://www.gjel.com/contact-us/,Free Case Evaluation,boiler-class,False,https://www.gjel.com/contact-us,200,1
https://www.gjel.com/blog/rear-end-collision-in-castro-valley,https://www.gjel.com/contact-us/,Free Case Evaluation,boiler-class,False,https://www.gjel.com/contact-us,200,1
https://www.gjel.com/blog/rider-killed-in-a-motorcycle-accident,https://www.gjel.com/contact-us/,Free Case Evaluation,boiler-class,False,https://www.gjel.com/contact-us,200,1
https://www.gjel.com/blog/rider-killed-in-motorcycle-solo-crash,https://www.gjel.com/contact-us/,Free Case Evaluation,boiler-class,False,https://www.gjel.com/contact-us,200,1
https://www.gjel.com/blog/rio-linda-plane-crash-leaves-two-men-in-critical-condition,https://www.gjel.com/contact-us/,Free Case Evaluation,boiler-class,False,https://www.gjel.com/contact-us,200,1
https://www.gjel.com/blog/rollover-crash-leaves-woman-seriously-injured,https://www.gjel.com/contact-us/,Free Case Evaluation,boiler-class,False,https://www.gjel.com/contact-us,200,1
https://www.gjel.com/blog/sacramento-bicyclist-killed-in-arden-arcade-crash,https://www.gjel.com/contact-us/,Free Case Evaluation,boiler-class,False,https://www.gjel.com/contact-us,200,1
https://www.gjel.com/blog/san-francisco-cable-car-accident-leaves-15-injured,https://www.gjel.com/contact-us/,Free Case Evaluation,boiler-class,False,https://www.gjel.com/contact-us,200,1
https://www.gjel.com/blog/san-jose-car-accident-leaves-one-with-head-injury,https://www.gjel.com/contact-us/,Free Case Evaluation,boiler-class,False,https://www.gjel.com/contact-us,200,1
https://www.gjel.com/blog/san-jose-semi-truck-crash-leaves-two-injured,https://www.gjel.com/contact-us/,Free Case Evaluation,boiler-class,False,https://www.gjel.com/contact-us,200,1
https://www.gjel.com/blog/seinfeld-lawsuits,https://www.gjel.com/contact-us/,Free Case Evaluation,boiler-class,False,https://www.gjel.com/contact-us,200,1
https://www.gjel.com/blog/semi-truck-and-suv-collide-in-a-freeway-crash,https://www.gjel.com/contact-us/,Free Case Evaluation,boiler-class,False,https://www.gjel.com/contact-us,200,1
https://www.gjel.com/blog/semitruck-collision-strikes-power-line,https://www.gjel.com/contact-us/,Free Case Evaluation,boiler-class,False,https://www.gjel.com/contact-us,200,1
https://www.gjel.com/blog/serious-early-morning-collision-injures-two,https://www.gjel.com/contact-us/,Free Case Evaluation,boiler-class,False,https://www.gjel.com/contact-us,200,1
https://www.gjel.com/blog/serious-multi-vehicle-crash-injures-four,https://www.gjel.com/contact-us/,Free Case Evaluation,boiler-class,False,https://www.gjel.com/contact-us,200,1
https://www.gjel.com/blog/seven-injured-in-five-vehicle-crash,https://www.gjel.com/contact-us/,Free Case Evaluation,boiler-class,False,https://www.gjel.com/contact-us,200,1
https://www.gjel.com/blog/seven-injured-in-sacramento-regional-transit-bus-crash,https://www.gjel.com/contact-us/,Free Case Evaluation,boiler-class,False,https://www.gjel.com/contact-us,200,1
https://www.gjel.com/blog/several-injured-in-two-vehicle-crash,https://www.gjel.com/contact-us/,Free Case Evaluation,boiler-class,False,https://www.gjel.com/contact-us,200,1
https://www.gjel.com/blog/single-vehicle-collision-left-three-people-dead,https://www.gjel.com/contact-us/,Free Case Evaluation,boiler-class,False,https://www.gjel.com/contact-us,200,1
https://www.gjel.com/blog/six-car-chain-reaction-crash-causes-injuries,https://www.gjel.com/contact-us/,Free Case Evaluation,boiler-class,False,https://www.gjel.com/contact-us,200,1
https://www.gjel.com/blog/six-killed-in-a-head-on-crash-in-richfield,https://www.gjel.com/contact-us/,Free Case Evaluation,boiler-class,False,https://www.gjel.com/contact-us,200,1
https://www.gjel.com/blog/six-people-injured-in-sacramento-hit-and-run-crash,https://www.gjel.com/contact-us/,Free Case Evaluation,boiler-class,False,https://www.gjel.com/contact-us,200,1
https://www.gjel.com/blog/state-driving-laws,https://www.gjel.com/contact-us/,Free Case Evaluation,boiler-class,False,https://www.gjel.com/contact-us,200,1
https://www.gjel.com/blog/student-killed-in-car-bicycle-collision,https://www.gjel.com/contact-us/,Free Case Evaluation,boiler-class,False,https://www.gjel.com/contact-us,200,1
https://www.gjel.com/blog/teen-killed-after-two-vehicle-collision,https://www.gjel.com/contact-us/,Free Case Evaluation,boiler-class,False,https://www.gjel.com/contact-us,200,1
https://www.gjel.com/blog/teenage-passengers-escape-serious-injury-after-rollover-crash,https://www.gjel.com/contact-us/,Free Case Evaluation,boiler-class,False,https://www.gjel.com/contact-us,200,1
https://www.gjel.com/blog/texting-driving-california,https://www.gjel.com/contact-us/,Free Case Evaluation,boiler-class,False,https://www.gjel.com/contact-us,200,1
https://www.gjel.com/blog/the-10-most-dangerous-roadways-in-california,https://www.gjel.com/contact-us/,Free Case Evaluation,boiler-class,False,https://www.gjel.com/contact-us,200,1
https://www.gjel.com/blog/the-most-common-reasons-cyclists-run-red-lights-and-how-to-make-intersections-safer,https://www.gjel.com/contact-us/,Free Case Evaluation,boiler-class,False,https://www.gjel.com/contact-us,200,1
https://www.gjel.com/blog/the-most-dangerous-days-to-drive-top-10-riskiest-times-on-the-road,https://www.gjel.com/contact-us/,Free Case Evaluation,boiler-class,False,https://www.gjel.com/contact-us,200,1
https://www.gjel.com/blog/three-injured-after-vehicle-rolled-off-a-cliff,https://www.gjel.com/contact-us/,Free Case Evaluation,boiler-class,False,https://www.gjel.com/contact-us,200,1
https://www.gjel.com/blog/three-injured-in-drive-crash,https://www.gjel.com/contact-us/,Free Case Evaluation,boiler-class,False,https://www.gjel.com/contact-us,200,1
https://www.gjel.com/blog/three-injured-in-sunday-evening-collision-in-clovis,https://www.gjel.com/contact-us/,Free Case Evaluation,boiler-class,False,https://www.gjel.com/contact-us,200,1
https://www.gjel.com/blog/three-killed-in-wrong-way-collision-in-fairfield,https://www.gjel.com/contact-us/,Free Case Evaluation,boiler-class,False,https://www.gjel.com/contact-us,200,1
https://www.gjel.com/blog/three-vehicle-collision-injures-motorcyclist,https://www.gjel.com/contact-us/,Free Case Evaluation,boiler-class,False,https://www.gjel.com/contact-us,200,1
https://www.gjel.com/blog/three-vehicle-collision-leaves-sparks-brush-fire,https://www.gjel.com/contact-us/,Free Case Evaluation,boiler-class,False,https://www.gjel.com/contact-us,200,1
https://www.gjel.com/blog/top-20-most-popular-fictional-tv-lawyers,https://www.gjel.com/contact-us/,Free Case Evaluation,boiler-class,False,https://www.gjel.com/contact-us,200,1
https://www.gjel.com/blog/tracy-man-killed-in-a-pedestrian-accident,https://www.gjel.com/contact-us/,Free Case Evaluation,boiler-class,False,https://www.gjel.com/contact-us,200,1
https://www.gjel.com/blog/traffic-collision-results-in-injuries-to-occupants,https://www.gjel.com/contact-us/,Free Case Evaluation,boiler-class,False,https://www.gjel.com/contact-us,200,1
https://www.gjel.com/blog/tragic-child-bicycle-accident,https://www.gjel.com/contact-us/,Free Case Evaluation,boiler-class,False,https://www.gjel.com/contact-us,200,1
https://www.gjel.com/blog/tragic-pedestrian-accident-in-fremont,https://www.gjel.com/contact-us/,Free Case Evaluation,boiler-class,False,https://www.gjel.com/contact-us,200,1
https://www.gjel.com/blog/two-dead-after-early-morning-crash,https://www.gjel.com/contact-us/,Free Case Evaluation,boiler-class,False,https://www.gjel.com/contact-us,200,1
https://www.gjel.com/blog/two-drivers-killed-in-wrong-way-head-on-crash,https://www.gjel.com/contact-us/,Free Case Evaluation,boiler-class,False,https://www.gjel.com/contact-us,200,1
https://www.gjel.com/blog/two-injured-in-multi-vehicle-accident-in-napa,https://www.gjel.com/contact-us/,Free Case Evaluation,boiler-class,False,https://www.gjel.com/contact-us,200,1
https://www.gjel.com/blog/two-killed-after-fatal-crash-in-elk-grove,https://www.gjel.com/contact-us/,Free Case Evaluation,boiler-class,False,https://www.gjel.com/contact-us,200,1
https://www.gjel.com/blog/two-killed-in-wrong-way-head-on-crash,https://www.gjel.com/contact-us/,Free Case Evaluation,boiler-class,False,https://www.gjel.com/contact-us,200,1
https://www.gjel.com/blog/two-people-died-after-suspected-dui-collision,https://www.gjel.com/contact-us/,Free Case Evaluation,boiler-class,False,https://www.gjel.com/contact-us,200,1
https://www.gjel.com/blog/two-seriously-injured-in-single-vehicle-crash,https://www.gjel.com/contact-us/,Free Case Evaluation,boiler-class,False,https://www.gjel.com/contact-us,200,1
https://www.gjel.com/blog/two-vehicle-accident-with-injuries-in-monterey,https://www.gjel.com/contact-us/,Free Case Evaluation,boiler-class,False,https://www.gjel.com/contact-us,200,1
https://www.gjel.com/blog/two-vehicle-collision-accident-causes-major-traffic-disruption,https://www.gjel.com/contact-us/,Free Case Evaluation,boiler-class,False,https://www.gjel.com/contact-us,200,1
https://www.gjel.com/blog/two-vehicle-collision-accident-in-sonoma,https://www.gjel.com/contact-us/,Free Case Evaluation,boiler-class,False,https://www.gjel.com/contact-us,200,1
https://www.gjel.com/blog/two-vehicle-collision-causes-major-injuries-in-fresno,https://www.gjel.com/contact-us/,Free Case Evaluation,boiler-class,False,https://www.gjel.com/contact-us,200,1
https://www.gjel.com/blog/two-vehicle-collision-in-santa-rosa-leaves-one-injured,https://www.gjel.com/contact-us/,Free Case Evaluation,boiler-class,False,https://www.gjel.com/contact-us,200,1
https://www.gjel.com/blog/two-vehicle-collision-leaves-at-least-one-injured,https://www.gjel.com/contact-us/,Free Case Evaluation,boiler-class,False,https://www.gjel.com/contact-us,200,1
https://www.gjel.com/blog/two-vehicle-collision-leaves-victims-injured-2,https://www.gjel.com/contact-us/,Free Case Evaluation,boiler-class,False,https://www.gjel.com/contact-us,200,1
https://www.gjel.com/blog/two-vehicle-collision-major-injuries,https://www.gjel.com/contact-us/,Free Case Evaluation,boiler-class,False,https://www.gjel.com/contact-us,200,1
https://www.gjel.com/blog/two-vehicle-crash-in-coalinga-sends-victims-to-hospital,https://www.gjel.com/contact-us/,Free Case Evaluation,boiler-class,False,https://www.gjel.com/contact-us,200,1
https://www.gjel.com/blog/two-vehicle-crash-in-orinda,https://www.gjel.com/contact-us/,Free Case Evaluation,boiler-class,False,https://www.gjel.com/contact-us,200,1
https://www.gjel.com/blog/two-vehicle-crash-leaves-victims-hospitalized,https://www.gjel.com/contact-us/,Free Case Evaluation,boiler-class,False,https://www.gjel.com/contact-us,200,1
https://www.gjel.com/blog/two-vehicle-crash-sends-pickup-truck-down,https://www.gjel.com/contact-us/,Free Case Evaluation,boiler-class,False,https://www.gjel.com/contact-us,200,1
https://www.gjel.com/blog/two-vehicle-crash-shuts-down-west-ripon-road-in-manteca-traffic-collision,https://www.gjel.com/contact-us/,Free Case Evaluation,boiler-class,False,https://www.gjel.com/contact-us,200,1
https://www.gjel.com/blog/two-vehicle-head-on-collision-in-folsom,https://www.gjel.com/contact-us/,Free Case Evaluation,boiler-class,False,https://www.gjel.com/contact-us,200,1
https://www.gjel.com/blog/two-vehicle-injury-crash-in-monterey,https://www.gjel.com/contact-us/,Free Case Evaluation,boiler-class,False,https://www.gjel.com/contact-us,200,1
https://www.gjel.com/blog/two-vehicle-traffic-collision-in-livermore,https://www.gjel.com/contact-us/,Free Case Evaluation,boiler-class,False,https://www.gjel.com/contact-us,200,1
https://www.gjel.com/blog/two-young-e-motorcycle-riders-killed,https://www.gjel.com/contact-us/,Free Case Evaluation,boiler-class,False,https://www.gjel.com/contact-us,200,1
https://www.gjel.com/blog/vehicle-crash-causes-power-lines-to-come-down,https://www.gjel.com/contact-us/,Free Case Evaluation,boiler-class,False,https://www.gjel.com/contact-us,200,1
https://www.gjel.com/blog/vehicle-crashes-through-starbucks-storefront-crash,https://www.gjel.com/contact-us/,Free Case Evaluation,boiler-class,False,https://www.gjel.com/contact-us,200,1
https://www.gjel.com/blog/west-sacramento-truck-accident-causes-major-delays,https://www.gjel.com/contact-us/,Free Case Evaluation,boiler-class,False,https://www.gjel.com/contact-us,200,1
https://www.gjel.com/blog/woman-and-her-dog-killed-in-fatal-pedestrian-accident,https://www.gjel.com/contact-us/,Free Case Evaluation,boiler-class,False,https://www.gjel.com/contact-us,200,1
https://www.gjel.com/blog/woman-dies-after-hit-and-run-bicycle-crash,https://www.gjel.com/contact-us/,Free Case Evaluation,boiler-class,False,https://www.gjel.com/contact-us,200,1
https://www.gjel.com/blog/woman-ejected-and-killed-in-motorcycle-accident,https://www.gjel.com/contact-us/,Free Case Evaluation,boiler-class,False,https://www.gjel.com/contact-us,200,1
https://www.gjel.com/blog/woman-fatally-killed-in-big-rig-collision,https://www.gjel.com/contact-us/,Free Case Evaluation,boiler-class,False,https://www.gjel.com/contact-us,200,1
https://www.gjel.com/blog/woman-killed-in-fatal-dui-head-on-crash,https://www.gjel.com/contact-us/,Free Case Evaluation,boiler-class,False,https://www.gjel.com/contact-us,200,1
https://www.gjel.com/blog/woman-killed-man-injured-in-wrong-way-crash,https://www.gjel.com/contact-us/,Free Case Evaluation,boiler-class,False,https://www.gjel.com/contact-us,200,1
https://www.gjel.com/blog/workplace-accident-canyon-tunnel-project-collapse,https://www.gjel.com/contact-us/,Free Case Evaluation,boiler-class,False,https://www.gjel.com/contact-us,200,1
https://www.gjel.com/blog/wrong-way-crash-ridge-road-fatal-accident,https://www.gjel.com/contact-us/,Free Case Evaluation,boiler-class,False,https://www.gjel.com/contact-us,200,1
https://www.gjel.com/brain-injury-lawyers/5-common-mistakes-to-avoid-when-filing-a-california-brain-injury-claim,https://www.gjel.com/contact-us/,Free Case Evaluation,boiler-class,False,https://www.gjel.com/contact-us,200,1
https://www.gjel.com/brain-injury-lawyers/brain-injury-lawsuits-4-things-you-should-know,https://www.gjel.com/contact-us/,Free Case Evaluation,boiler-class,False,https://www.gjel.com/contact-us,200,1
https://www.gjel.com/brain-injury-lawyers/brain-injury-pain-and-suffering-settlement-examples,https://www.gjel.com/contact-us/,Free Case Evaluation,boiler-class,False,https://www.gjel.com/contact-us,200,1
https://www.gjel.com/brain-injury-lawyers/brain-injury-settlement-calculator-how-to-accurately-estimate-your-settlement-value,https://www.gjel.com/contact-us/,Free Case Evaluation,boiler-class,False,https://www.gjel.com/contact-us,200,1
https://www.gjel.com/brain-injury-lawyers/can-you-get-a-concussion-without-hitting-your-head,https://www.gjel.com/contact-us/,Free Case Evaluation,boiler-class,False,https://www.gjel.com/contact-us,200,1
https://www.gjel.com/brain-injury-lawyers/common-signs-and-symptoms-of-a-traumatic-brain-injury,https://www.gjel.com/contact-us/,Free Case Evaluation,boiler-class,False,https://www.gjel.com/contact-us,200,1
https://www.gjel.com/brain-injury-lawyers/common-types-of-brain-injuries-from-car-accidents,https://www.gjel.com/contact-us/,Free Case Evaluation,boiler-class,False,https://www.gjel.com/contact-us,200,1
https://www.gjel.com/brain-injury-lawyers/compensation-traumatic-brain-injury-semi-truck-accident,https://www.gjel.com/contact-us/,Free Case Evaluation,boiler-class,False,https://www.gjel.com/contact-us,200,1
https://www.gjel.com/brain-injury-lawyers/concussion-injuries,https://www.gjel.com/contact-us/,Free Case Evaluation,boiler-class,False,https://www.gjel.com/contact-us,200,1
https://www.gjel.com/brain-injury-lawyers/coping-with-the-long-term-effects-of-traumatic-brain-injury,https://www.gjel.com/contact-us/,Free Case Evaluation,boiler-class,False,https://www.gjel.com/contact-us,200,1
https://www.gjel.com/brain-injury-lawyers/do-traumatic-brain-injuries-change-your-personality,https://www.gjel.com/contact-us/,Free Case Evaluation,boiler-class,False,https://www.gjel.com/contact-us,200,1
https://www.gjel.com/brain-injury-lawyers/does-a-brain-injury-increase-the-risk-of-stroke,https://www.gjel.com/contact-us/,Free Case Evaluation,boiler-class,False,https://www.gjel.com/contact-us,200,1
https://www.gjel.com/brain-injury-lawyers/four-post-concussion-syndrome-symptoms-to-watch-for-after-an-accident,https://www.gjel.com/contact-us/,Free Case Evaluation,boiler-class,False,https://www.gjel.com/contact-us,200,1
https://www.gjel.com/brain-injury-lawyers/how-brain-injury-settlements-help-improve-the-lives-of-tbi-survivors,https://www.gjel.com/contact-us/,Free Case Evaluation,boiler-class,False,https://www.gjel.com/contact-us,200,1
https://www.gjel.com/brain-injury-lawyers/how-common-are-traumatic-brain-injuries-in-california,https://www.gjel.com/contact-us/,Free Case Evaluation,boiler-class,False,https://www.gjel.com/contact-us,200,1
https://www.gjel.com/brain-injury-lawyers/how-do-you-know-if-you-have-a-concussion,https://www.gjel.com/contact-us/,Free Case Evaluation,boiler-class,False,https://www.gjel.com/contact-us,200,1
https://www.gjel.com/brain-injury-lawyers/how-long-do-you-have-to-file-a-brain-injury-claim-after-a-car-accident,https://www.gjel.com/contact-us/,Free Case Evaluation,boiler-class,False,https://www.gjel.com/contact-us,200,1
https://www.gjel.com/brain-injury-lawyers/how-much-does-it-really-cost-to-treat-a-traumatic-brain-injury,https://www.gjel.com/contact-us/,Free Case Evaluation,boiler-class,False,https://www.gjel.com/contact-us,200,1
https://www.gjel.com/brain-injury-lawyers/how-to-build-a-strong-case-for-a-brain-injury-lawsuit-in-california,https://www.gjel.com/contact-us/,Free Case Evaluation,boiler-class,False,https://www.gjel.com/contact-us,200,1
https://www.gjel.com/brain-injury-lawyers/how-to-find-the-best-brain-injury-lawyer-near-me,https://www.gjel.com/contact-us/,Free Case Evaluation,boiler-class,False,https://www.gjel.com/contact-us,200,1
https://www.gjel.com/brain-injury-lawyers/how-to-get-compensation-for-a-brain-injury-from-a-car-accident,https://www.gjel.com/contact-us/,Free Case Evaluation,boiler-class,False,https://www.gjel.com/contact-us,200,1
https://www.gjel.com/brain-injury-lawyers/how-well-do-helmets-prevent-brain-injury,https://www.gjel.com/contact-us/,Free Case Evaluation,boiler-class,False,https://www.gjel.com/contact-us,200,1
https://www.gjel.com/brain-injury-lawyers/is-it-normal-to-have-headaches-after-a-concussion,https://www.gjel.com/contact-us/,Free Case Evaluation,boiler-class,False,https://www.gjel.com/contact-us,200,1
https://www.gjel.com/brain-injury-lawyers/most-common-types-of-traumatic-brain-injury,https://www.gjel.com/contact-us/,Free Case Evaluation,boiler-class,False,https://www.gjel.com/contact-us,200,1
https://www.gjel.com/brain-injury-lawyers/non-traumatic-brain-injury-claims,https://www.gjel.com/contact-us/,Free Case Evaluation,boiler-class,False,https://www.gjel.com/contact-us,200,1
https://www.gjel.com/brain-injury-lawyers/post-concussion-syndrome-attorney,https://www.gjel.com/contact-us/,Free Case Evaluation,boiler-class,False,https://www.gjel.com/contact-us,200,1
https://www.gjel.com/brain-injury-lawyers/seven-common-myths-about-brain-injury,https://www.gjel.com/contact-us/,Free Case Evaluation,boiler-class,False,https://www.gjel.com/contact-us,200,1
https://www.gjel.com/brain-injury-lawyers/should-i-consider-finding-a-life-care-planner-following-a-brain-injury,https://www.gjel.com/contact-us/,Free Case Evaluation,boiler-class,False,https://www.gjel.com/contact-us,200,1
https://www.gjel.com/brain-injury-lawyers/signs-symptoms-head-injury-in-adults,https://www.gjel.com/contact-us/,Free Case Evaluation,boiler-class,False,https://www.gjel.com/contact-us,200,1
https://www.gjel.com/brain-injury-lawyers/symptoms-of-a-concussion-understanding-the-signs-and-symptoms-of-mild-traumatic-brain-injury,https://www.gjel.com/contact-us/,Free Case Evaluation,boiler-class,False,https://www.gjel.com/contact-us,200,1
https://www.gjel.com/brain-injury-lawyers/symptoms-of-concussion-what-you-need-to-know,https://www.gjel.com/contact-us/,Free Case Evaluation,boiler-class,False,https://www.gjel.com/contact-us,200,1
https://www.gjel.com/brain-injury-lawyers/tbi-settlements-understanding-case-value,https://www.gjel.com/contact-us/,Free Case Evaluation,boiler-class,False,https://www.gjel.com/contact-us,200,1
https://www.gjel.com/brain-injury-lawyers/tbi-side-effects-and-complications,https://www.gjel.com/contact-us/,Free Case Evaluation,boiler-class,False,https://www.gjel.com/contact-us,200,1
https://www.gjel.com/brain-injury-lawyers/the-difference-between-traumatic-and-acquired-brain-injuries,https://www.gjel.com/contact-us/,Free Case Evaluation,boiler-class,False,https://www.gjel.com/contact-us,200,1
https://www.gjel.com/brain-injury-lawyers/the-ten-brain-injury-symptoms-you-shouldnt-ignore,https://www.gjel.com/contact-us/,Free Case Evaluation,boiler-class,False,https://www.gjel.com/contact-us,200,1
https://www.gjel.com/brain-injury-lawyers/traumatic-brain-injury-tbi-a-dive-into-the-cdcs-statistics,https://www.gjel.com/contact-us/,Free Case Evaluation,boiler-class,False,https://www.gjel.com/contact-us,200,1
https://www.gjel.com/brain-injury-lawyers/what-are-the-different-types-of-concussion,https://www.gjel.com/contact-us/,Free Case Evaluation,boiler-class,False,https://www.gjel.com/contact-us,200,1
https://www.gjel.com/brain-injury-lawyers/what-is-a-brain-stem-injury,https://www.gjel.com/contact-us/,Free Case Evaluation,boiler-class,False,https://www.gjel.com/contact-us,200,1
https://www.gjel.com/brain-injury-lawyers/what-is-cte,https://www.gjel.com/contact-us/,Free Case Evaluation,boiler-class,False,https://www.gjel.com/contact-us,200,1
https://www.gjel.com/brain-injury-lawyers/what-is-tbi,https://www.gjel.com/contact-us/,Free Case Evaluation,boiler-class,False,https://www.gjel.com/contact-us,200,1
https://www.gjel.com/brain-injury-lawyers/what-is-the-risk-of-death-after-a-brain-injury,https://www.gjel.com/contact-us/,Free Case Evaluation,boiler-class,False,https://www.gjel.com/contact-us,200,1
https://www.gjel.com/brain-injury-lawyers/what-qualities-should-you-look-for-in-a-brain-injury-attorney,https://www.gjel.com/contact-us/,Free Case Evaluation,boiler-class,False,https://www.gjel.com/contact-us,200,1
https://www.gjel.com/brain-injury-lawyers/what-to-do-if-you-suffer-brain-injury-from-a-fall,https://www.gjel.com/contact-us/,Free Case Evaluation,boiler-class,False,https://www.gjel.com/contact-us,200,1
https://www.gjel.com/brain-injury-lawyers/will-i-be-able-to-drive-in-california-after-a-brain-injury,https://www.gjel.com/contact-us/,Free Case Evaluation,boiler-class,False,https://www.gjel.com/contact-us,200,1
https://www.gjel.com/bus-accident-lawyers/next-steps-after-bus-accident,https://www.gjel.com/contact-us/,Free Case Evaluation,boiler-class,False,https://www.gjel.com/contact-us,200,1
https://www.gjel.com/bus-accident-lawyers/serious-accidents,https://www.gjel.com/contact-us/,Free Case Evaluation,boiler-class,False,https://www.gjel.com/contact-us,200,1
https://www.gjel.com/bus-accident-lawyers/what-to-do-if-youre-injured-in-a-bus-accident,https://www.gjel.com/contact-us/,Free Case Evaluation,boiler-class,False,https://www.gjel.com/contact-us,200,1
https://www.gjel.com/california-bicycle-accident-lawyers/bicycle-accident-statistics-us-bay-area,https://www.gjel.com/contact-us/,Free Case Evaluation,boiler-class,False,https://www.gjel.com/contact-us,200,1
https://www.gjel.com/california-bicycle-accident-lawyers/bicycle-dooring-accident,https://www.gjel.com/contact-us/,Free Case Evaluation,boiler-class,False,https://www.gjel.com/contact-us,200,1
https://www.gjel.com/california-bicycle-accident-lawyers/bicycle-safety,https://www.gjel.com/contact-us/,Free Case Evaluation,boiler-class,False,https://www.gjel.com/contact-us,200,1
https://www.gjel.com/california-bicycle-accident-lawyers/bike-accident-hit-by-car-on-sidewalk,https://www.gjel.com/contact-us/,Free Case Evaluation,boiler-class,False,https://www.gjel.com/contact-us,200,1
https://www.gjel.com/california-bicycle-accident-lawyers/california-bicycle-laws-safety,https://www.gjel.com/contact-us/,Free Case Evaluation,boiler-class,False,https://www.gjel.com/contact-us,200,1
https://www.gjel.com/california-bicycle-accident-lawyers/cyclist-car-accident-compensation,https://www.gjel.com/contact-us/,Free Case Evaluation,boiler-class,False,https://www.gjel.com/contact-us,200,1
https://www.gjel.com/california-bicycle-accident-lawyers/electric-scooter-laws-injuries-in-the-bay-area-what-riders-must-know,https://www.gjel.com/contact-us/,Free Case Evaluation,boiler-class,False,https://www.gjel.com/contact-us,200,1
https://www.gjel.com/california-bicycle-accident-lawyers/hit-by-a-car-bicycle-accident,https://www.gjel.com/contact-us/,Free Case Evaluation,boiler-class,False,https://www.gjel.com/contact-us,200,1
https://www.gjel.com/california-bicycle-accident-lawyers/how-long-do-i-have-to-file-a-bike-accident-claim-in-california,https://www.gjel.com/contact-us/,Free Case Evaluation,boiler-class,False,https://www.gjel.com/contact-us,200,1
https://www.gjel.com/california-bicycle-accident-lawyers/important-bike-accident-lawsuits,https://www.gjel.com/contact-us/,Free Case Evaluation,boiler-class,False,https://www.gjel.com/contact-us,200,1
https://www.gjel.com/california-bicycle-accident-lawyers/legal-ride-bike-wrong-side,https://www.gjel.com/contact-us/,Free Case Evaluation,boiler-class,False,https://www.gjel.com/contact-us,200,1
https://www.gjel.com/california-bicycle-accident-lawyers/results,https://www.gjel.com/contact-us/,Free Case Evaluation,boiler-class,False,https://www.gjel.com/contact-us,200,1
https://www.gjel.com/california-bicycle-accident-lawyers/safest-states,https://www.gjel.com/contact-us/,Free Case Evaluation,boiler-class,False,https://www.gjel.com/contact-us,200,1
https://www.gjel.com/california-bicycle-accident-lawyers/signs-you-need-an-attorney-after-your-bicycle-accident,https://www.gjel.com/contact-us/,Free Case Evaluation,boiler-class,False,https://www.gjel.com/contact-us,200,1
https://www.gjel.com/california-bicycle-accident-lawyers/what-to-do-after-a-bicycle-accident,https://www.gjel.com/contact-us/,Free Case Evaluation,boiler-class,False,https://www.gjel.com/contact-us,200,1
https://www.gjel.com/california-crps-attorneys/crps-settlement-amounts,https://www.gjel.com/contact-us/,Free Case Evaluation,boiler-class,False,https://www.gjel.com/contact-us,200,1
https://www.gjel.com/california-crps-attorneys/verdicts-settlements,https://www.gjel.com/contact-us/,Free Case Evaluation,boiler-class,False,https://www.gjel.com/contact-us,200,1
https://www.gjel.com/california-motorcycle-accident-statistics-you-need-to-be-aware-of,https://www.gjel.com/contact-us/,Free Case Evaluation,boiler-class,False,https://www.gjel.com/contact-us,200,1
https://www.gjel.com/californias-doctrine-of-primary-assumption-of-the-risk-what-when-and-how-far,https://www.gjel.com/contact-us/,Free Case Evaluation,boiler-class,False,https://www.gjel.com/contact-us,200,1
https://www.gjel.com/campbell-personal-injury-lawyer,https://www.gjel.com/contact-us/,Free Case Evaluation,boiler-class,False,https://www.gjel.com/contact-us,200,1
https://www.gjel.com/can-i-claim-for-anxiety-after-a-car-accident,https://www.gjel.com/contact-us/,Free Case Evaluation,boiler-class,False,https://www.gjel.com/contact-us,200,1
https://www.gjel.com/can-lawyer-settle-without-consent,https://www.gjel.com/contact-us/,Free Case Evaluation,boiler-class,False,https://www.gjel.com/contact-us,200,1
https://www.gjel.com/car-accident-lawyers/accident-reconstruction,https://www.gjel.com/contact-us/,Free Case Evaluation,boiler-class,False,https://www.gjel.com/contact-us,200,1
https://www.gjel.com/car-accident-lawyers/broken-bones-fractures-car-accident,https://www.gjel.com/contact-us/,Free Case Evaluation,boiler-class,False,https://www.gjel.com/contact-us,200,1
https://www.gjel.com/car-accident-lawyers/can-i-sue-uber-after-a-car-accident,https://www.gjel.com/contact-us/,Free Case Evaluation,boiler-class,False,https://www.gjel.com/contact-us,200,1
https://www.gjel.com/car-accident-lawyers/car-accident-attorneys-alameda,https://www.gjel.com/contact-us/,Free Case Evaluation,boiler-class,False,https://www.gjel.com/contact-us,200,1
https://www.gjel.com/car-accident-lawyers/car-accident-attorneys-albany,https://www.gjel.com/contact-us/,Free Case Evaluation,boiler-class,False,https://www.gjel.com/contact-us,200,1
https://www.gjel.com/car-accident-lawyers/car-accident-attorneys-anderson,https://www.gjel.com/contact-us/,Free Case Evaluation,boiler-class,False,https://www.gjel.com/contact-us,200,1
https://www.gjel.com/car-accident-lawyers/car-accident-attorneys-benicia,https://www.gjel.com/contact-us/,Free Case Evaluation,boiler-class,False,https://www.gjel.com/contact-us,200,1
https://www.gjel.com/car-accident-lawyers/car-accident-attorneys-brentwood,https://www.gjel.com/contact-us/,Free Case Evaluation,boiler-class,False,https://www.gjel.com/contact-us,200,1
https://www.gjel.com/car-accident-lawyers/car-accident-attorneys-campbell,https://www.gjel.com/contact-us/,Free Case Evaluation,boiler-class,False,https://www.gjel.com/contact-us,200,1
https://www.gjel.com/car-accident-lawyers/car-accident-attorneys-citrus-heights,https://www.gjel.com/contact-us/,Free Case Evaluation,boiler-class,False,https://www.gjel.com/contact-us,200,1
https://www.gjel.com/car-accident-lawyers/car-accident-attorneys-clayton,https://www.gjel.com/contact-us/,Free Case Evaluation,boiler-class,False,https://www.gjel.com/contact-us,200,1
https://www.gjel.com/car-accident-lawyers/car-accident-attorneys-cloverdale,https://www.gjel.com/contact-us/,Free Case Evaluation,boiler-class,False,https://www.gjel.com/contact-us,200,1
https://www.gjel.com/car-accident-lawyers/car-accident-attorneys-clovis,https://www.gjel.com/contact-us/,Free Case Evaluation,boiler-class,False,https://www.gjel.com/contact-us,200,1
https://www.gjel.com/car-accident-lawyers/car-accident-attorneys-coalinga,https://www.gjel.com/contact-us/,Free Case Evaluation,boiler-class,False,https://www.gjel.com/contact-us,200,1
https://www.gjel.com/car-accident-lawyers/car-accident-attorneys-cotati,https://www.gjel.com/contact-us/,Free Case Evaluation,boiler-class,False,https://www.gjel.com/contact-us,200,1
https://www.gjel.com/car-accident-lawyers/car-accident-attorneys-cupertino,https://www.gjel.com/contact-us/,Free Case Evaluation,boiler-class,False,https://www.gjel.com/contact-us,200,1
https://www.gjel.com/car-accident-lawyers/car-accident-attorneys-danville,https://www.gjel.com/contact-us/,Free Case Evaluation,boiler-class,False,https://www.gjel.com/contact-us,200,1
https://www.gjel.com/car-accident-lawyers/car-accident-attorneys-dixon,https://www.gjel.com/contact-us/,Free Case Evaluation,boiler-class,False,https://www.gjel.com/contact-us,200,1
https://www.gjel.com/car-accident-lawyers/car-accident-attorneys-dublin,https://www.gjel.com/contact-us/,Free Case Evaluation,boiler-class,False,https://www.gjel.com/contact-us,200,1
https://www.gjel.com/car-accident-lawyers/car-accident-attorneys-elcerrito,https://www.gjel.com/contact-us/,Free Case Evaluation,boiler-class,False,https://www.gjel.com/contact-us,200,1
https://www.gjel.com/car-accident-lawyers/car-accident-attorneys-elk-grove,https://www.gjel.com/contact-us/,Free Case Evaluation,boiler-class,False,https://www.gjel.com/contact-us,200,1
https://www.gjel.com/car-accident-lawyers/car-accident-attorneys-emeryville,https://www.gjel.com/contact-us/,Free Case Evaluation,boiler-class,False,https://www.gjel.com/contact-us,200,1
https://www.gjel.com/car-accident-lawyers/car-accident-attorneys-escalon,https://www.gjel.com/contact-us/,Free Case Evaluation,boiler-class,False,https://www.gjel.com/contact-us,200,1
https://www.gjel.com/car-accident-lawyers/car-accident-attorneys-firebaugh,https://www.gjel.com/contact-us/,Free Case Evaluation,boiler-class,False,https://www.gjel.com/contact-us,200,1
https://www.gjel.com/car-accident-lawyers/car-accident-attorneys-folsom,https://www.gjel.com/contact-us/,Free Case Evaluation,boiler-class,False,https://www.gjel.com/contact-us,200,1
https://www.gjel.com/car-accident-lawyers/car-accident-attorneys-fowler,https://www.gjel.com/contact-us/,Free Case Evaluation,boiler-class,False,https://www.gjel.com/contact-us,200,1
https://www.gjel.com/car-accident-lawyers/car-accident-attorneys-galt,https://www.gjel.com/contact-us/,Free Case Evaluation,boiler-class,False,https://www.gjel.com/contact-us,200,1
https://www.gjel.com/car-accident-lawyers/car-accident-attorneys-healdsburg,https://www.gjel.com/contact-us/,Free Case Evaluation,boiler-class,False,https://www.gjel.com/contact-us,200,1
https://www.gjel.com/car-accident-lawyers/car-accident-attorneys-hercules,https://www.gjel.com/contact-us/,Free Case Evaluation,boiler-class,False,https://www.gjel.com/contact-us,200,1
https://www.gjel.com/car-accident-lawyers/car-accident-attorneys-huron,https://www.gjel.com/contact-us/,Free Case Evaluation,boiler-class,False,https://www.gjel.com/contact-us,200,1
https://www.gjel.com/car-accident-lawyers/car-accident-attorneys-isleton,https://www.gjel.com/contact-us/,Free Case Evaluation,boiler-class,False,https://www.gjel.com/contact-us,200,1
https://www.gjel.com/car-accident-lawyers/car-accident-attorneys-kerman,https://www.gjel.com/contact-us/,Free Case Evaluation,boiler-class,False,https://www.gjel.com/contact-us,200,1
https://www.gjel.com/car-accident-lawyers/car-accident-attorneys-kingsburg,https://www.gjel.com/contact-us/,Free Case Evaluation,boiler-class,False,https://www.gjel.com/contact-us,200,1
https://www.gjel.com/car-accident-lawyers/car-accident-attorneys-lafayette,https://www.gjel.com/contact-us/,Free Case Evaluation,boiler-class,False,https://www.gjel.com/contact-us,200,1
https://www.gjel.com/car-accident-lawyers/car-accident-attorneys-lathrop,https://www.gjel.com/contact-us/,Free Case Evaluation,boiler-class,False,https://www.gjel.com/contact-us,200,1
https://www.gjel.com/car-accident-lawyers/car-accident-attorneys-lodi,https://www.gjel.com/contact-us/,Free Case Evaluation,boiler-class,False,https://www.gjel.com/contact-us,200,1
https://www.gjel.com/car-accident-lawyers/car-accident-attorneys-los-altos,https://www.gjel.com/contact-us/,Free Case Evaluation,boiler-class,False,https://www.gjel.com/contact-us,200,1
https://www.gjel.com/car-accident-lawyers/car-accident-attorneys-los-altos-hills,https://www.gjel.com/contact-us/,Free Case Evaluation,boiler-class,False,https://www.gjel.com/contact-us,200,1
https://www.gjel.com/car-accident-lawyers/car-accident-attorneys-los-gatos,https://www.gjel.com/contact-us/,Free Case Evaluation,boiler-class,False,https://www.gjel.com/contact-us,200,1
https://www.gjel.com/car-accident-lawyers/car-accident-attorneys-manteca,https://www.gjel.com/contact-us/,Free Case Evaluation,boiler-class,False,https://www.gjel.com/contact-us,200,1
https://www.gjel.com/car-accident-lawyers/car-accident-attorneys-martinez,https://www.gjel.com/contact-us/,Free Case Evaluation,boiler-class,False,https://www.gjel.com/contact-us,200,1
https://www.gjel.com/car-accident-lawyers/car-accident-attorneys-mendota,https://www.gjel.com/contact-us/,Free Case Evaluation,boiler-class,False,https://www.gjel.com/contact-us,200,1
https://www.gjel.com/car-accident-lawyers/car-accident-attorneys-milpitas,https://www.gjel.com/contact-us/,Free Case Evaluation,boiler-class,False,https://www.gjel.com/contact-us,200,1
https://www.gjel.com/car-accident-lawyers/car-accident-attorneys-monte-sereno,https://www.gjel.com/contact-us/,Free Case Evaluation,boiler-class,False,https://www.gjel.com/contact-us,200,1
https://www.gjel.com/car-accident-lawyers/car-accident-attorneys-moraga,https://www.gjel.com/contact-us/,Free Case Evaluation,boiler-class,False,https://www.gjel.com/contact-us,200,1
https://www.gjel.com/car-accident-lawyers/car-accident-attorneys-mountain-view,https://www.gjel.com/contact-us/,Free Case Evaluation,boiler-class,False,https://www.gjel.com/contact-us,200,1
https://www.gjel.com/car-accident-lawyers/car-accident-attorneys-newark,https://www.gjel.com/contact-us/,Free Case Evaluation,boiler-class,False,https://www.gjel.com/contact-us,200,1
https://www.gjel.com/car-accident-lawyers/car-accident-attorneys-oakley,https://www.gjel.com/contact-us/,Free Case Evaluation,boiler-class,False,https://www.gjel.com/contact-us,200,1
https://www.gjel.com/car-accident-lawyers/car-accident-attorneys-orange-cove,https://www.gjel.com/contact-us/,Free Case Evaluation,boiler-class,False,https://www.gjel.com/contact-us,200,1
https://www.gjel.com/car-accident-lawyers/car-accident-attorneys-palo-alto,https://www.gjel.com/contact-us/,Free Case Evaluation,boiler-class,False,https://www.gjel.com/contact-us,200,1
https://www.gjel.com/car-accident-lawyers/car-accident-attorneys-parlier,https://www.gjel.com/contact-us/,Free Case Evaluation,boiler-class,False,https://www.gjel.com/contact-us,200,1
https://www.gjel.com/car-accident-lawyers/car-accident-attorneys-petaluma,https://www.gjel.com/contact-us/,Free Case Evaluation,boiler-class,False,https://www.gjel.com/contact-us,200,1
https://www.gjel.com/car-accident-lawyers/car-accident-attorneys-pinole,https://www.gjel.com/contact-us/,Free Case Evaluation,boiler-class,False,https://www.gjel.com/contact-us,200,1
https://www.gjel.com/car-accident-lawyers/car-accident-attorneys-pittsburg,https://www.gjel.com/contact-us/,Free Case Evaluation,boiler-class,False,https://www.gjel.com/contact-us,200,1
https://www.gjel.com/car-accident-lawyers/car-accident-attorneys-pleasant-hill,https://www.gjel.com/contact-us/,Free Case Evaluation,boiler-class,False,https://www.gjel.com/contact-us,200,1
https://www.gjel.com/car-accident-lawyers/car-accident-attorneys-rancho-cordova,https://www.gjel.com/contact-us/,Free Case Evaluation,boiler-class,False,https://www.gjel.com/contact-us,200,1
https://www.gjel.com/car-accident-lawyers/car-accident-attorneys-reedley,https://www.gjel.com/contact-us/,Free Case Evaluation,boiler-class,False,https://www.gjel.com/contact-us,200,1
https://www.gjel.com/car-accident-lawyers/car-accident-attorneys-rio-vista,https://www.gjel.com/contact-us/,Free Case Evaluation,boiler-class,False,https://www.gjel.com/contact-us,200,1
https://www.gjel.com/car-accident-lawyers/car-accident-attorneys-ripon,https://www.gjel.com/contact-us/,Free Case Evaluation,boiler-class,False,https://www.gjel.com/contact-us,200,1
https://www.gjel.com/car-accident-lawyers/car-accident-attorneys-rohnert-park,https://www.gjel.com/contact-us/,Free Case Evaluation,boiler-class,False,https://www.gjel.com/contact-us,200,1
https://www.gjel.com/car-accident-lawyers/car-accident-attorneys-san-joaquin,https://www.gjel.com/contact-us/,Free Case Evaluation,boiler-class,False,https://www.gjel.com/contact-us,200,1
https://www.gjel.com/car-accident-lawyers/car-accident-attorneys-san-leandro,https://www.gjel.com/contact-us/,Free Case Evaluation,boiler-class,False,https://www.gjel.com/contact-us,200,1
https://www.gjel.com/car-accident-lawyers/car-accident-attorneys-san-pablo,https://www.gjel.com/contact-us/,Free Case Evaluation,boiler-class,False,https://www.gjel.com/contact-us,200,1
https://www.gjel.com/car-accident-lawyers/car-accident-attorneys-sanger,https://www.gjel.com/contact-us/,Free Case Evaluation,boiler-class,False,https://www.gjel.com/contact-us,200,1
https://www.gjel.com/car-accident-lawyers/car-accident-attorneys-santa-clara,https://www.gjel.com/contact-us/,Free Case Evaluation,boiler-class,False,https://www.gjel.com/contact-us,200,1
https://www.gjel.com/car-accident-lawyers/car-accident-attorneys-saratoga,https://www.gjel.com/contact-us/,Free Case Evaluation,boiler-class,False,https://www.gjel.com/contact-us,200,1
https://www.gjel.com/car-accident-lawyers/car-accident-attorneys-sebastopol,https://www.gjel.com/contact-us/,Free Case Evaluation,boiler-class,False,https://www.gjel.com/contact-us,200,1
https://www.gjel.com/car-accident-lawyers/car-accident-attorneys-selma,https://www.gjel.com/contact-us/,Free Case Evaluation,boiler-class,False,https://www.gjel.com/contact-us,200,1
https://www.gjel.com/car-accident-lawyers/car-accident-attorneys-shasta-lake,https://www.gjel.com/contact-us/,Free Case Evaluation,boiler-class,False,https://www.gjel.com/contact-us,200,1
https://www.gjel.com/car-accident-lawyers/car-accident-attorneys-sonoma,https://www.gjel.com/contact-us/,Free Case Evaluation,boiler-class,False,https://www.gjel.com/contact-us,200,1
https://www.gjel.com/car-accident-lawyers/car-accident-attorneys-suisun-city,https://www.gjel.com/contact-us/,Free Case Evaluation,boiler-class,False,https://www.gjel.com/contact-us,200,1
https://www.gjel.com/car-accident-lawyers/car-accident-attorneys-sunnyvale,https://www.gjel.com/contact-us/,Free Case Evaluation,boiler-class,False,https://www.gjel.com/contact-us,200,1
https://www.gjel.com/car-accident-lawyers/car-accident-attorneys-tracy,https://www.gjel.com/contact-us/,Free Case Evaluation,boiler-class,False,https://www.gjel.com/contact-us,200,1
https://www.gjel.com/car-accident-lawyers/car-accident-attorneys-union-city,https://www.gjel.com/contact-us/,Free Case Evaluation,boiler-class,False,https://www.gjel.com/contact-us,200,1
https://www.gjel.com/car-accident-lawyers/car-accident-attorneys-vacaville,https://www.gjel.com/contact-us/,Free Case Evaluation,boiler-class,False,https://www.gjel.com/contact-us,200,1
https://www.gjel.com/car-accident-lawyers/car-accident-attorneys-vallejo,https://www.gjel.com/contact-us/,Free Case Evaluation,boiler-class,False,https://www.gjel.com/contact-us,200,1
https://www.gjel.com/car-accident-lawyers/car-accident-attorneys-windsor,https://www.gjel.com/contact-us/,Free Case Evaluation,boiler-class,False,https://www.gjel.com/contact-us,200,1
https://www.gjel.com/car-accident-lawyers/car-accident-checklist,https://www.gjel.com/contact-us/,Free Case Evaluation,boiler-class,False,https://www.gjel.com/contact-us,200,1
https://www.gjel.com/car-accident-lawyers/car-accident-deposition,https://www.gjel.com/contact-us/,Free Case Evaluation,boiler-class,False,https://www.gjel.com/contact-us,200,1
https://www.gjel.com/car-accident-lawyers/car-accident-impact-to-mental-health,https://www.gjel.com/contact-us/,Free Case Evaluation,boiler-class,False,https://www.gjel.com/contact-us,200,1
https://www.gjel.com/car-accident-lawyers/car-accident-lawyer-reviews,https://www.gjel.com/contact-us/,Free Case Evaluation,boiler-class,False,https://www.gjel.com/contact-us,200,1
https://www.gjel.com/car-accident-lawyers/car-accident-pain-suffering-sue-ca,https://www.gjel.com/contact-us/,Free Case Evaluation,boiler-class,False,https://www.gjel.com/contact-us,200,1
https://www.gjel.com/car-accident-lawyers/car-accident-questions,https://www.gjel.com/contact-us/,Free Case Evaluation,boiler-class,False,https://www.gjel.com/contact-us,200,1
https://www.gjel.com/car-accident-lawyers/car-accident-settlement-negotiation-tips,https://www.gjel.com/contact-us/,Free Case Evaluation,boiler-class,False,https://www.gjel.com/contact-us,200,1
https://www.gjel.com/car-accident-lawyers/daly-city-attorneys,https://www.gjel.com/contact-us/,Free Case Evaluation,boiler-class,False,https://www.gjel.com/contact-us,200,1
https://www.gjel.com/car-accident-lawyers/delayed-injury-claiming-compensation-car-accident-ca,https://www.gjel.com/contact-us/,Free Case Evaluation,boiler-class,False,https://www.gjel.com/contact-us,200,1
https://www.gjel.com/car-accident-lawyers/do-you-need-a-lawyer-after-a-car-accident,https://www.gjel.com/contact-us/,Free Case Evaluation,boiler-class,False,https://www.gjel.com/contact-us,200,1
https://www.gjel.com/car-accident-lawyers/duty-issues-in-california-runaway-vehicle-pedal-error-cases,https://www.gjel.com/contact-us/,Free Case Evaluation,boiler-class,False,https://www.gjel.com/contact-us,200,1
https://www.gjel.com/car-accident-lawyers/fair-settlement-offer,https://www.gjel.com/contact-us/,Free Case Evaluation,boiler-class,False,https://www.gjel.com/contact-us,200,1
https://www.gjel.com/car-accident-lawyers/gjel-com-car-accident-attorneys-livermore,https://www.gjel.com/contact-us/,Free Case Evaluation,boiler-class,False,https://www.gjel.com/contact-us,200,1
https://www.gjel.com/car-accident-lawyers/how-long-does-it-take-to-settle-a-car-accident-case-in-california,https://www.gjel.com/contact-us/,Free Case Evaluation,boiler-class,False,https://www.gjel.com/contact-us,200,1
https://www.gjel.com/car-accident-lawyers/i-dont-feel-hurt-after-my-car-accident-should-i-see-a-doctor,https://www.gjel.com/contact-us/,Free Case Evaluation,boiler-class,False,https://www.gjel.com/contact-us,200,1
https://www.gjel.com/car-accident-lawyers/mistakes-to-avoid-after-accident,https://www.gjel.com/contact-us/,Free Case Evaluation,boiler-class,False,https://www.gjel.com/contact-us,200,1
https://www.gjel.com/car-accident-lawyers/no-police-report,https://www.gjel.com/contact-us/,Free Case Evaluation,boiler-class,False,https://www.gjel.com/contact-us,200,1
https://www.gjel.com/car-accident-lawyers/rear-ended-always-other-persons-fault,https://www.gjel.com/contact-us/,Free Case Evaluation,boiler-class,False,https://www.gjel.com/contact-us,200,1
https://www.gjel.com/car-accident-lawyers/report-car-accident-california,https://www.gjel.com/contact-us/,Free Case Evaluation,boiler-class,False,https://www.gjel.com/contact-us,200,1
https://www.gjel.com/car-accident-lawyers/rideshare-uber-lyft-accidents/potential-liability,https://www.gjel.com/contact-us/,Free Case Evaluation,boiler-class,False,https://www.gjel.com/contact-us,200,1
https://www.gjel.com/car-accident-lawyers/rideshare-uber-lyft-accidents/uber-and-lyft,https://www.gjel.com/contact-us/,Free Case Evaluation,boiler-class,False,https://www.gjel.com/contact-us,200,1
https://www.gjel.com/car-accident-lawyers/settlement-negotiation-tips,https://www.gjel.com/contact-us/,Free Case Evaluation,boiler-class,False,https://www.gjel.com/contact-us,200,1
https://www.gjel.com/car-accident-lawyers/statute-limitations,https://www.gjel.com/contact-us/,Free Case Evaluation,boiler-class,False,https://www.gjel.com/contact-us,200,1
https://www.gjel.com/car-accident-lawyers/the-safety-implications-of-driverless-cars,https://www.gjel.com/contact-us/,Free Case Evaluation,boiler-class,False,https://www.gjel.com/contact-us,200,1
https://www.gjel.com/car-accident-lawyers/tips-to-prevent-car-accidents,https://www.gjel.com/contact-us/,Free Case Evaluation,boiler-class,False,https://www.gjel.com/contact-us,200,1
https://www.gjel.com/car-accident-lawyers/what-is-a-t-bone-accident-car-accident-lawyers,https://www.gjel.com/contact-us/,Free Case Evaluation,boiler-class,False,https://www.gjel.com/contact-us,200,1
https://www.gjel.com/car-accident-lawyers/what-is-the-california-hit-and-run-law-everything-you-need-to-know,https://www.gjel.com/contact-us/,Free Case Evaluation,boiler-class,False,https://www.gjel.com/contact-us,200,1
https://www.gjel.com/car-accident-lawyers/what-to-do-after-a-car-accident,https://www.gjel.com/contact-us/,Free Case Evaluation,boiler-class,False,https://www.gjel.com/contact-us,200,1
https://www.gjel.com/car-accident-lawyers/when-should-you-call-a-lawyer-after-a-car-accident,https://www.gjel.com/contact-us/,Free Case Evaluation,boiler-class,False,https://www.gjel.com/contact-us,200,1
https://www.gjel.com/car-accident-lawyers/when-should-you-hire-an-attorney,https://www.gjel.com/contact-us/,Free Case Evaluation,boiler-class,False,https://www.gjel.com/contact-us,200,1
https://www.gjel.com/car-accident-settlement-in-contra-costa-county,https://www.gjel.com/contact-us/,Free Case Evaluation,boiler-class,False,https://www.gjel.com/contact-us,200,1
https://www.gjel.com/car-accident-settlement-lowball-offer,https://www.gjel.com/contact-us/,Free Case Evaluation,boiler-class,False,https://www.gjel.com/contact-us,200,1
https://www.gjel.com/car-accident-visiting-california,https://www.gjel.com/contact-us/,Free Case Evaluation,boiler-class,False,https://www.gjel.com/contact-us,200,1
https://www.gjel.com/car-accidents/who-pays-for-my-rental-car-after-an-accident-in-california,https://www.gjel.com/contact-us/,Free Case Evaluation,boiler-class,False,https://www.gjel.com/contact-us,200,1
https://www.gjel.com/case-results/downtown-oakland-hit-and-run-500k-settlement,https://www.gjel.com/contact-us/,Free Case Evaluation,boiler-class,False,https://www.gjel.com/contact-us,200,1
https://www.gjel.com/community-involvement-scholarship,https://www.gjel.com/contact-us/,Free Case Evaluation,boiler-class,False,https://www.gjel.com/contact-us,200,1
https://www.gjel.com/complex-regional-pain-syndrome-understanding-the-hardest-injury-to-treat,https://www.gjel.com/contact-us/,Free Case Evaluation,boiler-class,False,https://www.gjel.com/contact-us,200,1
https://www.gjel.com/concord,https://www.gjel.com/contact-us/,Free Case Evaluation,boiler-class,False,https://www.gjel.com/contact-us,200,1
https://www.gjel.com/concord/amputation,https://www.gjel.com/contact-us/,Free Case Evaluation,boiler-class,False,https://www.gjel.com/contact-us,200,1
https://www.gjel.com/concord/bicycle-accidents,https://www.gjel.com/contact-us/,Free Case Evaluation,boiler-class,False,https://www.gjel.com/contact-us,200,1
https://www.gjel.com/concord/brain-injury,https://www.gjel.com/contact-us/,Free Case Evaluation,boiler-class,False,https://www.gjel.com/contact-us,200,1
https://www.gjel.com/concord/motorcycle-accidents,https://www.gjel.com/contact-us/,Free Case Evaluation,boiler-class,False,https://www.gjel.com/contact-us,200,1
https://www.gjel.com/concord/scooter-accidents,https://www.gjel.com/contact-us/,Free Case Evaluation,boiler-class,False,https://www.gjel.com/contact-us,200,1
https://www.gjel.com/concord/truck-accidents,https://www.gjel.com/contact-us/,Free Case Evaluation,boiler-class,False,https://www.gjel.com/contact-us,200,1
https://www.gjel.com/concord/wrongful-death-lawyers-concord-ca,https://www.gjel.com/contact-us/,Free Case Evaluation,boiler-class,False,https://www.gjel.com/contact-us,200,1
https://www.gjel.com/consequences-not-hiring-attorney,https://www.gjel.com/contact-us/,Free Case Evaluation,boiler-class,False,https://www.gjel.com/contact-us,200,1
https://www.gjel.com/contingency-fee,https://www.gjel.com/contact-us/,Free Case Evaluation,boiler-class,False,https://www.gjel.com/contact-us,200,1
https://www.gjel.com/damages-against-deceased-defendants,https://www.gjel.com/contact-us/,Free Case Evaluation,boiler-class,False,https://www.gjel.com/contact-us,200,1
https://www.gjel.com/degloving-injury-lawyer/understanding-causes,https://www.gjel.com/contact-us/,Free Case Evaluation,boiler-class,False,https://www.gjel.com/contact-us,200,1
https://www.gjel.com/did-you-get-a-low-ball-insurance-offer-for-your-personal-injury-case,https://www.gjel.com/contact-us/,Free Case Evaluation,boiler-class,False,https://www.gjel.com/contact-us,200,1
https://www.gjel.com/do-i-need-a-lawyer-for-my-accident,https://www.gjel.com/contact-us/,Free Case Evaluation,boiler-class,False,https://www.gjel.com/contact-us,200,1
https://www.gjel.com/do-i-need-money-to-hire-a-lawyer,https://www.gjel.com/contact-us/,Free Case Evaluation,boiler-class,False,https://www.gjel.com/contact-us,200,1
https://www.gjel.com/electric-scoot-accident-lawyers,https://www.gjel.com/contact-us/,Free Case Evaluation,boiler-class,False,https://www.gjel.com/contact-us,200,1
https://www.gjel.com/fairfield,https://www.gjel.com/contact-us/,Free Case Evaluation,boiler-class,False,https://www.gjel.com/contact-us,200,1
https://www.gjel.com/fairfield/amputation,https://www.gjel.com/contact-us/,Free Case Evaluation,boiler-class,False,https://www.gjel.com/contact-us,200,1
https://www.gjel.com/fairfield/bicycle-accidents,https://www.gjel.com/contact-us/,Free Case Evaluation,boiler-class,False,https://www.gjel.com/contact-us,200,1
https://www.gjel.com/fairfield/brain-injuries,https://www.gjel.com/contact-us/,Free Case Evaluation,boiler-class,False,https://www.gjel.com/contact-us,200,1
https://www.gjel.com/fairfield/motorcycle-accidents,https://www.gjel.com/contact-us/,Free Case Evaluation,boiler-class,False,https://www.gjel.com/contact-us,200,1
https://www.gjel.com/fairfield/scooter-accidents,https://www.gjel.com/contact-us/,Free Case Evaluation,boiler-class,False,https://www.gjel.com/contact-us,200,1
https://www.gjel.com/fairfield/truck-accidents,https://www.gjel.com/contact-us/,Free Case Evaluation,boiler-class,False,https://www.gjel.com/contact-us,200,1
https://www.gjel.com/fairfield/wrongful-death,https://www.gjel.com/contact-us/,Free Case Evaluation,boiler-class,False,https://www.gjel.com/contact-us,200,1
https://www.gjel.com/florida-car-accident-lawyer-hire-after-accident,https://www.gjel.com/contact-us/,Free Case Evaluation,boiler-class,False,https://www.gjel.com/contact-us,200,1
https://www.gjel.com/four-things-a-tbi-survivor-should-know-about-their-legal-rights,https://www.gjel.com/contact-us/,Free Case Evaluation,boiler-class,False,https://www.gjel.com/contact-us,200,1
https://www.gjel.com/fremont,https://www.gjel.com/contact-us/,Free Case Evaluation,boiler-class,False,https://www.gjel.com/contact-us,200,1
https://www.gjel.com/fremont/amputation-lawyers,https://www.gjel.com/contact-us/,Free Case Evaluation,boiler-class,False,https://www.gjel.com/contact-us,200,1
https://www.gjel.com/fremont/bicycle-accidents,https://www.gjel.com/contact-us/,Free Case Evaluation,boiler-class,False,https://www.gjel.com/contact-us,200,1
https://www.gjel.com/fremont/brain-injuries,https://www.gjel.com/contact-us/,Free Case Evaluation,boiler-class,False,https://www.gjel.com/contact-us,200,1
https://www.gjel.com/fremont/motorcycle-accidents,https://www.gjel.com/contact-us/,Free Case Evaluation,boiler-class,False,https://www.gjel.com/contact-us,200,1
https://www.gjel.com/fremont/scooter-accidents,https://www.gjel.com/contact-us/,Free Case Evaluation,boiler-class,False,https://www.gjel.com/contact-us,200,1
https://www.gjel.com/fremont/truck-accidents,https://www.gjel.com/contact-us/,Free Case Evaluation,boiler-class,False,https://www.gjel.com/contact-us,200,1
https://www.gjel.com/fremont/wrongful-death,https://www.gjel.com/contact-us/,Free Case Evaluation,boiler-class,False,https://www.gjel.com/contact-us,200,1
https://www.gjel.com/fresno,https://www.gjel.com/contact-us/,Free Case Evaluation,boiler-class,False,https://www.gjel.com/contact-us,200,1
https://www.gjel.com/fresno/amputation-lawyers,https://www.gjel.com/contact-us/,Free Case Evaluation,boiler-class,False,https://www.gjel.com/contact-us,200,1
https://www.gjel.com/fresno/bicycle-accidents,https://www.gjel.com/contact-us/,Free Case Evaluation,boiler-class,False,https://www.gjel.com/contact-us,200,1
https://www.gjel.com/fresno/brain-injury-attorneys,https://www.gjel.com/contact-us/,Free Case Evaluation,boiler-class,False,https://www.gjel.com/contact-us,200,1
https://www.gjel.com/fresno/fresno-scooter-accident-lawyers,https://www.gjel.com/contact-us/,Free Case Evaluation,boiler-class,False,https://www.gjel.com/contact-us,200,1
https://www.gjel.com/fresno/fresno-wrongful-death-lawyers,https://www.gjel.com/contact-us/,Free Case Evaluation,boiler-class,False,https://www.gjel.com/contact-us,200,1
https://www.gjel.com/fresno/motorcycle-accident-lawyer,https://www.gjel.com/contact-us/,Free Case Evaluation,boiler-class,False,https://www.gjel.com/contact-us,200,1
https://www.gjel.com/fresno/truck-accidents,https://www.gjel.com/contact-us/,Free Case Evaluation,boiler-class,False,https://www.gjel.com/contact-us,200,1
https://www.gjel.com/gilroy,https://www.gjel.com/contact-us/,Free Case Evaluation,boiler-class,False,https://www.gjel.com/contact-us,200,1
https://www.gjel.com/gilroy/amputation,https://www.gjel.com/contact-us/,Free Case Evaluation,boiler-class,False,https://www.gjel.com/contact-us,200,1
https://www.gjel.com/gilroy/bicycle-accidents,https://www.gjel.com/contact-us/,Free Case Evaluation,boiler-class,False,https://www.gjel.com/contact-us,200,1
https://www.gjel.com/gilroy/brain-injuries,https://www.gjel.com/contact-us/,Free Case Evaluation,boiler-class,False,https://www.gjel.com/contact-us,200,1
https://www.gjel.com/gilroy/motorcycle-accidents,https://www.gjel.com/contact-us/,Free Case Evaluation,boiler-class,False,https://www.gjel.com/contact-us,200,1
https://www.gjel.com/gilroy/scooter-accidents,https://www.gjel.com/contact-us/,Free Case Evaluation,boiler-class,False,https://www.gjel.com/contact-us,200,1
https://www.gjel.com/gilroy/truck-accidents,https://www.gjel.com/contact-us/,Free Case Evaluation,boiler-class,False,https://www.gjel.com/contact-us,200,1
https://www.gjel.com/gilroy/wrongful-death,https://www.gjel.com/contact-us/,Free Case Evaluation,boiler-class,False,https://www.gjel.com/contact-us,200,1
https://www.gjel.com/giveaway,https://www.gjel.com/contact-us/,Free Case Evaluation,boiler-class,False,https://www.gjel.com/contact-us,200,1
https://www.gjel.com/guide-download,https://www.gjel.com/contact-us/,Free Case Evaluation,boiler-class,False,https://www.gjel.com/contact-us,200,1
https://www.gjel.com/hayward,https://www.gjel.com/contact-us/,Free Case Evaluation,boiler-class,False,https://www.gjel.com/contact-us,200,1
https://www.gjel.com/hayward/amputation,https://www.gjel.com/contact-us/,Free Case Evaluation,boiler-class,False,https://www.gjel.com/contact-us,200,1
https://www.gjel.com/hayward/bicycle-accidents,https://www.gjel.com/contact-us/,Free Case Evaluation,boiler-class,False,https://www.gjel.com/contact-us,200,1
https://www.gjel.com/hayward/brain-injuries,https://www.gjel.com/contact-us/,Free Case Evaluation,boiler-class,False,https://www.gjel.com/contact-us,200,1
https://www.gjel.com/hayward/motorcycle-accidents,https://www.gjel.com/contact-us/,Free Case Evaluation,boiler-class,False,https://www.gjel.com/contact-us,200,1
https://www.gjel.com/hayward/scooter-accidents,https://www.gjel.com/contact-us/,Free Case Evaluation,boiler-class,False,https://www.gjel.com/contact-us,200,1
https://www.gjel.com/hayward/truck-accident,https://www.gjel.com/contact-us/,Free Case Evaluation,boiler-class,False,https://www.gjel.com/contact-us,200,1
https://www.gjel.com/hayward/wrongful-death-lawyers,https://www.gjel.com/contact-us/,Free Case Evaluation,boiler-class,False,https://www.gjel.com/contact-us,200,1
https://www.gjel.com/haywards-deadly-tennyson-i880-interchange,https://www.gjel.com/contact-us/,Free Case Evaluation,boiler-class,False,https://www.gjel.com/contact-us,200,1
https://www.gjel.com/history-of-the-firm,https://www.gjel.com/contact-us/,Free Case Evaluation,boiler-class,False,https://www.gjel.com/contact-us,200,1
https://www.gjel.com/how-can-accident-victims-maintain-a-positive-mindset-during-recovery,https://www.gjel.com/contact-us/,Free Case Evaluation,boiler-class,False,https://www.gjel.com/contact-us,200,1
https://www.gjel.com/how-is-fault-determined-in-bicycle-vs-car-accidents,https://www.gjel.com/contact-us/,Free Case Evaluation,boiler-class,False,https://www.gjel.com/contact-us,200,1
https://www.gjel.com/how-long-does-case-take,https://www.gjel.com/contact-us/,Free Case Evaluation,boiler-class,False,https://www.gjel.com/contact-us,200,1
https://www.gjel.com/how-to-file-a-personal-injury-lawsuit-in-california,https://www.gjel.com/contact-us/,Free Case Evaluation,boiler-class,False,https://www.gjel.com/contact-us,200,1
https://www.gjel.com/how-to-find-the-best-personal-injury-lawyer-in-san-jose,https://www.gjel.com/contact-us/,Free Case Evaluation,boiler-class,False,https://www.gjel.com/contact-us,200,1
https://www.gjel.com/injured-in-an-accident-speak-with-an-attorney,https://www.gjel.com/contact-us/,Free Case Evaluation,boiler-class,False,https://www.gjel.com/contact-us,200,1
https://www.gjel.com/is-it-legal-to-cross-the-street-during-a-countdown-signal,https://www.gjel.com/contact-us/,Free Case Evaluation,boiler-class,False,https://www.gjel.com/contact-us,200,1
https://www.gjel.com/jim-larsen,https://www.gjel.com/contact-us/,Free Case Evaluation,boiler-class,False,https://www.gjel.com/contact-us,200,1
https://www.gjel.com/kristin-m-lucey,https://www.gjel.com/contact-us/,Free Case Evaluation,boiler-class,False,https://www.gjel.com/contact-us,200,1
https://www.gjel.com/law-student-scholarship,https://www.gjel.com/contact-us/,Free Case Evaluation,boiler-class,False,https://www.gjel.com/contact-us,200,1
https://www.gjel.com/law-student-scholarship/scholarship-winner,https://www.gjel.com/contact-us/,Free Case Evaluation,boiler-class,False,https://www.gjel.com/contact-us,200,1
https://www.gjel.com/lawyers-cover-airlift-cost,https://www.gjel.com/contact-us/,Free Case Evaluation,boiler-class,False,https://www.gjel.com/contact-us,200,1
https://www.gjel.com/leave-gjel-a-review,https://www.gjel.com/contact-us/,Free Case Evaluation,boiler-class,False,https://www.gjel.com/contact-us,200,1
https://www.gjel.com/legal-ride-bike-crosswalk,https://www.gjel.com/contact-us/,Free Case Evaluation,boiler-class,False,https://www.gjel.com/contact-us,200,1
https://www.gjel.com/locations/piedmont-california-personal-injury-lawyer-named-one-best,https://www.gjel.com/contact-us/,Free Case Evaluation,boiler-class,False,https://www.gjel.com/contact-us,200,1
https://www.gjel.com/locations/redding-personal-injury-attorneys,https://www.gjel.com/contact-us/,Free Case Evaluation,boiler-class,False,https://www.gjel.com/contact-us,200,1
https://www.gjel.com/locations/vacaville-personal-injury-car-accident-lawyers,https://www.gjel.com/contact-us/,Free Case Evaluation,boiler-class,False,https://www.gjel.com/contact-us,200,1
https://www.gjel.com/luke-ellis,https://www.gjel.com/contact-us/,Free Case Evaluation,boiler-class,False,https://www.gjel.com/contact-us,200,1
https://www.gjel.com/luke-ellis/gjel-attorney-luke-ellis-named-to-national-trial-lawyers-top-100,https://www.gjel.com/contact-us/,Free Case Evaluation,boiler-class,False,https://www.gjel.com/contact-us,200,1
https://www.gjel.com/miss-work-due-to-accident-injuries-recover-lost-wages,https://www.gjel.com/contact-us/,Free Case Evaluation,boiler-class,False,https://www.gjel.com/contact-us,200,1
https://www.gjel.com/missing-a-deadline-or-making-a-mistake,https://www.gjel.com/contact-us/,Free Case Evaluation,boiler-class,False,https://www.gjel.com/contact-us,200,1
https://www.gjel.com/mock-trial-scholarship-nomination-page,https://www.gjel.com/contact-us/,Free Case Evaluation,boiler-class,False,https://www.gjel.com/contact-us,200,1
https://www.gjel.com/mocktrial/objections,https://www.gjel.com/contact-us/,Free Case Evaluation,boiler-class,False,https://www.gjel.com/contact-us,200,1
https://www.gjel.com/morgan-hill-personal-injury-lawyer,https://www.gjel.com/contact-us/,Free Case Evaluation,boiler-class,False,https://www.gjel.com/contact-us,200,1
https://www.gjel.com/motorcycle-accident-lawyers/can-i-file-a-lawsuit-for-a-motorcycle-accident-in-california,https://www.gjel.com/contact-us/,Free Case Evaluation,boiler-class,False,https://www.gjel.com/contact-us,200,1
https://www.gjel.com/motorcycle-accident-lawyers/can-i-get-a-free-consultation-on-my-motorcycle-accident-case,https://www.gjel.com/contact-us/,Free Case Evaluation,boiler-class,False,https://www.gjel.com/contact-us,200,1
https://www.gjel.com/motorcycle-accident-lawyers/do-i-need-a-motorcycle-accident-attorney-even-if-i-have-motorcycle-insurance,https://www.gjel.com/contact-us/,Free Case Evaluation,boiler-class,False,https://www.gjel.com/contact-us,200,1
https://www.gjel.com/motorcycle-accident-lawyers/do-i-need-to-hire-an-attorney-for-a-motorcycle-accident-case-in-california,https://www.gjel.com/contact-us/,Free Case Evaluation,boiler-class,False,https://www.gjel.com/contact-us,200,1
https://www.gjel.com/motorcycle-accident-lawyers/how-much-can-i-expect-to-receive-in-damages-for-a-motorcycle-accident-case-in-california,https://www.gjel.com/contact-us/,Free Case Evaluation,boiler-class,False,https://www.gjel.com/contact-us,200,1
https://www.gjel.com/motorcycle-accident-lawyers/motorcycle-accident-faq,https://www.gjel.com/contact-us/,Free Case Evaluation,boiler-class,False,https://www.gjel.com/contact-us,200,1
https://www.gjel.com/motorcycle-accident-lawyers/teen-motorcycle-information,https://www.gjel.com/contact-us/,Free Case Evaluation,boiler-class,False,https://www.gjel.com/contact-us,200,1
https://www.gjel.com/motorcycle-accident-lawyers/types-accidents,https://www.gjel.com/contact-us/,Free Case Evaluation,boiler-class,False,https://www.gjel.com/contact-us,200,1
https://www.gjel.com/motorcycle-accident-lawyers/verdicts-results,https://www.gjel.com/contact-us/,Free Case Evaluation,boiler-class,False,https://www.gjel.com/contact-us,200,1
https://www.gjel.com/motorcycle-accident-lawyers/what-should-you-do-after-a-motorcycle-accident-in-california,https://www.gjel.com/contact-us/,Free Case Evaluation,boiler-class,False,https://www.gjel.com/contact-us,200,1
https://www.gjel.com/motorcycle-accident-lawyers/what-to-do-after-a-motorcycle-accident-in-california,https://www.gjel.com/contact-us/,Free Case Evaluation,boiler-class,False,https://www.gjel.com/contact-us,200,1
https://www.gjel.com/motorist-claims-insurance-up,https://www.gjel.com/contact-us/,Free Case Evaluation,boiler-class,False,https://www.gjel.com/contact-us,200,1
https://www.gjel.com/mountain-view-personal-injury-lawyer,https://www.gjel.com/contact-us/,Free Case Evaluation,boiler-class,False,https://www.gjel.com/contact-us,200,1
https://www.gjel.com/my-role-in-litigation-as-a-plaintiff,https://www.gjel.com/contact-us/,Free Case Evaluation,boiler-class,False,https://www.gjel.com/contact-us,200,1
https://www.gjel.com/news/california-dmv-offices-map,https://www.gjel.com/contact-us/,Free Case Evaluation,boiler-class,False,https://www.gjel.com/contact-us,200,1
https://www.gjel.com/news/lost-wage-calculator,https://www.gjel.com/contact-us/,Free Case Evaluation,boiler-class,False,https://www.gjel.com/contact-us,200,1
https://www.gjel.com/no-minimum-for-personal-injury-settlement,https://www.gjel.com/contact-us/,Free Case Evaluation,boiler-class,False,https://www.gjel.com/contact-us,200,1
https://www.gjel.com/oakland,https://www.gjel.com/contact-us/,Free Case Evaluation,boiler-class,False,https://www.gjel.com/contact-us,200,1
https://www.gjel.com/oakland/bicycle-accident-lawyers,https://www.gjel.com/contact-us/,Free Case Evaluation,boiler-class,False,https://www.gjel.com/contact-us,200,1
https://www.gjel.com/oakland/car-accident/accident-statistics,https://www.gjel.com/contact-us/,Free Case Evaluation,boiler-class,False,https://www.gjel.com/contact-us,200,1
https://www.gjel.com/oakland/motorcycle-accidents,https://www.gjel.com/contact-us/,Free Case Evaluation,boiler-class,False,https://www.gjel.com/contact-us,200,1
https://www.gjel.com/oakland/the-top-5-hospitals-in-oakland-california,https://www.gjel.com/contact-us/,Free Case Evaluation,boiler-class,False,https://www.gjel.com/contact-us,200,1
https://www.gjel.com/oakland/truck-accident-lawyers,https://www.gjel.com/contact-us/,Free Case Evaluation,boiler-class,False,https://www.gjel.com/contact-us,200,1
https://www.gjel.com/oakland/wrongful-death-lawyers,https://www.gjel.com/contact-us/,Free Case Evaluation,boiler-class,False,https://www.gjel.com/contact-us,200,1
https://www.gjel.com/orinda,https://www.gjel.com/contact-us/,Free Case Evaluation,boiler-class,False,https://www.gjel.com/contact-us,200,1
https://www.gjel.com/orinda/amputation,https://www.gjel.com/contact-us/,Free Case Evaluation,boiler-class,False,https://www.gjel.com/contact-us,200,1
https://www.gjel.com/orinda/bicycle-accidents,https://www.gjel.com/contact-us/,Free Case Evaluation,boiler-class,False,https://www.gjel.com/contact-us,200,1
https://www.gjel.com/orinda/brain-injuries,https://www.gjel.com/contact-us/,Free Case Evaluation,boiler-class,False,https://www.gjel.com/contact-us,200,1
https://www.gjel.com/orinda/motorcycle-accidents,https://www.gjel.com/contact-us/,Free Case Evaluation,boiler-class,False,https://www.gjel.com/contact-us,200,1
https://www.gjel.com/orinda/scooter-accidents,https://www.gjel.com/contact-us/,Free Case Evaluation,boiler-class,False,https://www.gjel.com/contact-us,200,1
https://www.gjel.com/orinda/truck-accidents,https://www.gjel.com/contact-us/,Free Case Evaluation,boiler-class,False,https://www.gjel.com/contact-us,200,1
https://www.gjel.com/orinda/wrongful-death,https://www.gjel.com/contact-us/,Free Case Evaluation,boiler-class,False,https://www.gjel.com/contact-us,200,1
https://www.gjel.com/palo-alto-personal-injury-lawyer,https://www.gjel.com/contact-us/,Free Case Evaluation,boiler-class,False,https://www.gjel.com/contact-us,200,1
https://www.gjel.com/pedestrian-accident-lawyers/are-marked-crosswalks-more-dangerous-for-pedestrians,https://www.gjel.com/contact-us/,Free Case Evaluation,boiler-class,False,https://www.gjel.com/contact-us,200,1
https://www.gjel.com/personal-injury-lawsuit-timeline,https://www.gjel.com/contact-us/,Free Case Evaluation,boiler-class,False,https://www.gjel.com/contact-us,200,1
https://www.gjel.com/personal-injury-settlement-calculator,https://www.gjel.com/contact-us/,Free Case Evaluation,boiler-class,False,https://www.gjel.com/contact-us,200,1
https://www.gjel.com/pleasanton,https://www.gjel.com/contact-us/,Free Case Evaluation,boiler-class,False,https://www.gjel.com/contact-us,200,1
https://www.gjel.com/pleasanton/amputation-lawyers,https://www.gjel.com/contact-us/,Free Case Evaluation,boiler-class,False,https://www.gjel.com/contact-us,200,1
https://www.gjel.com/pleasanton/bicycle-accident-lawyers-pleasanton,https://www.gjel.com/contact-us/,Free Case Evaluation,boiler-class,False,https://www.gjel.com/contact-us,200,1
https://www.gjel.com/pleasanton/motorcycle-accident-lawyer-pleasanton,https://www.gjel.com/contact-us/,Free Case Evaluation,boiler-class,False,https://www.gjel.com/contact-us,200,1
https://www.gjel.com/pleasanton/pleasanton-brain-injury-attorney-free-consultations-gjel,https://www.gjel.com/contact-us/,Free Case Evaluation,boiler-class,False,https://www.gjel.com/contact-us,200,1
https://www.gjel.com/pleasanton/scooter-accidents,https://www.gjel.com/contact-us/,Free Case Evaluation,boiler-class,False,https://www.gjel.com/contact-us,200,1
https://www.gjel.com/pleasanton/truck-accident-attorney,https://www.gjel.com/contact-us/,Free Case Evaluation,boiler-class,False,https://www.gjel.com/contact-us,200,1
https://www.gjel.com/pleasanton/wrongful-death-attorneys-pleasanton-ca,https://www.gjel.com/contact-us/,Free Case Evaluation,boiler-class,False,https://www.gjel.com/contact-us,200,1
https://www.gjel.com/privacy-policy,https://www.gjel.com/contact-us/,Free Case Evaluation,boiler-class,False,https://www.gjel.com/contact-us,200,1
https://www.gjel.com/privacy-policy-2,https://www.gjel.com/contact-us/,Free Case Evaluation,boiler-class,False,https://www.gjel.com/contact-us,200,1
https://www.gjel.com/pros-and-cons-of-filing-your-own-personal-injury-claim,https://www.gjel.com/contact-us/,Free Case Evaluation,boiler-class,False,https://www.gjel.com/contact-us,200,1
https://www.gjel.com/questions-i-ask-when-interviewing-lawyer,https://www.gjel.com/contact-us/,Free Case Evaluation,boiler-class,False,https://www.gjel.com/contact-us,200,1
https://www.gjel.com/ralph-l-jacobson,https://www.gjel.com/contact-us/,Free Case Evaluation,boiler-class,False,https://www.gjel.com/contact-us,200,1
https://www.gjel.com/ralph-l-jacobson/employment-gig-economy,https://www.gjel.com/contact-us/,Free Case Evaluation,boiler-class,False,https://www.gjel.com/contact-us,200,1
https://www.gjel.com/reimbursement,https://www.gjel.com/contact-us/,Free Case Evaluation,boiler-class,False,https://www.gjel.com/contact-us,200,1
https://www.gjel.com/richmond,https://www.gjel.com/contact-us/,Free Case Evaluation,boiler-class,False,https://www.gjel.com/contact-us,200,1
https://www.gjel.com/richmond/amputation-lawyers,https://www.gjel.com/contact-us/,Free Case Evaluation,boiler-class,False,https://www.gjel.com/contact-us,200,1
https://www.gjel.com/richmond/bicycle-accident-lawyers,https://www.gjel.com/contact-us/,Free Case Evaluation,boiler-class,False,https://www.gjel.com/contact-us,200,1
https://www.gjel.com/richmond/brain-injury-lawyers,https://www.gjel.com/contact-us/,Free Case Evaluation,boiler-class,False,https://www.gjel.com/contact-us,200,1
https://www.gjel.com/richmond/richmond-scooter-accident-lawyers,https://www.gjel.com/contact-us/,Free Case Evaluation,boiler-class,False,https://www.gjel.com/contact-us,200,1
https://www.gjel.com/richmond/truck-accidents,https://www.gjel.com/contact-us/,Free Case Evaluation,boiler-class,False,https://www.gjel.com/contact-us,200,1
https://www.gjel.com/richmond/wrongful-death-lawyer-richmond-ca,https://www.gjel.com/contact-us/,Free Case Evaluation,boiler-class,False,https://www.gjel.com/contact-us,200,1
https://www.gjel.com/sacramento,https://www.gjel.com/contact-us/,Free Case Evaluation,boiler-class,False,https://www.gjel.com/contact-us,200,1
https://www.gjel.com/sacramento/amputation-injury-lawyers,https://www.gjel.com/contact-us/,Free Case Evaluation,boiler-class,False,https://www.gjel.com/contact-us,200,1
https://www.gjel.com/sacramento/bicycle-accidents,https://www.gjel.com/contact-us/,Free Case Evaluation,boiler-class,False,https://www.gjel.com/contact-us,200,1
https://www.gjel.com/sacramento/brain-injury-lawyers,https://www.gjel.com/contact-us/,Free Case Evaluation,boiler-class,False,https://www.gjel.com/contact-us,200,1
https://www.gjel.com/sacramento/car-accident-statistics,https://www.gjel.com/contact-us/,Free Case Evaluation,boiler-class,False,https://www.gjel.com/contact-us,200,1
https://www.gjel.com/sacramento/electric-scooter-accidents,https://www.gjel.com/contact-us/,Free Case Evaluation,boiler-class,False,https://www.gjel.com/contact-us,200,1
https://www.gjel.com/sacramento/motorcycle-accidents,https://www.gjel.com/contact-us/,Free Case Evaluation,boiler-class,False,https://www.gjel.com/contact-us,200,1
https://www.gjel.com/sacramento/sacramento-wrongful-death-lawyers,https://www.gjel.com/contact-us/,Free Case Evaluation,boiler-class,False,https://www.gjel.com/contact-us,200,1
https://www.gjel.com/sacramento/truck-accident-lawyers,https://www.gjel.com/contact-us/,Free Case Evaluation,boiler-class,False,https://www.gjel.com/contact-us,200,1
https://www.gjel.com/san-francisco,https://www.gjel.com/contact-us/,Free Case Evaluation,boiler-class,False,https://www.gjel.com/contact-us,200,1
https://www.gjel.com/san-francisco/bicycle-accident-lawyers,https://www.gjel.com/contact-us/,Free Case Evaluation,boiler-class,False,https://www.gjel.com/contact-us,200,1
https://www.gjel.com/san-francisco/brain-injury-attorney,https://www.gjel.com/contact-us/,Free Case Evaluation,boiler-class,False,https://www.gjel.com/contact-us,200,1
https://www.gjel.com/san-francisco/electric-scooter-accidents,https://www.gjel.com/contact-us/,Free Case Evaluation,boiler-class,False,https://www.gjel.com/contact-us,200,1
https://www.gjel.com/san-francisco/fatal-car-accidents,https://www.gjel.com/contact-us/,Free Case Evaluation,boiler-class,False,https://www.gjel.com/contact-us,200,1
https://www.gjel.com/san-francisco/motorcycle-accidents,https://www.gjel.com/contact-us/,Free Case Evaluation,boiler-class,False,https://www.gjel.com/contact-us,200,1
https://www.gjel.com/san-francisco/san-francisco-wrongful-death-attorney,https://www.gjel.com/contact-us/,Free Case Evaluation,boiler-class,False,https://www.gjel.com/contact-us,200,1
https://www.gjel.com/san-francisco/san-francisco-wrongful-death-attorney/settlements,https://www.gjel.com/contact-us/,Free Case Evaluation,boiler-class,False,https://www.gjel.com/contact-us,200,1
https://www.gjel.com/san-francisco/truck-accident,https://www.gjel.com/contact-us/,Free Case Evaluation,boiler-class,False,https://www.gjel.com/contact-us,200,1
https://www.gjel.com/san-francisco/what-to-do-after-accidents,https://www.gjel.com/contact-us/,Free Case Evaluation,boiler-class,False,https://www.gjel.com/contact-us,200,1
https://www.gjel.com/san-jose,https://www.gjel.com/contact-us/,Free Case Evaluation,boiler-class,False,https://www.gjel.com/contact-us,200,1
https://www.gjel.com/san-jose/bicycle-accident-lawyers,https://www.gjel.com/contact-us/,Free Case Evaluation,boiler-class,False,https://www.gjel.com/contact-us,200,1
https://www.gjel.com/san-jose/brain-injury-lawyers,https://www.gjel.com/contact-us/,Free Case Evaluation,boiler-class,False,https://www.gjel.com/contact-us,200,1
https://www.gjel.com/san-jose/motorcycle-accident-lawyers,https://www.gjel.com/contact-us/,Free Case Evaluation,boiler-class,False,https://www.gjel.com/contact-us,200,1
https://www.gjel.com/san-jose/truck-accident-lawyer,https://www.gjel.com/contact-us/,Free Case Evaluation,boiler-class,False,https://www.gjel.com/contact-us,200,1
https://www.gjel.com/san-jose/wrongful-death-lawyers,https://www.gjel.com/contact-us/,Free Case Evaluation,boiler-class,False,https://www.gjel.com/contact-us,200,1
https://www.gjel.com/santa-clara-personal-injury-lawyer,https://www.gjel.com/contact-us/,Free Case Evaluation,boiler-class,False,https://www.gjel.com/contact-us,200,1
https://www.gjel.com/santa-rosa,https://www.gjel.com/contact-us/,Free Case Evaluation,boiler-class,False,https://www.gjel.com/contact-us,200,1
https://www.gjel.com/settlements/10-6-million-settlement-death-defective-tire,https://www.gjel.com/contact-us/,Free Case Evaluation,boiler-class,False,https://www.gjel.com/contact-us,200,1
https://www.gjel.com/settlements/contra-costa-wrongful-death,https://www.gjel.com/contact-us/,Free Case Evaluation,boiler-class,False,https://www.gjel.com/contact-us,200,1
https://www.gjel.com/settlements/defective-tire-accident,https://www.gjel.com/contact-us/,Free Case Evaluation,boiler-class,False,https://www.gjel.com/contact-us,200,1
https://www.gjel.com/settlements/explosion,https://www.gjel.com/contact-us/,Free Case Evaluation,boiler-class,False,https://www.gjel.com/contact-us,200,1
https://www.gjel.com/settlements/wrongful-death-child-car-accident,https://www.gjel.com/contact-us/,Free Case Evaluation,boiler-class,False,https://www.gjel.com/contact-us,200,1
https://www.gjel.com/settlements/wrongful-death-settlement,https://www.gjel.com/contact-us/,Free Case Evaluation,boiler-class,False,https://www.gjel.com/contact-us,200,1
https://www.gjel.com/settlements/wrongful-death-settlement-drunk-driving-case,https://www.gjel.com/contact-us/,Free Case Evaluation,boiler-class,False,https://www.gjel.com/contact-us,200,1
https://www.gjel.com/should-ignore-medical-bills,https://www.gjel.com/contact-us/,Free Case Evaluation,boiler-class,False,https://www.gjel.com/contact-us,200,1
https://www.gjel.com/sitemap,https://www.gjel.com/contact-us/,Free Case Evaluation,boiler-class,False,https://www.gjel.com/contact-us,200,1
https://www.gjel.com/sitemap-2,https://www.gjel.com/contact-us/,Free Case Evaluation,boiler-class,False,https://www.gjel.com/contact-us,200,1
https://www.gjel.com/stages-crps,https://www.gjel.com/contact-us/,Free Case Evaluation,boiler-class,False,https://www.gjel.com/contact-us,200,1
https://www.gjel.com/stockton,https://www.gjel.com/contact-us/,Free Case Evaluation,boiler-class,False,https://www.gjel.com/contact-us,200,1
https://www.gjel.com/stockton/amputation-lawyers,https://www.gjel.com/contact-us/,Free Case Evaluation,boiler-class,False,https://www.gjel.com/contact-us,200,1
https://www.gjel.com/stockton/bicycle-accidents,https://www.gjel.com/contact-us/,Free Case Evaluation,boiler-class,False,https://www.gjel.com/contact-us,200,1
https://www.gjel.com/stockton/brain-injuries,https://www.gjel.com/contact-us/,Free Case Evaluation,boiler-class,False,https://www.gjel.com/contact-us,200,1
https://www.gjel.com/stockton/motorcycle-accident-lawyer,https://www.gjel.com/contact-us/,Free Case Evaluation,boiler-class,False,https://www.gjel.com/contact-us,200,1
https://www.gjel.com/stockton/scooter-accidents-stockton,https://www.gjel.com/contact-us/,Free Case Evaluation,boiler-class,False,https://www.gjel.com/contact-us,200,1
https://www.gjel.com/stockton/stockton-car-accident-attorneys/dangerous-roads-in-stockton,https://www.gjel.com/contact-us/,Free Case Evaluation,boiler-class,False,https://www.gjel.com/contact-us,200,1
https://www.gjel.com/stockton/truck-accidents,https://www.gjel.com/contact-us/,Free Case Evaluation,boiler-class,False,https://www.gjel.com/contact-us,200,1
https://www.gjel.com/stockton/wrongful-death-attorneys,https://www.gjel.com/contact-us/,Free Case Evaluation,boiler-class,False,https://www.gjel.com/contact-us,200,1
https://www.gjel.com/sunnyvale-personal-injury-lawyer,https://www.gjel.com/contact-us/,Free Case Evaluation,boiler-class,False,https://www.gjel.com/contact-us,200,1
https://www.gjel.com/talk-to-a-lawyer,https://www.gjel.com/contact-us/,Free Case Evaluation,boiler-class,False,https://www.gjel.com/contact-us,200,1
https://www.gjel.com/talk-to-an-attorney,https://www.gjel.com/contact-us/,Free Case Evaluation,boiler-class,False,https://www.gjel.com/contact-us,200,1
https://www.gjel.com/teen-brain-development,https://www.gjel.com/contact-us/,Free Case Evaluation,boiler-class,False,https://www.gjel.com/contact-us,200,1
https://www.gjel.com/testimonials-reviews,https://www.gjel.com/contact-us/,Free Case Evaluation,boiler-class,False,https://www.gjel.com/contact-us,200,1
https://www.gjel.com/the-most-prolonged-road-to-recovery-understanding-injuries-that-take-the-longest-to-heal,https://www.gjel.com/contact-us/,Free Case Evaluation,boiler-class,False,https://www.gjel.com/contact-us,200,1
https://www.gjel.com/tips-for-hiring-a-personal-injury-lawyers-from-actual-injury-attorneys,https://www.gjel.com/contact-us/,Free Case Evaluation,boiler-class,False,https://www.gjel.com/contact-us,200,1
https://www.gjel.com/top-causes-car-accidents,https://www.gjel.com/contact-us/,Free Case Evaluation,boiler-class,False,https://www.gjel.com/contact-us,200,1
https://www.gjel.com/truck-accident-lawyers/can-i-still-file-a-lawsuit-if-the-truck-driver-or-trucking-company-is-from-another-state,https://www.gjel.com/contact-us/,Free Case Evaluation,boiler-class,False,https://www.gjel.com/contact-us,200,1
https://www.gjel.com/truck-accident-lawyers/the-benefits-of-hiring-a-truck-accident-attorney-a-message-from-andy-gillin,https://www.gjel.com/contact-us/,Free Case Evaluation,boiler-class,False,https://www.gjel.com/contact-us,200,1
https://www.gjel.com/truck-accident-lawyers/tips-avoid-rollovers,https://www.gjel.com/contact-us/,Free Case Evaluation,boiler-class,False,https://www.gjel.com/contact-us,200,1
https://www.gjel.com/truck-accident-lawyers/truck-driver-fatigue,https://www.gjel.com/contact-us/,Free Case Evaluation,boiler-class,False,https://www.gjel.com/contact-us,200,1
https://www.gjel.com/truck-accident-lawyers/what-are-the-main-responsibilities-of-a-semi-truck-crash-accident-attorney,https://www.gjel.com/contact-us/,Free Case Evaluation,boiler-class,False,https://www.gjel.com/contact-us,200,1
https://www.gjel.com/truck-accident-lawyers/what-causes-trucks-to-jackknife,https://www.gjel.com/contact-us/,Free Case Evaluation,boiler-class,False,https://www.gjel.com/contact-us,200,1
https://www.gjel.com/truck-accident-lawyers/what-is-an-underride-crash,https://www.gjel.com/contact-us/,Free Case Evaluation,boiler-class,False,https://www.gjel.com/contact-us,200,1
https://www.gjel.com/truck-accident-lawyers/when-to-hire-a-truck-accident-attorney-what-you-need-to-know,https://www.gjel.com/contact-us/,Free Case Evaluation,boiler-class,False,https://www.gjel.com/contact-us,200,1
https://www.gjel.com/uncovering-the-truth-why-insurance-companies-often-try-to-minimize-payouts,https://www.gjel.com/contact-us/,Free Case Evaluation,boiler-class,False,https://www.gjel.com/contact-us,200,1
https://www.gjel.com/uninsured-motorist-lawyers,https://www.gjel.com/contact-us/,Free Case Evaluation,boiler-class,False,https://www.gjel.com/contact-us,200,1
https://www.gjel.com/verdicts-results/motorcycle-accident-settlement-2,https://www.gjel.com/contact-us/,Free Case Evaluation,boiler-class,False,https://www.gjel.com/contact-us,200,1
https://www.gjel.com/verdicts-settlements,https://www.gjel.com/contact-us/,Free Case Evaluation,boiler-class,False,https://www.gjel.com/contact-us,200,1
https://www.gjel.com/verdicts/20-452-million-against-ac-transit,https://www.gjel.com/contact-us/,Free Case Evaluation,boiler-class,False,https://www.gjel.com/contact-us,200,1
https://www.gjel.com/verdicts/300000-settlement-for-car-accident-in-oakland,https://www.gjel.com/contact-us/,Free Case Evaluation,boiler-class,False,https://www.gjel.com/contact-us,200,1
https://www.gjel.com/verdicts/albany-bicycle-accident-settlement,https://www.gjel.com/contact-us/,Free Case Evaluation,boiler-class,False,https://www.gjel.com/contact-us,200,1
https://www.gjel.com/verdicts/auto-vs-bicycle-accident-settlement-in-brentwood,https://www.gjel.com/contact-us/,Free Case Evaluation,boiler-class,False,https://www.gjel.com/contact-us,200,1
https://www.gjel.com/verdicts/crps-work-injury,https://www.gjel.com/contact-us/,Free Case Evaluation,boiler-class,False,https://www.gjel.com/contact-us,200,1
https://www.gjel.com/verdicts/jail-injury-lawsuit-verdict-1-7-million-dollars-against-the-city-of-richmond,https://www.gjel.com/contact-us/,Free Case Evaluation,boiler-class,False,https://www.gjel.com/contact-us,200,1
https://www.gjel.com/verdicts/motorcycle-accident-in-san-leandro,https://www.gjel.com/contact-us/,Free Case Evaluation,boiler-class,False,https://www.gjel.com/contact-us,200,1
https://www.gjel.com/verdicts/pedestrian-accident-attorney-richmond-settlement,https://www.gjel.com/contact-us/,Free Case Evaluation,boiler-class,False,https://www.gjel.com/contact-us,200,1
https://www.gjel.com/verdicts/tenet1,https://www.gjel.com/contact-us/,Free Case Evaluation,boiler-class,False,https://www.gjel.com/contact-us,200,1
https://www.gjel.com/verdicts/two-vehicle-rear-end-collision-settlement,https://www.gjel.com/contact-us/,Free Case Evaluation,boiler-class,False,https://www.gjel.com/contact-us,200,1
https://www.gjel.com/verdicts/wrongful-death-motorcycle-accident-settlement-6-2-million,https://www.gjel.com/contact-us/,Free Case Evaluation,boiler-class,False,https://www.gjel.com/contact-us,200,1
https://www.gjel.com/walnut-creek,https://www.gjel.com/contact-us/,Free Case Evaluation,boiler-class,False,https://www.gjel.com/contact-us,200,1
https://www.gjel.com/walnut-creek/amputation-lawyers-walnut-creek-gjel-attorneys,https://www.gjel.com/contact-us/,Free Case Evaluation,boiler-class,False,https://www.gjel.com/contact-us,200,1
https://www.gjel.com/walnut-creek/bicycle-accidents,https://www.gjel.com/contact-us/,Free Case Evaluation,boiler-class,False,https://www.gjel.com/contact-us,200,1
https://www.gjel.com/walnut-creek/brain-injury-lawyers,https://www.gjel.com/contact-us/,Free Case Evaluation,boiler-class,False,https://www.gjel.com/contact-us,200,1
https://www.gjel.com/walnut-creek/motorcycle-accidents,https://www.gjel.com/contact-us/,Free Case Evaluation,boiler-class,False,https://www.gjel.com/contact-us,200,1
https://www.gjel.com/walnut-creek/scooter-accidents,https://www.gjel.com/contact-us/,Free Case Evaluation,boiler-class,False,https://www.gjel.com/contact-us,200,1
https://www.gjel.com/walnut-creek/truck-accidents,https://www.gjel.com/contact-us/,Free Case Evaluation,boiler-class,False,https://www.gjel.com/contact-us,200,1
https://www.gjel.com/walnut-creek/wrongful-death-attorneys,https://www.gjel.com/contact-us/,Free Case Evaluation,boiler-class,False,https://www.gjel.com/contact-us,200,1
https://www.gjel.com/what-happens-if-i-lose-my-job-as-a-result-of-my-accident-injuries,https://www.gjel.com/contact-us/,Free Case Evaluation,boiler-class,False,https://www.gjel.com/contact-us,200,1
https://www.gjel.com/what-if-i-was-in-a-bike-accident-and-wasnt-wearing-a-helmet,https://www.gjel.com/contact-us/,Free Case Evaluation,boiler-class,False,https://www.gjel.com/contact-us,200,1
https://www.gjel.com/what-is-the-difference-between-mediation-and-arbitration,https://www.gjel.com/contact-us/,Free Case Evaluation,boiler-class,False,https://www.gjel.com/contact-us,200,1
https://www.gjel.com/why-californians-shouldnt-wait-to-talk-to-a-personal-injury-attorney-after-an-accident,https://www.gjel.com/contact-us/,Free Case Evaluation,boiler-class,False,https://www.gjel.com/contact-us,200,1
https://www.gjel.com/will-hiring-a-personal-injury-attorney-increase-the-value-of-my-case,https://www.gjel.com/contact-us/,Free Case Evaluation,boiler-class,False,https://www.gjel.com/contact-us,200,1
https://www.gjel.com/will-i-pay-taxes-on-recovery,https://www.gjel.com/contact-us/,Free Case Evaluation,boiler-class,False,https://www.gjel.com/contact-us,200,1
https://www.gjel.com/will-my-lost-wages-be-fully-covered-in-a-personal-injury-settlement,https://www.gjel.com/contact-us/,Free Case Evaluation,boiler-class,False,https://www.gjel.com/contact-us,200,1
https://www.gjel.com/winning-car-accident-results/1-1-million-auto-accident-settlement,https://www.gjel.com/contact-us/,Free Case Evaluation,boiler-class,False,https://www.gjel.com/contact-us,200,1
https://www.gjel.com/winning-car-accident-results/200k-recovery-for-honda-car-accident,https://www.gjel.com/contact-us/,Free Case Evaluation,boiler-class,False,https://www.gjel.com/contact-us,200,1
https://www.gjel.com/winning-car-accident-results/bicycle-accident-settlement,https://www.gjel.com/contact-us/,Free Case Evaluation,boiler-class,False,https://www.gjel.com/contact-us,200,1
https://www.gjel.com/winning-car-accident-results/caltrans-accident,https://www.gjel.com/contact-us/,Free Case Evaluation,boiler-class,False,https://www.gjel.com/contact-us,200,1
https://www.gjel.com/winning-car-accident-results/car-accident-with-traumatic-brain-injury-settlement,https://www.gjel.com/contact-us/,Free Case Evaluation,boiler-class,False,https://www.gjel.com/contact-us,200,1
https://www.gjel.com/winning-car-accident-results/classic-car-rear-end-accident,https://www.gjel.com/contact-us/,Free Case Evaluation,boiler-class,False,https://www.gjel.com/contact-us,200,1
https://www.gjel.com/winning-car-accident-results/drunk-driving-accident-500k-settlement,https://www.gjel.com/contact-us/,Free Case Evaluation,boiler-class,False,https://www.gjel.com/contact-us,200,1
https://www.gjel.com/winning-car-accident-results/family-awarded-wrongful-death-settlement-dublin,https://www.gjel.com/contact-us/,Free Case Evaluation,boiler-class,False,https://www.gjel.com/contact-us,200,1
https://www.gjel.com/winning-car-accident-results/golden-gate-park-pedestrian-accident,https://www.gjel.com/contact-us/,Free Case Evaluation,boiler-class,False,https://www.gjel.com/contact-us,200,1
https://www.gjel.com/winning-car-accident-results/husband-and-wife-awarded-insurance-policy-limits,https://www.gjel.com/contact-us/,Free Case Evaluation,boiler-class,False,https://www.gjel.com/contact-us,200,1
https://www.gjel.com/winning-car-accident-results/post-concussion-syndrome,https://www.gjel.com/contact-us/,Free Case Evaluation,boiler-class,False,https://www.gjel.com/contact-us,200,1
https://www.gjel.com/winning-car-accident-results/rush-hour-traffic-accident-1m-settlement-gjel,https://www.gjel.com/contact-us/,Free Case Evaluation,boiler-class,False,https://www.gjel.com/contact-us,200,1
https://www.gjel.com/winning-car-accident-results/traumatic-brain-injury-and-spinal-cord-injury-settlement,https://www.gjel.com/contact-us/,Free Case Evaluation,boiler-class,False,https://www.gjel.com/contact-us,200,1
https://www.gjel.com/write-for-us,https://www.gjel.com/contact-us/,Free Case Evaluation,boiler-class,False,https://www.gjel.com/contact-us,200,1
https://www.gjel.com/wrongful-death-lawyers/10-essential-questions-to-ask-when-choosing-a-wrongful-death-attorney-to-represent-your-loved-ones-case,https://www.gjel.com/contact-us/,Free Case Evaluation,boiler-class,False,https://www.gjel.com/contact-us,200,1
https://www.gjel.com/wrongful-death-lawyers/are-taxes-owed-on-a-wrongful-death-settlement-in-california,https://www.gjel.com/contact-us/,Free Case Evaluation,boiler-class,False,https://www.gjel.com/contact-us,200,1
https://www.gjel.com/wrongful-death-lawyers/best-wrongful-death-lawyers,https://www.gjel.com/contact-us/,Free Case Evaluation,boiler-class,False,https://www.gjel.com/contact-us,200,1
https://www.gjel.com/wrongful-death-lawyers/can-i-bring-a-wrongful-death-action-if-the-deceased-never-held-a-job,https://www.gjel.com/contact-us/,Free Case Evaluation,boiler-class,False,https://www.gjel.com/contact-us,200,1
https://www.gjel.com/wrongful-death-lawyers/can-you-sue-uber-for-injuries-or-wrongful-death-heres-what-you-need-to-know,https://www.gjel.com/contact-us/,Free Case Evaluation,boiler-class,False,https://www.gjel.com/contact-us,200,1
https://www.gjel.com/wrongful-death-lawyers/chances-winning,https://www.gjel.com/contact-us/,Free Case Evaluation,boiler-class,False,https://www.gjel.com/contact-us,200,1
https://www.gjel.com/wrongful-death-lawyers/contra-costa-wrongful-death-case,https://www.gjel.com/contact-us/,Free Case Evaluation,boiler-class,False,https://www.gjel.com/contact-us,200,1
https://www.gjel.com/wrongful-death-lawyers/do-california-courts-undervalue-life-in-wrongful-death-lawsuits,https://www.gjel.com/contact-us/,Free Case Evaluation,boiler-class,False,https://www.gjel.com/contact-us,200,1
https://www.gjel.com/wrongful-death-lawyers/faq-wrongful-death-cases,https://www.gjel.com/contact-us/,Free Case Evaluation,boiler-class,False,https://www.gjel.com/contact-us,200,1
https://www.gjel.com/wrongful-death-lawyers/find-the-right-los-angeles-wrongful-death-attorney-for-your-case,https://www.gjel.com/contact-us/,Free Case Evaluation,boiler-class,False,https://www.gjel.com/contact-us,200,1
https://www.gjel.com/wrongful-death-lawyers/how-a-wrongful-death-lawsuit-works,https://www.gjel.com/contact-us/,Free Case Evaluation,boiler-class,False,https://www.gjel.com/contact-us,200,1
https://www.gjel.com/wrongful-death-lawyers/how-is-compensation-divided,https://www.gjel.com/contact-us/,Free Case Evaluation,boiler-class,False,https://www.gjel.com/contact-us,200,1
https://www.gjel.com/wrongful-death-lawyers/how-paid-out,https://www.gjel.com/contact-us/,Free Case Evaluation,boiler-class,False,https://www.gjel.com/contact-us,200,1
https://www.gjel.com/wrongful-death-lawyers/krouse-vs-graham,https://www.gjel.com/contact-us/,Free Case Evaluation,boiler-class,False,https://www.gjel.com/contact-us,200,1
https://www.gjel.com/wrongful-death-lawyers/navigating-grief-and-loss-after-a-loved-ones-fatal-car-accident,https://www.gjel.com/contact-us/,Free Case Evaluation,boiler-class,False,https://www.gjel.com/contact-us,200,1
https://www.gjel.com/wrongful-death-lawyers/plaintiffs-problems-wrongful-death-cases,https://www.gjel.com/contact-us/,Free Case Evaluation,boiler-class,False,https://www.gjel.com/contact-us,200,1
https://www.gjel.com/wrongful-death-lawyers/proving-case,https://www.gjel.com/contact-us/,Free Case Evaluation,boiler-class,False,https://www.gjel.com/contact-us,200,1
https://www.gjel.com/wrongful-death-lawyers/recoverable-damages,https://www.gjel.com/contact-us/,Free Case Evaluation,boiler-class,False,https://www.gjel.com/contact-us,200,1
https://www.gjel.com/wrongful-death-lawyers/settlements,https://www.gjel.com/contact-us/,Free Case Evaluation,boiler-class,False,https://www.gjel.com/contact-us,200,1
https://www.gjel.com/wrongful-death-lawyers/should-i-hire-a-wrongful-death-lawyer-near-me,https://www.gjel.com/contact-us/,Free Case Evaluation,boiler-class,False,https://www.gjel.com/contact-us,200,1
https://www.gjel.com/wrongful-death-lawyers/status-of-stepchildren-under-californias-wrongful-death-statute,https://www.gjel.com/contact-us/,Free Case Evaluation,boiler-class,False,https://www.gjel.com/contact-us,200,1
https://www.gjel.com/wrongful-death-lawyers/statute-limitations-california,https://www.gjel.com/contact-us/,Free Case Evaluation,boiler-class,False,https://www.gjel.com/contact-us,200,1
https://www.gjel.com/wrongful-death-lawyers/sue-not-sue-wrongful-death,https://www.gjel.com/contact-us/,Free Case Evaluation,boiler-class,False,https://www.gjel.com/contact-us,200,1
https://www.gjel.com/wrongful-death-lawyers/the-2021-amendments-to-code-civ-proc-377-34-what-they-mean-to-plaintiffs,https://www.gjel.com/contact-us/,Free Case Evaluation,boiler-class,False,https://www.gjel.com/contact-us,200,1
https://www.gjel.com/wrongful-death-lawyers/the-elements-of-a-successful-california-wrongful-death-claim,https://www.gjel.com/contact-us/,Free Case Evaluation,boiler-class,False,https://www.gjel.com/contact-us,200,1
https://www.gjel.com/wrongful-death-lawyers/the-leading-causes-of-wrongful-death,https://www.gjel.com/contact-us/,Free Case Evaluation,boiler-class,False,https://www.gjel.com/contact-us,200,1
https://www.gjel.com/wrongful-death-lawyers/the-role-of-expert-witnesses,https://www.gjel.com/contact-us/,Free Case Evaluation,boiler-class,False,https://www.gjel.com/contact-us,200,1
https://www.gjel.com/wrongful-death-lawyers/the-significance-of-the-statute-of-limitations-in-wrongful-death-cases-and-why-its-important-to-act-quickly,https://www.gjel.com/contact-us/,Free Case Evaluation,boiler-class,False,https://www.gjel.com/contact-us,200,1
https://www.gjel.com/wrongful-death-lawyers/understanding-damages,https://www.gjel.com/contact-us/,Free Case Evaluation,boiler-class,False,https://www.gjel.com/contact-us,200,1
https://www.gjel.com/wrongful-death-lawyers/understanding-wrongful-death-claim-california,https://www.gjel.com/contact-us/,Free Case Evaluation,boiler-class,False,https://www.gjel.com/contact-us,200,1
https://www.gjel.com/wrongful-death-lawyers/what-kind-of-lawyer-handles-wrongful-death-cases,https://www.gjel.com/contact-us/,Free Case Evaluation,boiler-class,False,https://www.gjel.com/contact-us,200,1
https://www.gjel.com/wrongful-death-lawyers/whats-the-difference-between-personal-injury-wrongful-death-cases,https://www.gjel.com/contact-us/,Free Case Evaluation,boiler-class,False,https://www.gjel.com/contact-us,200,1
https://www.gjel.com/wrongful-death-lawyers/who-can-file-a-wrongful-death-lawsuit-in-california,https://www.gjel.com/contact-us/,Free Case Evaluation,boiler-class,False,https://www.gjel.com/contact-us,200,1
https://www.gjel.com/wrongful-death-lawyers/will-i-need-to-go-to-court-if-i-file-a-wrongful-death-lawsuit-in-california,https://www.gjel.com/contact-us/,Free Case Evaluation,boiler-class,False,https://www.gjel.com/contact-us,200,1
https://www.gjel.com/wrongful-death-lawyers/wrongful-death-attorney-fees,https://www.gjel.com/contact-us/,Free Case Evaluation,boiler-class,False,https://www.gjel.com/contact-us,200,1
https://www.gjel.com/wrongful-death-lawyers/wrongful-death-claims-presented-by-dependent-parents-or-stepchildren,https://www.gjel.com/contact-us/,Free Case Evaluation,boiler-class,False,https://www.gjel.com/contact-us,200,1
https://www.gjel.com/wrongful-death-lawyers/wrongful-death-recovery-divorced-parents,https://www.gjel.com/contact-us/,Free Case Evaluation,boiler-class,False,https://www.gjel.com/contact-us,200,1
https://www.gjel.com/wrongful-death-lawyers/wrongful-death-settlement-calculator-how-to-estimate-compensation,https://www.gjel.com/contact-us/,Free Case Evaluation,boiler-class,False,https://www.gjel.com/contact-us,200,1
https://www.gjel.com/wrongful-death-lawyers/wrongful-death-v-survival-actions-in-california,https://www.gjel.com/contact-us/,Free Case Evaluation,boiler-class,False,https://www.gjel.com/contact-us,200,1
https://www.gjel.com/wrongful-death-lawyers/wrongful-death-vs-manslaughter-understanding-the-difference,https://www.gjel.com/contact-us/,Free Case Evaluation,boiler-class,False,https://www.gjel.com/contact-us,200,1
https://www.gjel.com/wrongful-death-settlement-santa-clara-county,https://www.gjel.com/contact-us/,Free Case Evaluation,boiler-class,False,https://www.gjel.com/contact-us,200,1
https://www.gjel.com/archives/fatal-pedestrian-accident-safety-concerns,https://www.gjel.com/four-critical-signs-your-injury-may-be-severe-when-to-seek-immediate-medical-care,When emergency responders,boiler-class,False,https://www.gjel.com/recognize-signs-of-severe-injury-after-accident,200,1
https://www.gjel.com/archives/fatal-rollover-crash-one-dead-others-injured,https://www.gjel.com/four-critical-signs-your-injury-may-be-severe-when-to-seek-immediate-medical-care,First responders faced challenging conditions,boiler-class,False,https://www.gjel.com/recognize-signs-of-severe-injury-after-accident,200,1
https://www.gjel.com/archives/fatal-semi-truck-collision-claims-life-of-driver,https://www.gjel.com/four-critical-signs-your-injury-may-be-severe-when-to-seek-immediate-medical-care,accident’s severity,boiler-class,False,https://www.gjel.com/recognize-signs-of-severe-injury-after-accident,200,1
https://www.gjel.com/archives/fatal-workplace-accident-at-construction-site,https://www.gjel.com/four-critical-signs-your-injury-may-be-severe-when-to-seek-immediate-medical-care,Emergency responders,boiler-class,False,https://www.gjel.com/recognize-signs-of-severe-injury-after-accident,200,1
https://www.gjel.com/archives/fresno-county-propane-truck-rollover-crash,https://www.gjel.com/four-critical-signs-your-injury-may-be-severe-when-to-seek-immediate-medical-care,Emergency responders quickly secured the scene,boiler-class,False,https://www.gjel.com/recognize-signs-of-severe-injury-after-accident,200,1
https://www.gjel.com/archives/major-injury-crash-on-i-80-in-fairfield,https://www.gjel.com/four-critical-signs-your-injury-may-be-severe-when-to-seek-immediate-medical-care,Emergency medical personnel provided immediate treatment,boiler-class,False,https://www.gjel.com/recognize-signs-of-severe-injury-after-accident,200,1
https://www.gjel.com/archives/multi-vehicle-collision-causes-extensive-delays,https://www.gjel.com/four-critical-signs-your-injury-may-be-severe-when-to-seek-immediate-medical-care,Emergency responders faced the complex challenge of managing both medical care,boiler-class,False,https://www.gjel.com/recognize-signs-of-severe-injury-after-accident,200,1
https://www.gjel.com/archives/napa-construction-zone-accident-leaves-man-hospitalized,https://www.gjel.com/four-critical-signs-your-injury-may-be-severe-when-to-seek-immediate-medical-care,Emergency responders quickly arrived at the scene to provide medical assistance,boiler-class,False,https://www.gjel.com/recognize-signs-of-severe-injury-after-accident,200,1
https://www.gjel.com/archives/semi-truck-collision-leaves-two-with-major-injuries,https://www.gjel.com/four-critical-signs-your-injury-may-be-severe-when-to-seek-immediate-medical-care,Emergency medical services,boiler-class,False,https://www.gjel.com/recognize-signs-of-severe-injury-after-accident,200,1
https://www.gjel.com/archives/tracy-traffic-collision-leaves-four-people-injured,https://www.gjel.com/four-critical-signs-your-injury-may-be-severe-when-to-seek-immediate-medical-care,Even when injuries appear minor initially,boiler-class,False,https://www.gjel.com/recognize-signs-of-severe-injury-after-accident,200,1
https://www.gjel.com/archives/two-vehicle-crash-injures-one-in-oakland,https://www.gjel.com/four-critical-signs-your-injury-may-be-severe-when-to-seek-immediate-medical-care,Seeking prompt medical attention,boiler-class,False,https://www.gjel.com/recognize-signs-of-severe-injury-after-accident,200,1
https://www.gjel.com/archives/woodland-california-bicycle-accident,https://www.gjel.com/four-critical-signs-your-injury-may-be-severe-when-to-seek-immediate-medical-care,Emergency responders,boiler-class,False,https://www.gjel.com/recognize-signs-of-severe-injury-after-accident,200,1
https://www.gjel.com/archives/young-cyclist-hospitalized-in-a-bicycle-accident,https://www.gjel.com/four-critical-signs-your-injury-may-be-severe-when-to-seek-immediate-medical-care,Due to the severity of his injuries,boiler-class,False,https://www.gjel.com/recognize-signs-of-severe-injury-after-accident,200,1
https://www.gjel.com/blog/antioch-woman-killed-ejected-single-vehicle-crash,https://www.gjel.com/four-critical-signs-your-injury-may-be-severe-when-to-seek-immediate-medical-care,Being thrown from a vehicle is one of the most lethal outcomes in any crash,boiler-class,False,https://www.gjel.com/recognize-signs-of-severe-injury-after-accident,200,1
https://www.gjel.com/blog/bicycle-accident-bicyclist-seriously-injured,https://www.gjel.com/four-critical-signs-your-injury-may-be-severe-when-to-seek-immediate-medical-care,Seek immediate medical attention even if injuries do not feel severe at first,boiler-class,False,https://www.gjel.com/recognize-signs-of-severe-injury-after-accident,200,1
https://www.gjel.com/blog/driver-killed-in-christmas-eve-single-vehicle-crash,https://www.gjel.com/four-critical-signs-your-injury-may-be-severe-when-to-seek-immediate-medical-care,the severity of the driver’s injuries proved fatal,boiler-class,False,https://www.gjel.com/recognize-signs-of-severe-injury-after-accident,200,1
https://www.gjel.com/blog/dui-driver-causes-multi-vehicle-rollover-crash,https://www.gjel.com/four-critical-signs-your-injury-may-be-severe-when-to-seek-immediate-medical-care,"the driver herself, were ejected from the GMC during the rollover.",boiler-class,False,https://www.gjel.com/recognize-signs-of-severe-injury-after-accident,200,1
https://www.gjel.com/blog/fatal-crash-multi-vehicle-crash-kills-one,https://www.gjel.com/four-critical-signs-your-injury-may-be-severe-when-to-seek-immediate-medical-care,Some injuries have delayed symptoms that don’t appear until hours or days after a crash.,boiler-class,False,https://www.gjel.com/recognize-signs-of-severe-injury-after-accident,200,1
https://www.gjel.com/blog/fatal-head-on-collision-claims-one-life-2,https://www.gjel.com/four-critical-signs-your-injury-may-be-severe-when-to-seek-immediate-medical-care,Seek a comprehensive medical evaluation,boiler-class,False,https://www.gjel.com/recognize-signs-of-severe-injury-after-accident,200,1
https://www.gjel.com/blog/fatal-highway-crash-claims-drivers-life,https://www.gjel.com/four-critical-signs-your-injury-may-be-severe-when-to-seek-immediate-medical-care,Emergency medical personnel arrived at the scene and administered lifesaving measures,boiler-class,False,https://www.gjel.com/recognize-signs-of-severe-injury-after-accident,200,1
https://www.gjel.com/blog/fatal-motorcycle-accident-claims-one-life,https://www.gjel.com/four-critical-signs-your-injury-may-be-severe-when-to-seek-immediate-medical-care,The severity of the crash prompted a significant emergency response,boiler-class,False,https://www.gjel.com/recognize-signs-of-severe-injury-after-accident,200,1
https://www.gjel.com/blog/fatal-rollover-collision-in-livermore,https://www.gjel.com/four-critical-signs-your-injury-may-be-severe-when-to-seek-immediate-medical-care,For the individual who was hospitalized after being struck head-on,boiler-class,False,https://www.gjel.com/recognize-signs-of-severe-injury-after-accident,200,1
https://www.gjel.com/blog/fatal-semi-truck-crash-claims-life,https://www.gjel.com/four-critical-signs-your-injury-may-be-severe-when-to-seek-immediate-medical-care,"The force of the impact was severe enough to result in at least one fatality,",boiler-class,False,https://www.gjel.com/recognize-signs-of-severe-injury-after-accident,200,1
https://www.gjel.com/blog/fatal-traffic-accident-understanding-your-rights,https://www.gjel.com/four-critical-signs-your-injury-may-be-severe-when-to-seek-immediate-medical-care,your injuries deserve recognition and compensation,boiler-class,False,https://www.gjel.com/recognize-signs-of-severe-injury-after-accident,200,1
https://www.gjel.com/blog/fatal-two-vehicle-collision-in-stockton-leaves-one-dead-another-injured,https://www.gjel.com/four-critical-signs-your-injury-may-be-severe-when-to-seek-immediate-medical-care,suffered serious injuries in a traffic accident,boiler-class,False,https://www.gjel.com/recognize-signs-of-severe-injury-after-accident,200,1
https://www.gjel.com/blog/fatal-two-vehicle-crash-in-morgan-hill-claims-one-life,https://www.gjel.com/four-critical-signs-your-injury-may-be-severe-when-to-seek-immediate-medical-care,"Even if you don’t feel seriously injured, get evaluated",boiler-class,False,https://www.gjel.com/recognize-signs-of-severe-injury-after-accident,200,1
https://www.gjel.com/blog/granite-bay-head-on-collision-blocks-traffic,https://www.gjel.com/four-critical-signs-your-injury-may-be-severe-when-to-seek-immediate-medical-care,Even when injuries are not immediately apparent,boiler-class,False,https://www.gjel.com/recognize-signs-of-severe-injury-after-accident,200,1
https://www.gjel.com/blog/high-speed-crash-leaves-driver-in-critical-condition,https://www.gjel.com/four-critical-signs-your-injury-may-be-severe-when-to-seek-immediate-medical-care,While the occupants of the second vehicle were fortunate to escape without apparent injury,boiler-class,False,https://www.gjel.com/recognize-signs-of-severe-injury-after-accident,200,1
https://www.gjel.com/blog/hit-and-run-crash-on-highway-70-at-palermo-road,https://www.gjel.com/four-critical-signs-your-injury-may-be-severe-when-to-seek-immediate-medical-care,Victims injured in traffic collisions,boiler-class,False,https://www.gjel.com/recognize-signs-of-severe-injury-after-accident,200,1
https://www.gjel.com/blog/impaired-driver-causes-crash-injuring-pregnant-woman,https://www.gjel.com/four-critical-signs-your-injury-may-be-severe-when-to-seek-immediate-medical-care,Even if you don’t believe you’re seriously injured,boiler-class,False,https://www.gjel.com/recognize-signs-of-severe-injury-after-accident,200,1
https://www.gjel.com/blog/injury-accident-at-east-laurel-drive-and-linwood-drive-in-salinas,https://www.gjel.com/four-critical-signs-your-injury-may-be-severe-when-to-seek-immediate-medical-care,injury accident,boiler-class,False,https://www.gjel.com/recognize-signs-of-severe-injury-after-accident,200,1
https://www.gjel.com/blog/injury-reported-after-multi-vehicle-collision,https://www.gjel.com/four-critical-signs-your-injury-may-be-severe-when-to-seek-immediate-medical-care,If you were involved in this crash and have not yet sought medical evaluation,boiler-class,False,https://www.gjel.com/recognize-signs-of-severe-injury-after-accident,200,1
https://www.gjel.com/blog/major-injury-crash-leaves-multiple-victims-injured,https://www.gjel.com/four-critical-signs-your-injury-may-be-severe-when-to-seek-immediate-medical-care,Emergency responders,boiler-class,False,https://www.gjel.com/recognize-signs-of-severe-injury-after-accident,200,1
https://www.gjel.com/blog/major-injury-crash-school-bus-collision-in-fresno,https://www.gjel.com/four-critical-signs-your-injury-may-be-severe-when-to-seek-immediate-medical-care,If the crash resulted in catastrophic injuries,boiler-class,False,https://www.gjel.com/recognize-signs-of-severe-injury-after-accident,200,1
https://www.gjel.com/blog/major-injury-rollover-crash-leaves-two-injured,https://www.gjel.com/four-critical-signs-your-injury-may-be-severe-when-to-seek-immediate-medical-care,Emergency responders arrived at 6:13 a.m. and found two individuals already out of the vehicle,boiler-class,False,https://www.gjel.com/recognize-signs-of-severe-injury-after-accident,200,1
https://www.gjel.com/blog/man-killed-in-head-on-collision,https://www.gjel.com/four-critical-signs-your-injury-may-be-severe-when-to-seek-immediate-medical-care,"Moderate injuries, as categorized by the CHP, can encompass a wide range of harm,",boiler-class,False,https://www.gjel.com/recognize-signs-of-severe-injury-after-accident,200,1
https://www.gjel.com/blog/minor-injury-collision-on-big-ranch-road-in-napa,https://www.gjel.com/four-critical-signs-your-injury-may-be-severe-when-to-seek-immediate-medical-care,"Seek medical attention promptly, even if you believe your injuries are minor",boiler-class,False,https://www.gjel.com/recognize-signs-of-severe-injury-after-accident,200,1
https://www.gjel.com/blog/motorcyclist-killed-in-head-on-collision,https://www.gjel.com/four-critical-signs-your-injury-may-be-severe-when-to-seek-immediate-medical-care,"The crash, which also left the occupants of a passenger vehicle injured",boiler-class,False,https://www.gjel.com/recognize-signs-of-severe-injury-after-accident,200,1
https://www.gjel.com/blog/multi-vehicle-crash-with-fire-leaves-multiple-injured,https://www.gjel.com/four-critical-signs-your-injury-may-be-severe-when-to-seek-immediate-medical-care,Emergency medical personnel responded quickly to the scene,boiler-class,False,https://www.gjel.com/recognize-signs-of-severe-injury-after-accident,200,1
https://www.gjel.com/blog/muni-bus-collision-sends-two-to-the-hospital,https://www.gjel.com/four-critical-signs-your-injury-may-be-severe-when-to-seek-immediate-medical-care,victims do not immediately discover the full extent of their injuries,boiler-class,False,https://www.gjel.com/recognize-signs-of-severe-injury-after-accident,200,1
https://www.gjel.com/blog/oakland-car-accident-leaves-one-with-head-injury,https://www.gjel.com/four-critical-signs-your-injury-may-be-severe-when-to-seek-immediate-medical-care,The severity and permanence of your injuries,boiler-class,False,https://www.gjel.com/recognize-signs-of-severe-injury-after-accident,200,1
https://www.gjel.com/blog/oakland-traffic-accident-results-in-hospitalization,https://www.gjel.com/four-critical-signs-your-injury-may-be-severe-when-to-seek-immediate-medical-care,seek medical attention even if you don’t believe you are seriously injured,boiler-class,False,https://www.gjel.com/recognize-signs-of-severe-injury-after-accident,200,1
https://www.gjel.com/blog/on-ramp-crash-injures-victims-in-morgan-hill,https://www.gjel.com/four-critical-signs-your-injury-may-be-severe-when-to-seek-immediate-medical-care,the more severe and long-lasting your injuries,boiler-class,False,https://www.gjel.com/recognize-signs-of-severe-injury-after-accident,200,1
https://www.gjel.com/blog/one-dead-in-fiery-rollover-crash,https://www.gjel.com/four-critical-signs-your-injury-may-be-severe-when-to-seek-immediate-medical-care,require extensive and costly medical care,boiler-class,False,https://www.gjel.com/recognize-signs-of-severe-injury-after-accident,200,1
https://www.gjel.com/blog/one-injured-after-fiery-three-vehicle-crash,https://www.gjel.com/four-critical-signs-your-injury-may-be-severe-when-to-seek-immediate-medical-care,"Seek immediate medical attention, even if initial symptoms seem minor.",boiler-class,False,https://www.gjel.com/recognize-signs-of-severe-injury-after-accident,200,1
https://www.gjel.com/blog/overturned-tanker-truck-causes-major-highway-closure,https://www.gjel.com/four-critical-signs-your-injury-may-be-severe-when-to-seek-immediate-medical-care,The first critical step after any serious accident is to seek immediate medical attention,boiler-class,False,https://www.gjel.com/recognize-signs-of-severe-injury-after-accident,200,1
https://www.gjel.com/blog/passenger-suffers-head-injury-after-bus-drivers-emergency-stop,https://www.gjel.com/four-critical-signs-your-injury-may-be-severe-when-to-seek-immediate-medical-care,head injury,boiler-class,False,https://www.gjel.com/recognize-signs-of-severe-injury-after-accident,200,1
https://www.gjel.com/blog/passenger-suffers-head-injury-after-bus-drivers-emergency-stop,https://www.gjel.com/four-critical-signs-your-injury-may-be-severe-when-to-seek-immediate-medical-care,Emergency medical services responded promptly,boiler-class,False,https://www.gjel.com/recognize-signs-of-severe-injury-after-accident,200,1
https://www.gjel.com/blog/pedestrian-critically-injured-after-being-struck,https://www.gjel.com/four-critical-signs-your-injury-may-be-severe-when-to-seek-immediate-medical-care,As soon as it is safe and medically appropriate to do so,boiler-class,False,https://www.gjel.com/recognize-signs-of-severe-injury-after-accident,200,1
https://www.gjel.com/blog/pedestrian-killed-after-being-struck-by-vehicle,https://www.gjel.com/four-critical-signs-your-injury-may-be-severe-when-to-seek-immediate-medical-care,Paramedics responded to the scene and pronounced the victim dead,boiler-class,False,https://www.gjel.com/recognize-signs-of-severe-injury-after-accident,200,1
https://www.gjel.com/blog/rollover-crash-leaves-woman-seriously-injured,https://www.gjel.com/four-critical-signs-your-injury-may-be-severe-when-to-seek-immediate-medical-care,Seek emergency medical care immediately and follow all treatment recommendations,boiler-class,False,https://www.gjel.com/recognize-signs-of-severe-injury-after-accident,200,1
https://www.gjel.com/blog/teenage-passengers-escape-serious-injury-after-rollover-crash,https://www.gjel.com/four-critical-signs-your-injury-may-be-severe-when-to-seek-immediate-medical-care,"Rollover accidents often result in serious injuries, including traumatic brain injuries",boiler-class,False,https://www.gjel.com/recognize-signs-of-severe-injury-after-accident,200,1
https://www.gjel.com/blog/three-injured-in-sunday-evening-collision-in-clovis,https://www.gjel.com/four-critical-signs-your-injury-may-be-severe-when-to-seek-immediate-medical-care,When a traffic accident results in significant injuries,boiler-class,False,https://www.gjel.com/recognize-signs-of-severe-injury-after-accident,200,1
https://www.gjel.com/blog/traffic-collision-results-in-injuries-to-occupants,https://www.gjel.com/four-critical-signs-your-injury-may-be-severe-when-to-seek-immediate-medical-care,seek medical attention as soon as possible,boiler-class,False,https://www.gjel.com/recognize-signs-of-severe-injury-after-accident,200,1
https://www.gjel.com/blog/two-injured-in-multi-vehicle-accident-in-napa,https://www.gjel.com/four-critical-signs-your-injury-may-be-severe-when-to-seek-immediate-medical-care,Seek medical attention even if you don’t think you’re seriously injured,boiler-class,False,https://www.gjel.com/recognize-signs-of-severe-injury-after-accident,200,1
https://www.gjel.com/blog/two-killed-after-fatal-crash-in-elk-grove,https://www.gjel.com/four-critical-signs-your-injury-may-be-severe-when-to-seek-immediate-medical-care,The two survivors transported to local hospitals,boiler-class,False,https://www.gjel.com/recognize-signs-of-severe-injury-after-accident,200,1
https://www.gjel.com/blog/two-seriously-injured-in-single-vehicle-crash,https://www.gjel.com/four-critical-signs-your-injury-may-be-severe-when-to-seek-immediate-medical-care,Major injuries requiring extensive medical intervention,boiler-class,False,https://www.gjel.com/recognize-signs-of-severe-injury-after-accident,200,1
https://www.gjel.com/blog/two-vehicle-accident-with-injuries-in-monterey,https://www.gjel.com/four-critical-signs-your-injury-may-be-severe-when-to-seek-immediate-medical-care,Medical experts may also be called upon to document the full extent of a victim’s injuries,boiler-class,False,https://www.gjel.com/recognize-signs-of-severe-injury-after-accident,200,1
https://www.gjel.com/blog/two-vehicle-collision-accident-in-sonoma,https://www.gjel.com/four-critical-signs-your-injury-may-be-severe-when-to-seek-immediate-medical-care,"These include physical pain and suffering, emotional distress, anxiety, loss of enjoyment of life",boiler-class,False,https://www.gjel.com/recognize-signs-of-severe-injury-after-accident,200,1
https://www.gjel.com/blog/two-vehicle-collision-causes-major-injuries-in-fresno,https://www.gjel.com/four-critical-signs-your-injury-may-be-severe-when-to-seek-immediate-medical-care,The severity of the collision necessitated immediate medical attention,boiler-class,False,https://www.gjel.com/recognize-signs-of-severe-injury-after-accident,200,1
https://www.gjel.com/blog/two-vehicle-collision-in-santa-rosa-leaves-one-injured,https://www.gjel.com/four-critical-signs-your-injury-may-be-severe-when-to-seek-immediate-medical-care,Pre-existing medical conditions,boiler-class,False,https://www.gjel.com/recognize-signs-of-severe-injury-after-accident,200,1
https://www.gjel.com/blog/two-vehicle-collision-major-injuries,https://www.gjel.com/four-critical-signs-your-injury-may-be-severe-when-to-seek-immediate-medical-care,"When an injury is serious enough to require extrication, hospitalization, and extended recovery",boiler-class,False,https://www.gjel.com/recognize-signs-of-severe-injury-after-accident,200,1
https://www.gjel.com/blog/two-vehicle-traffic-collision-in-livermore,https://www.gjel.com/four-critical-signs-your-injury-may-be-severe-when-to-seek-immediate-medical-care,"Additionally, if your injuries prevent you from returning to work",boiler-class,False,https://www.gjel.com/recognize-signs-of-severe-injury-after-accident,200,1
https://www.gjel.com/blog/woman-ejected-and-killed-in-motorcycle-accident,https://www.gjel.com/four-critical-signs-your-injury-may-be-severe-when-to-seek-immediate-medical-care,The motorcycle’s driver was uninjured in the crash,boiler-class,False,https://www.gjel.com/recognize-signs-of-severe-injury-after-accident,200,1
https://www.gjel.com/case-results/downtown-oakland-hit-and-run-500k-settlement,https://www.gjel.com/four-critical-signs-your-injury-may-be-severe-when-to-seek-immediate-medical-care,The accident’s impact extended far beyond physical injuries,boiler-class,False,https://www.gjel.com/recognize-signs-of-severe-injury-after-accident,200,1
https://www.gjel.com/fresno/fresno-wrongful-death-lawyers,https://www.gjel.com/fresno/wrongful-death-lawyer,Fresno wrongful death lawyer,boiler-class,False,https://www.gjel.com/fresno/fresno-wrongful-death-lawyers,200,1
https://www.gjel.com/wrongful-death-lawyers/proving-case,https://www.gjel.com/fresno/wrongful-death-lawyer,Fresno Wrongful Death Law Office,boiler-class,False,https://www.gjel.com/fresno/fresno-wrongful-death-lawyers,200,1
https://www.gjel.com/wrongful-death-lawyers/the-role-of-expert-witnesses,https://www.gjel.com/fresno/wrongful-death-lawyer,Fresno,boiler-class,False,https://www.gjel.com/fresno/fresno-wrongful-death-lawyers,200,1
https://www.gjel.com/motorcycle-accident-lawyers,https://www.gjel.com/gjel.com/blog/400k-motorcycle-knee-injury-settlement,"$400,000 motorcycle knee injury settlement",content,False,https://www.gjel.com/archives/400k-motorcycle-knee-injury-settlement,200,1
https://www.gjel.com/broken-bones-lawyer,https://www.gjel.com/gjel.com/blog/bicycle-accident-settlement-in-santa-clara-county,$100K bicycle settlement with facial and rib fractures Example of policy limits and medical documentation.,content,False,https://www.gjel.com/archives/bicycle-accident-settlement-in-santa-clara-county,200,1
https://www.gjel.com/california-bicycle-accident-lawyers,https://www.gjel.com/gjel.com/blog/bicycle-accident-settlement-in-santa-clara-county,"$100,000 bicycle crash settlement in Santa Clara County — strategy and outcome.",content,False,https://www.gjel.com/archives/bicycle-accident-settlement-in-santa-clara-county,200,1
https://www.gjel.com/headlines,https://www.gjel.com/headlines/gjel-news-center-consumer-library-we-welcome-your-input,[empty],content,False,https://www.gjel.com/blog,200,1
https://www.gjel.com/headlines,https://www.gjel.com/headlines/gjel-news-center-consumer-library-we-welcome-your-input,GJEL News Center Consumer Library: We Welcome Your Input,content,False,https://www.gjel.com/blog,200,1
https://www.gjel.com/sitemap,https://www.gjel.com/headlines/gjel-news-center-consumer-library-we-welcome-your-input,GJEL News Center Consumer Library: We Welcome Your Input,boiler-class,False,https://www.gjel.com/blog,200,1
https://www.gjel.com/sitemap-2,https://www.gjel.com/headlines/gjel-news-center-consumer-library-we-welcome-your-input,GJEL News Center Consumer Library: We Welcome Your Input,boiler-class,False,https://www.gjel.com/blog,200,1
https://www.gjel.com/headlines,https://www.gjel.com/headlines/traffic-congestion-crossing-richmond-san-rafael-bridge,[empty],content,False,https://www.gjel.com/blog,200,1
https://www.gjel.com/headlines,https://www.gjel.com/headlines/traffic-congestion-crossing-richmond-san-rafael-bridge,Will a Third Westbound Lane Solve Traffic Congestion crossing the Richmond-San Rafael Bridge?,content,False,https://www.gjel.com/blog,200,1
https://www.gjel.com/sitemap,https://www.gjel.com/headlines/traffic-congestion-crossing-richmond-san-rafael-bridge,Will a Third Westbound Lane Solve Traffic Congestion crossing the Richmond-San Rafael Bridge?,boiler-class,False,https://www.gjel.com/blog,200,1
https://www.gjel.com/sitemap-2,https://www.gjel.com/headlines/traffic-congestion-crossing-richmond-san-rafael-bridge,Will a Third Westbound Lane Solve Traffic Congestion crossing the Richmond-San Rafael Bridge?,boiler-class,False,https://www.gjel.com/blog,200,1
https://www.gjel.com/sitemap,https://www.gjel.com/insurance,Personal Injury Lawsuits Against Insurance Companies,boiler-class,False,https://www.gjel.com/blog,200,1
https://www.gjel.com/sitemap-2,https://www.gjel.com/insurance,Personal Injury Lawsuits Against Insurance Companies,boiler-class,False,https://www.gjel.com/blog,200,1
https://www.gjel.com/sitemap,https://www.gjel.com/insurance/aaa-csaa,Personal Injury Lawsuits against AAA California Insurance,boiler-class,False,https://www.gjel.com/blog,200,1
https://www.gjel.com/sitemap-2,https://www.gjel.com/insurance/aaa-csaa,Personal Injury Lawsuits against AAA California Insurance,boiler-class,False,https://www.gjel.com/blog,200,1
https://www.gjel.com/winning-car-accident-results/car-accident-with-traumatic-brain-injury-settlement,https://www.gjel.com/insurance/aaa-csaa,CSAA,boiler-class,False,https://www.gjel.com/blog,200,1
https://www.gjel.com/winning-car-accident-results/car-accident-with-traumatic-brain-injury-settlement,https://www.gjel.com/insurance/aaa-csaa,CSAA,boiler-class,False,https://www.gjel.com/blog,200,1
https://www.gjel.com/winning-car-accident-results/husband-and-wife-awarded-insurance-policy-limits,https://www.gjel.com/insurance/aaa-csaa,CSAA,boiler-class,False,https://www.gjel.com/blog,200,1
https://www.gjel.com/winning-car-accident-results/family-awarded-wrongful-death-settlement-dublin,https://www.gjel.com/insurance/farmers,Farmers Insurance Company,boiler-class,False,https://www.gjel.com/oakland,200,1
https://www.gjel.com/archives/rear-end-settlement-100k-in-oakley,https://www.gjel.com/insurance/geico,Geico Insurance,boiler-class,False,https://www.gjel.com/blog,200,1
https://www.gjel.com/sitemap,https://www.gjel.com/insurance/geico,Personal Injury Lawsuits & Settlements Against GEICO Insurance,boiler-class,False,https://www.gjel.com/blog,200,1
https://www.gjel.com/sitemap-2,https://www.gjel.com/insurance/geico,Personal Injury Lawsuits & Settlements Against GEICO Insurance,boiler-class,False,https://www.gjel.com/blog,200,1
https://www.gjel.com/verdicts/300000-settlement-for-car-accident-in-oakland,https://www.gjel.com/insurance/geico,Geico,boiler-class,False,https://www.gjel.com/blog,200,1
https://www.gjel.com/verdicts/motorcycle-accident-in-san-leandro,https://www.gjel.com/insurance/geico,Geico Automobile Insurance,boiler-class,False,https://www.gjel.com/blog,200,1
https://www.gjel.com/verdicts/two-vehicle-rear-end-collision-settlement,https://www.gjel.com/insurance/geico,Geico Insurance,boiler-class,False,https://www.gjel.com/blog,200,1
https://www.gjel.com/winning-car-accident-results/bicycle-accident-settlement,https://www.gjel.com/insurance/geico,Geico,boiler-class,False,https://www.gjel.com/blog,200,1
https://www.gjel.com/winning-car-accident-results/traumatic-brain-injury-and-spinal-cord-injury-settlement,https://www.gjel.com/insurance/geico,GEICO,boiler-class,False,https://www.gjel.com/blog,200,1
https://www.gjel.com/winning-car-accident-results/traumatic-brain-injury-and-spinal-cord-injury-settlement,https://www.gjel.com/insurance/geico,GEICO,boiler-class,False,https://www.gjel.com/blog,200,1
https://www.gjel.com/sitemap,https://www.gjel.com/insurance/hartford-insurance-claim-lawyer,Hartford Insurance Claims: Hartford Personal Injury Lawyers,boiler-class,False,https://www.gjel.com/blog,200,1
https://www.gjel.com/sitemap-2,https://www.gjel.com/insurance/hartford-insurance-claim-lawyer,Hartford Insurance Claims: Hartford Personal Injury Lawyers,boiler-class,False,https://www.gjel.com/blog,200,1
https://www.gjel.com/amputation-injury-lawyers,https://www.gjel.com/insurance/lawsuits,insurance company,content,False,https://www.gjel.com/blog,200,1
https://www.gjel.com/sitemap,https://www.gjel.com/insurance/lawsuits,Personal Injury Lawsuits against California Insurance Companies,boiler-class,False,https://www.gjel.com/blog,200,1
https://www.gjel.com/sitemap-2,https://www.gjel.com/insurance/lawsuits,Personal Injury Lawsuits against California Insurance Companies,boiler-class,False,https://www.gjel.com/blog,200,1
https://www.gjel.com/settlements/wrongful-death-settlement,https://www.gjel.com/insurance/state-farm,State Farm,boiler-class,False,https://www.gjel.com/blog,200,1
https://www.gjel.com/sitemap,https://www.gjel.com/insurance/state-farm,Personal Injury Lawsuits & Settlements Against State Farm Insurance,boiler-class,False,https://www.gjel.com/blog,200,1
https://www.gjel.com/sitemap-2,https://www.gjel.com/insurance/state-farm,Personal Injury Lawsuits & Settlements Against State Farm Insurance,boiler-class,False,https://www.gjel.com/blog,200,1
https://www.gjel.com/verdicts/pedestrian-accident-attorney-richmond-settlement,https://www.gjel.com/insurance/state-farm,State Farm,boiler-class,False,https://www.gjel.com/blog,200,1
https://www.gjel.com/,https://www.gjel.com/locations/,View  All Offices,content,False,https://www.gjel.com/locations,200,1
https://www.gjel.com/sitemap,https://www.gjel.com/mock-trial-scholarship,Mock Trial ScholarshipS,boiler-class,False,https://www.gjel.com/mocktrial,200,1
https://www.gjel.com/sitemap-2,https://www.gjel.com/mock-trial-scholarship,Mock Trial ScholarshipS,boiler-class,False,https://www.gjel.com/mocktrial,200,1
https://www.gjel.com/mocktrial,https://www.gjel.com/mocktrial/california-mock-trial-qa-with-luke-ellis,[empty],content,False,https://www.gjel.com/blog,200,1
https://www.gjel.com/mocktrial,https://www.gjel.com/mocktrial/california-mock-trial-qa-with-luke-ellis,California Mock Trial Q&A With Luke Ellis,content,False,https://www.gjel.com/blog,200,1
https://www.gjel.com/sitemap,https://www.gjel.com/mocktrial/california-mock-trial-qa-with-luke-ellis,California Mock Trial Q&A With Luke Ellis,boiler-class,False,https://www.gjel.com/blog,200,1
https://www.gjel.com/sitemap-2,https://www.gjel.com/mocktrial/california-mock-trial-qa-with-luke-ellis,California Mock Trial Q&A With Luke Ellis,boiler-class,False,https://www.gjel.com/blog,200,1
https://www.gjel.com/mocktrial,https://www.gjel.com/mocktrial/defense-checklist,[empty],content,False,https://www.gjel.com/blog,200,1
https://www.gjel.com/mocktrial,https://www.gjel.com/mocktrial/defense-checklist,Defense Checklist,content,False,https://www.gjel.com/blog,200,1
https://www.gjel.com/sitemap,https://www.gjel.com/mocktrial/defense-checklist,Defense Checklist,boiler-class,False,https://www.gjel.com/blog,200,1
https://www.gjel.com/sitemap-2,https://www.gjel.com/mocktrial/defense-checklist,Defense Checklist,boiler-class,False,https://www.gjel.com/blog,200,1
https://www.gjel.com/mocktrial,https://www.gjel.com/mocktrial/prosecution-checklist,[empty],content,False,https://www.gjel.com/blog,200,1
https://www.gjel.com/mocktrial,https://www.gjel.com/mocktrial/prosecution-checklist,Prosecution Checklist,content,False,https://www.gjel.com/blog,200,1
https://www.gjel.com/sitemap,https://www.gjel.com/mocktrial/prosecution-checklist,Prosecution Checklist,boiler-class,False,https://www.gjel.com/blog,200,1
https://www.gjel.com/sitemap-2,https://www.gjel.com/mocktrial/prosecution-checklist,Prosecution Checklist,boiler-class,False,https://www.gjel.com/blog,200,1
https://www.gjel.com/about/community-involvement,https://www.gjel.com/news/gjel-summer-internship-program,GJEL Summer Internship Program,boiler-class,False,https://www.gjel.com/blog,200,1
https://www.gjel.com/news,https://www.gjel.com/news/how-do-i-afford-to-pay-my-air-ambulance-bill,[empty],content,False,https://www.gjel.com/blog,200,1
https://www.gjel.com/news,https://www.gjel.com/news/how-do-i-afford-to-pay-my-air-ambulance-bill,How Do I Afford to Pay My Air Ambulance Bill?,content,False,https://www.gjel.com/blog,200,1
https://www.gjel.com/sitemap,https://www.gjel.com/news/how-do-i-afford-to-pay-my-air-ambulance-bill,How Do I Afford to Pay My Air Ambulance Bill?,boiler-class,False,https://www.gjel.com/blog,200,1
https://www.gjel.com/sitemap-2,https://www.gjel.com/news/how-do-i-afford-to-pay-my-air-ambulance-bill,How Do I Afford to Pay My Air Ambulance Bill?,boiler-class,False,https://www.gjel.com/blog,200,1
https://www.gjel.com/legal-dictionary,https://www.gjel.com/news/insurance-fraud-complaints,[empty],content,False,https://www.gjel.com/blog,200,1
https://www.gjel.com/legal-dictionary,https://www.gjel.com/news/insurance-fraud-complaints,Where to File Insurance Complaints in 2024,content,False,https://www.gjel.com/blog,200,1
https://www.gjel.com/news,https://www.gjel.com/news/insurance-fraud-complaints,[empty],content,False,https://www.gjel.com/blog,200,1
https://www.gjel.com/news,https://www.gjel.com/news/insurance-fraud-complaints,Where to File Insurance Complaints in 2024,content,False,https://www.gjel.com/blog,200,1
https://www.gjel.com/sitemap,https://www.gjel.com/news/insurance-fraud-complaints,Where to File Insurance Complaints in 2024,boiler-class,False,https://www.gjel.com/blog,200,1
https://www.gjel.com/sitemap-2,https://www.gjel.com/news/insurance-fraud-complaints,Where to File Insurance Complaints in 2024,boiler-class,False,https://www.gjel.com/blog,200,1
https://www.gjel.com/legal-dictionary,https://www.gjel.com/news/legal-dictionary,[empty],content,False,https://www.gjel.com/blog,200,1
https://www.gjel.com/legal-dictionary,https://www.gjel.com/news/legal-dictionary,GJEL Legal Dictionary,content,False,https://www.gjel.com/blog,200,1
https://www.gjel.com/sitemap,https://www.gjel.com/news/legal-dictionary,GJEL Legal Dictionary,boiler-class,False,https://www.gjel.com/blog,200,1
https://www.gjel.com/sitemap-2,https://www.gjel.com/news/legal-dictionary,GJEL Legal Dictionary,boiler-class,False,https://www.gjel.com/blog,200,1
https://www.gjel.com/archives/new-distracted-driving-gizmo-could-make-it-easier-to-text,https://www.gjel.com/news/preventing-car-accidents-tech,technological solutions for safe driving,boiler-class,False,https://www.gjel.com/blog,200,1
https://www.gjel.com/blog/largest-class-action-settlements,https://www.gjel.com/news/social-media-tips-for-personal-injury-plaintiffs,know by posting a comment here or on one of our social media,boiler-class,False,https://www.gjel.com/blog,200,1
https://www.gjel.com/legal-dictionary,https://www.gjel.com/news/social-media-tips-for-personal-injury-plaintiffs,[empty],content,False,https://www.gjel.com/blog,200,1
https://www.gjel.com/legal-dictionary,https://www.gjel.com/news/social-media-tips-for-personal-injury-plaintiffs,Social Media and Your Personal Injury Case: Tips & What You Need to Know,content,False,https://www.gjel.com/blog,200,1
https://www.gjel.com/news,https://www.gjel.com/news/social-media-tips-for-personal-injury-plaintiffs,[empty],content,False,https://www.gjel.com/blog,200,1
https://www.gjel.com/news,https://www.gjel.com/news/social-media-tips-for-personal-injury-plaintiffs,Social Media and Your Personal Injury Case: Tips & What You Need to Know,content,False,https://www.gjel.com/blog,200,1
https://www.gjel.com/san-francisco/what-to-do-after-accidents,https://www.gjel.com/news/social-media-tips-for-personal-injury-plaintiffs,Be mindful of what you post online,boiler-class,False,https://www.gjel.com/blog,200,1
https://www.gjel.com/sitemap,https://www.gjel.com/news/social-media-tips-for-personal-injury-plaintiffs,Social Media and Your Personal Injury Case: Tips & What You Need to Know,boiler-class,False,https://www.gjel.com/blog,200,1
https://www.gjel.com/sitemap-2,https://www.gjel.com/news/social-media-tips-for-personal-injury-plaintiffs,Social Media and Your Personal Injury Case: Tips & What You Need to Know,boiler-class,False,https://www.gjel.com/blog,200,1
https://www.gjel.com/why-californians-shouldnt-wait-to-talk-to-a-personal-injury-attorney-after-an-accident,https://www.gjel.com/news/social-media-tips-for-personal-injury-plaintiffs,accident to file a lawsuit,boiler-class,False,https://www.gjel.com/blog,200,1
https://www.gjel.com/sitemap,https://www.gjel.com/news/teens-and-auto-insurance-quiz,Teens and Auto Insurance Quiz,boiler-class,False,https://www.gjel.com/blog,200,1
https://www.gjel.com/sitemap-2,https://www.gjel.com/news/teens-and-auto-insurance-quiz,Teens and Auto Insurance Quiz,boiler-class,False,https://www.gjel.com/blog,200,1
https://www.gjel.com/damages-against-deceased-defendants,https://www.gjel.com/news/what-does-litigation-mean-in-a-personal-injury-case,litigation,boiler-class,False,https://www.gjel.com/blog,200,1
https://www.gjel.com/sitemap,https://www.gjel.com/news/what-does-litigation-mean-in-a-personal-injury-case,What does litigation mean in a personal injury case?,boiler-class,False,https://www.gjel.com/blog,200,1
https://www.gjel.com/sitemap-2,https://www.gjel.com/news/what-does-litigation-mean-in-a-personal-injury-case,What does litigation mean in a personal injury case?,boiler-class,False,https://www.gjel.com/blog,200,1
https://www.gjel.com/sitemap,https://www.gjel.com/oakland/car-accident,Oakland Car Accident Lawyers That Fight For You,boiler-class,False,https://www.gjel.com/oakland,200,1
https://www.gjel.com/sitemap-2,https://www.gjel.com/oakland/car-accident,Oakland Car Accident Lawyers That Fight For You,boiler-class,False,https://www.gjel.com/oakland,200,1
https://www.gjel.com/wrongful-death-lawyers/proving-case,https://www.gjel.com/oakland/wrongful-death-attorney,Oakland Wrongful Death Office,boiler-class,False,https://www.gjel.com/oakland/wrongful-death-lawyers,200,1
https://www.gjel.com/wrongful-death-lawyers/understanding-damages,https://www.gjel.com/oakland/wrongful-death-attorney,Oakland Wrongful Death Lawyers,boiler-class,False,https://www.gjel.com/oakland/wrongful-death-lawyers,200,1
https://www.gjel.com/wrongful-death-lawyers/understanding-wrongful-death-claim-california,https://www.gjel.com/oakland/wrongful-death-attorney,Attorneys handle wrongful death,boiler-class,False,https://www.gjel.com/oakland/wrongful-death-lawyers,200,1
https://www.gjel.com/wrongful-death-lawyers/wrongful-death-recovery-divorced-parents,https://www.gjel.com/oakland/wrongful-death-attorney,wrongful death,boiler-class,False,https://www.gjel.com/oakland/wrongful-death-lawyers,200,1
https://www.gjel.com/brain-injury-lawyers/5-common-mistakes-to-avoid-when-filing-a-california-brain-injury-claim,https://www.gjel.com/pleasanton/brain-injury-attorney,Pleasanton Brain Injury Office,boiler-class,False,https://www.gjel.com/pleasanton,200,1
https://www.gjel.com/brain-injury-lawyers/can-you-get-a-concussion-without-hitting-your-head,https://www.gjel.com/pleasanton/brain-injury-attorney,Pleasanton Brain Injury Office,boiler-class,False,https://www.gjel.com/pleasanton,200,1
https://www.gjel.com/brain-injury-lawyers/compensation-traumatic-brain-injury-semi-truck-accident,https://www.gjel.com/pleasanton/brain-injury-attorney,Pleasanton Brain Injury Office,boiler-class,False,https://www.gjel.com/pleasanton,200,1
https://www.gjel.com/brain-injury-lawyers/coping-with-the-long-term-effects-of-traumatic-brain-injury,https://www.gjel.com/pleasanton/brain-injury-attorney,Pleasanton Brain Injury Office,boiler-class,False,https://www.gjel.com/pleasanton,200,1
https://www.gjel.com/brain-injury-lawyers/do-traumatic-brain-injuries-change-your-personality,https://www.gjel.com/pleasanton/brain-injury-attorney,Pleasanton Brain Injury Office,boiler-class,False,https://www.gjel.com/pleasanton,200,1
https://www.gjel.com/brain-injury-lawyers/does-a-brain-injury-increase-the-risk-of-stroke,https://www.gjel.com/pleasanton/brain-injury-attorney,Pleasanton Brain Injury Office,boiler-class,False,https://www.gjel.com/pleasanton,200,1
https://www.gjel.com/brain-injury-lawyers/four-post-concussion-syndrome-symptoms-to-watch-for-after-an-accident,https://www.gjel.com/pleasanton/brain-injury-attorney,Pleasanton Brain Injury Office,boiler-class,False,https://www.gjel.com/pleasanton,200,1
https://www.gjel.com/brain-injury-lawyers/how-common-are-traumatic-brain-injuries-in-california,https://www.gjel.com/pleasanton/brain-injury-attorney,Pleasanton Brain Injury Office,boiler-class,False,https://www.gjel.com/pleasanton,200,1
https://www.gjel.com/brain-injury-lawyers/how-do-you-know-if-you-have-a-concussion,https://www.gjel.com/pleasanton/brain-injury-attorney,Pleasanton Brain Injury Office,boiler-class,False,https://www.gjel.com/pleasanton,200,1
https://www.gjel.com/brain-injury-lawyers/how-long-do-you-have-to-file-a-brain-injury-claim-after-a-car-accident,https://www.gjel.com/pleasanton/brain-injury-attorney,Pleasanton Brain Injury Office,boiler-class,False,https://www.gjel.com/pleasanton,200,1
https://www.gjel.com/brain-injury-lawyers/how-to-build-a-strong-case-for-a-brain-injury-lawsuit-in-california,https://www.gjel.com/pleasanton/brain-injury-attorney,Pleasanton Brain Injury Office,boiler-class,False,https://www.gjel.com/pleasanton,200,1
https://www.gjel.com/brain-injury-lawyers/how-to-get-compensation-for-a-brain-injury-from-a-car-accident,https://www.gjel.com/pleasanton/brain-injury-attorney,Pleasanton Brain Injury Office,boiler-class,False,https://www.gjel.com/pleasanton,200,1
https://www.gjel.com/brain-injury-lawyers/most-common-types-of-traumatic-brain-injury,https://www.gjel.com/pleasanton/brain-injury-attorney,Pleasanton Brain Injury Office,boiler-class,False,https://www.gjel.com/pleasanton,200,1
https://www.gjel.com/brain-injury-lawyers/non-traumatic-brain-injury-claims,https://www.gjel.com/pleasanton/brain-injury-attorney,Pleasanton Brain Injury Office,boiler-class,False,https://www.gjel.com/pleasanton,200,1
https://www.gjel.com/brain-injury-lawyers/seven-common-myths-about-brain-injury,https://www.gjel.com/pleasanton/brain-injury-attorney,Pleasanton Brain Injury Office,boiler-class,False,https://www.gjel.com/pleasanton,200,1
https://www.gjel.com/brain-injury-lawyers/should-i-consider-finding-a-life-care-planner-following-a-brain-injury,https://www.gjel.com/pleasanton/brain-injury-attorney,Pleasanton Brain Injury Office,boiler-class,False,https://www.gjel.com/pleasanton,200,1
https://www.gjel.com/brain-injury-lawyers/the-ten-brain-injury-symptoms-you-shouldnt-ignore,https://www.gjel.com/pleasanton/brain-injury-attorney,Pleasanton Brain Injury Office,boiler-class,False,https://www.gjel.com/pleasanton,200,1
https://www.gjel.com/brain-injury-lawyers/what-are-the-different-types-of-concussion,https://www.gjel.com/pleasanton/brain-injury-attorney,Pleasanton Brain Injury Office,boiler-class,False,https://www.gjel.com/pleasanton,200,1
https://www.gjel.com/brain-injury-lawyers/what-is-tbi,https://www.gjel.com/pleasanton/brain-injury-attorney,Pleasanton Brain Injury Office,boiler-class,False,https://www.gjel.com/pleasanton,200,1
https://www.gjel.com/brain-injury-lawyers/what-is-the-risk-of-death-after-a-brain-injury,https://www.gjel.com/pleasanton/brain-injury-attorney,Pleasanton Brain Injury Office,boiler-class,False,https://www.gjel.com/pleasanton,200,1
https://www.gjel.com/brain-injury-lawyers/what-qualities-should-you-look-for-in-a-brain-injury-attorney,https://www.gjel.com/pleasanton/brain-injury-attorney,Pleasanton Brain Injury Office,boiler-class,False,https://www.gjel.com/pleasanton,200,1
https://www.gjel.com/brain-injury-lawyers/what-to-do-if-you-suffer-brain-injury-from-a-fall,https://www.gjel.com/pleasanton/brain-injury-attorney,Pleasanton Brain Injury Office,boiler-class,False,https://www.gjel.com/pleasanton,200,1
https://www.gjel.com/brain-injury-lawyers/will-i-be-able-to-drive-in-california-after-a-brain-injury,https://www.gjel.com/pleasanton/brain-injury-attorney,Pleasanton Brain Injury Office,boiler-class,False,https://www.gjel.com/pleasanton,200,1
https://www.gjel.com/richmond/richmond-scooter-accident-lawyers,https://www.gjel.com/richmond/,Richmond Car Accident Attorneys,nav,False,https://www.gjel.com/richmond,200,1
https://www.gjel.com/brain-injury-lawyers,https://www.gjel.com/richmond/brain-injury-lawyers-gjel,Richmond brain injury lawyers,content,False,https://www.gjel.com/richmond/brain-injury-lawyers,200,1
https://www.gjel.com/brain-injury-lawyers/concussion-injuries,https://www.gjel.com/richmond/brain-injury-lawyers-gjel,Brain Injury Lawyers in Richmond,nav,False,https://www.gjel.com/richmond/brain-injury-lawyers,200,1
https://www.gjel.com/sitemap,https://www.gjel.com/san-francisco-2,San Francisco Car Accident Attorneys & Personal Injury Attorneys,boiler-class,False,https://www.gjel.com/san-francisco,200,1
https://www.gjel.com/sitemap-2,https://www.gjel.com/san-francisco-2,San Francisco Car Accident Attorneys & Personal Injury Attorneys,boiler-class,False,https://www.gjel.com/san-francisco,200,1
https://www.gjel.com/sitemap,https://www.gjel.com/san-francisco/link-between-speeding-car-accidents,The Link Between Speeding and Car Accidents in San Francisco,boiler-class,False,https://www.gjel.com/,200,1
https://www.gjel.com/sitemap-2,https://www.gjel.com/san-francisco/link-between-speeding-car-accidents,The Link Between Speeding and Car Accidents in San Francisco,boiler-class,False,https://www.gjel.com/,200,1
https://www.gjel.com/sitemap,https://www.gjel.com/san-francisco/rear-end-accidents,Rear-End Car Accidents in San Francisco: Understanding Your Injury Rights,boiler-class,False,https://www.gjel.com/car-accident-lawyers/rear-end-car-accidents,200,1
https://www.gjel.com/sitemap-2,https://www.gjel.com/san-francisco/rear-end-accidents,Rear-End Car Accidents in San Francisco: Understanding Your Injury Rights,boiler-class,False,https://www.gjel.com/car-accident-lawyers/rear-end-car-accidents,200,1
https://www.gjel.com/san-francisco/brain-injury-attorney,https://www.gjel.com/san-francisco/scooter-accidents,San Francisco scooter accidents,boiler-class,False,https://www.gjel.com/antioch/scooter-accidents,200,1
https://www.gjel.com/sitemap,https://www.gjel.com/san-jose/car-accident,San Jose Car Accident Lawyer | GJEL Accident Attorneys,boiler-class,False,https://www.gjel.com/san-jose,200,1
https://www.gjel.com/sitemap-2,https://www.gjel.com/san-jose/car-accident,San Jose Car Accident Lawyer | GJEL Accident Attorneys,boiler-class,False,https://www.gjel.com/san-jose,200,1
https://www.gjel.com/sitemap,https://www.gjel.com/san-jose/car-accident/fatal-car-accidents,Fatal Car Accidents in San Jose,boiler-class,False,https://www.gjel.com/san-jose,200,1
https://www.gjel.com/sitemap-2,https://www.gjel.com/san-jose/car-accident/fatal-car-accidents,Fatal Car Accidents in San Jose,boiler-class,False,https://www.gjel.com/san-jose,200,1
https://www.gjel.com/verdicts-settlements,https://www.gjel.com/santa-clara-county-wrongful-death-case,[empty],boiler-class,False,https://www.gjel.com/blog,200,1
https://www.gjel.com/wrongful-death-lawyers/settlements,https://www.gjel.com/santa-clara-county-wrongful-death-case,[empty],boiler-class,False,https://www.gjel.com/blog,200,1
https://www.gjel.com/sitemap,https://www.gjel.com/sexual-assault-on-college-campuses,Sexual Assault on College Campuses,boiler-class,False,https://www.gjel.com/sexual-assault-on-college-campuses,LOOP,1
https://www.gjel.com/sitemap-2,https://www.gjel.com/sexual-assault-on-college-campuses,Sexual Assault on College Campuses,boiler-class,False,https://www.gjel.com/sexual-assault-on-college-campuses,LOOP,1
https://www.gjel.com/florida-car-accident-lawyer-hire-after-accident,https://www.gjel.com/should-i-get-a-lawyer-after-a-car-accident-in-florida,experienced car accident attorney,boiler-class,False,https://www.gjel.com/car-accident-lawyers/when-should-you-call-a-lawyer-after-a-car-accident,200,1
https://www.gjel.com/sitemap,https://www.gjel.com/slip-fall-lawyers,CALIFORNIA SLIP AND FALL ACCIDENT LAWYER TO WIN YOUR CASE,boiler-class,False,https://www.gjel.com/practice,200,1
https://www.gjel.com/sitemap-2,https://www.gjel.com/slip-fall-lawyers,CALIFORNIA SLIP AND FALL ACCIDENT LAWYER TO WIN YOUR CASE,boiler-class,False,https://www.gjel.com/practice,200,1
https://www.gjel.com/sitemap,https://www.gjel.com/slip-fall-lawyers/store-injury,STORE INJURY SETTLEMENTS – WHAT TO DO IF YOU SLIP AND FALL IN A STORE,boiler-class,False,https://www.gjel.com/practice,200,1
https://www.gjel.com/sitemap-2,https://www.gjel.com/slip-fall-lawyers/store-injury,STORE INJURY SETTLEMENTS – WHAT TO DO IF YOU SLIP AND FALL IN A STORE,boiler-class,False,https://www.gjel.com/practice,200,1
https://www.gjel.com/sitemap,https://www.gjel.com/spinal-cord-injury-attorney,Spinal Cord Injury Attorneys,boiler-class,False,https://www.gjel.com/verdicts/traumatic-brain-injury-and-spinal-cord-injury-settlement,200,1
https://www.gjel.com/sitemap-2,https://www.gjel.com/spinal-cord-injury-attorney,Spinal Cord Injury Attorneys,boiler-class,False,https://www.gjel.com/verdicts/traumatic-brain-injury-and-spinal-cord-injury-settlement,200,1
https://www.gjel.com/sitemap,https://www.gjel.com/stockton/stockton-car-accident-attorneys,Stockton Car Accident Attorneys,boiler-class,False,https://www.gjel.com/stockton,200,1
https://www.gjel.com/sitemap-2,https://www.gjel.com/stockton/stockton-car-accident-attorneys,Stockton Car Accident Attorneys,boiler-class,False,https://www.gjel.com/stockton,200,1
https://www.gjel.com/,https://www.gjel.com/testimonials-reviews/,See more client reviews,content,False,https://www.gjel.com/testimonials-reviews,200,1
https://www.gjel.com/truck-accident-lawyers/logging-truck-accident,https://www.gjel.com/truck-accident-lawyers/logging-truck-accidenthttps://www.gjel.com/crush-injury-settlement-calculator,Logging Truck Accident Settlement Calculator,content,False,https://www.gjel.com/crush-injury-settlement-calculator,200,1
https://www.gjel.com/truck-accident-lawyers/tips-avoid-rollovers,https://www.gjel.com/truck-accident-lawyers/logging-truck-accidenthttps://www.gjel.com/crush-injury-settlement-calculator,Logging Truck Accident Settlement Calculator,boiler-class,False,https://www.gjel.com/crush-injury-settlement-calculator,200,1
https://www.gjel.com/truck-accident-lawyers/truck-driver-fatigue,https://www.gjel.com/truck-accident-lawyers/logging-truck-accidenthttps://www.gjel.com/crush-injury-settlement-calculator,Logging Truck Accident Settlement Calculator,boiler-class,False,https://www.gjel.com/crush-injury-settlement-calculator,200,1
https://www.gjel.com/truck-accident-lawyers/what-causes-trucks-to-jackknife,https://www.gjel.com/truck-accident-lawyers/logging-truck-accidenthttps://www.gjel.com/crush-injury-settlement-calculator,Logging Truck Accident Settlement Calculator,boiler-class,False,https://www.gjel.com/crush-injury-settlement-calculator,200,1
https://www.gjel.com/truck-accident-lawyers/what-is-an-underride-crash,https://www.gjel.com/truck-accident-lawyers/logging-truck-accidenthttps://www.gjel.com/crush-injury-settlement-calculator,Logging Truck Accident Settlement Calculator,boiler-class,False,https://www.gjel.com/crush-injury-settlement-calculator,200,1
https://www.gjel.com/verdicts-settlements,https://www.gjel.com/verdicts/6-225-million-for-family-of-motorcyclist-killed-by-farm-tractor,[empty],boiler-class,False,https://www.gjel.com/verdicts/wrongful-death-motorcycle-accident-settlement-6-2-million,200,1
https://www.gjel.com/brain-injury-lawyers,https://www.gjel.com/verdicts/fracture-and-traumatic-brain-injury-settlement-recovery,View Case,content,False,https://www.gjel.com/verdicts/accident-settlement-tbi-pedestrian-case-study,200,1
https://www.gjel.com/verdicts-settlements,https://www.gjel.com/verdicts/westman,[empty],boiler-class,False,https://www.gjel.com/verdicts-settlements,200,1
https://www.gjel.com/antioch/wrongful-death-lawyers-antioch,https://www.gjel.com/walnut-creek/wrongful-death-attorney,Walnut Creek wrongful death attorneys,boiler-class,False,https://www.gjel.com/walnut-creek,200,1
https://www.gjel.com/,https://www.gjel.com/why-choose-us/,Why Choose Us?,content,False,https://www.gjel.com/why-choose-us,200,1
